cell_id,method_id,seed,population_id,mode,evaluator,team_return,expected_intervention_cost,actual_confusion_loss,residual_bayes_risk,decision_utilization_gap,total_regret,policy_dri,probe_probability,expected_commitment_time,identity_mutual_information_bits,decision_signature_mutual_information_bits,active_frontier_distance,oracle_normalized_return,response_signature_accuracy,belief_brier_score,expected_calibration_error,partner_response_prediction_loss,commitment_time_distribution,applicability_flags
no_identification_needed,mlp_ppo,2001,binary-role-allocation--no_identification_needed--identity,greedy,exact_neural_policy_tree,100.0,0.0,0.0,0.0,0.0,0.0,,0.0,0.0,0.0,0.0,0.0,,,,,,{'0': 1.0},"{'policy_dri': False, 'active_frontier_distance': True, 'oracle_normalized_return': False, 'response_signature_accuracy': False, 'belief_calibration': False, 'partner_response_prediction_loss': False}"
no_identification_needed,mlp_ppo,2001,binary-role-allocation--no_identification_needed--identity,stochastic,exact_neural_policy_tree,99.98758304511803,0.0024569196352759344,0.009960035246695021,0.0,0.009960035246695021,0.012416954881970955,,0.0004913839270551869,0.011874355454404434,0.0,0.0,6.142299088189837e-05,,,,,,"{'0': 0.9882246940978803, '1': 0.011676397346931678, '2': 9.897905373637837e-05}","{'policy_dri': False, 'active_frontier_distance': True, 'oracle_normalized_return': False, 'response_signature_accuracy': False, 'belief_calibration': False, 'partner_response_prediction_loss': False}"
no_identification_needed,mlp_ppo,2002,binary-role-allocation--no_identification_needed--identity,greedy,exact_neural_policy_tree,100.0,0.0,0.0,0.0,0.0,0.0,,0.0,0.0,0.0,0.0,0.0,,,,,,{'0': 1.0},"{'policy_dri': False, 'active_frontier_distance': True, 'oracle_normalized_return': False, 'response_signature_accuracy': False, 'belief_calibration': False, 'partner_response_prediction_loss': False}"
no_identification_needed,mlp_ppo,2002,binary-role-allocation--no_identification_needed--identity,stochastic,exact_neural_policy_tree,99.9847096604036,0.0029663293431990423,0.01232401025321181,0.0,0.01232401025321181,0.015290339596410853,,0.0005932658686398085,0.003805332210609567,0.0,0.0,7.415823357997606e-05,,,,,,"{'0': 0.9962247815565206, '1': 0.00374518223318239, '2': 3.0074988713588524e-05}","{'policy_dri': False, 'active_frontier_distance': True, 'oracle_normalized_return': False, 'response_signature_accuracy': False, 'belief_calibration': False, 'partner_response_prediction_loss': False}"
no_identification_needed,mlp_ppo,2003,binary-role-allocation--no_identification_needed--identity,greedy,exact_neural_policy_tree,100.0,0.0,0.0,0.0,0.0,0.0,,0.0,0.0,0.0,0.0,0.0,,,,,,{'0': 1.0},"{'policy_dri': False, 'active_frontier_distance': True, 'oracle_normalized_return': False, 'response_signature_accuracy': False, 'belief_calibration': False, 'partner_response_prediction_loss': False}"
no_identification_needed,mlp_ppo,2003,binary-role-allocation--no_identification_needed--identity,stochastic,exact_neural_policy_tree,99.98680039778174,0.0029355905025964905,0.010264011715674875,0.0,0.010264011715674875,0.013199602218271366,,0.0005871181005192982,0.006319623427290089,0.0,0.0,7.338976256491227e-05,,,,,,"{'0': 0.9937195139063988, '1': 0.006241355753337134, '2': 3.91338369764772e-05}","{'policy_dri': False, 'active_frontier_distance': True, 'oracle_normalized_return': False, 'response_signature_accuracy': False, 'belief_calibration': False, 'partner_response_prediction_loss': False}"
no_identification_needed,mlp_ppo,2004,binary-role-allocation--no_identification_needed--identity,greedy,exact_neural_policy_tree,100.0,0.0,0.0,0.0,0.0,0.0,,0.0,0.0,0.0,0.0,0.0,,,,,,{'0': 1.0},"{'policy_dri': False, 'active_frontier_distance': True, 'oracle_normalized_return': False, 'response_signature_accuracy': False, 'belief_calibration': False, 'partner_response_prediction_loss': False}"
no_identification_needed,mlp_ppo,2004,binary-role-allocation--no_identification_needed--identity,stochastic,exact_neural_policy_tree,99.98661861321787,0.002843058981405988,0.01053832780072958,0.0,0.01053832780072958,0.013381386782135568,,0.0005686117962811977,0.00960207792497208,0.0,0.0,7.10764745351497e-05,,,,,,"{'0': 0.9904991391231306, '1': 0.009399606728228257, '2': 0.00010123559837191222}","{'policy_dri': False, 'active_frontier_distance': True, 'oracle_normalized_return': False, 'response_signature_accuracy': False, 'belief_calibration': False, 'partner_response_prediction_loss': False}"
no_identification_needed,mlp_ppo,2005,binary-role-allocation--no_identification_needed--identity,greedy,exact_neural_policy_tree,100.0,0.0,0.0,0.0,0.0,0.0,,0.0,0.0,0.0,0.0,0.0,,,,,,{'0': 1.0},"{'policy_dri': False, 'active_frontier_distance': True, 'oracle_normalized_return': False, 'response_signature_accuracy': False, 'belief_calibration': False, 'partner_response_prediction_loss': False}"
no_identification_needed,mlp_ppo,2005,binary-role-allocation--no_identification_needed--identity,stochastic,exact_neural_policy_tree,99.98576604480726,0.0036128096154224563,0.010621145577320749,0.0,0.010621145577320749,0.014233955192743205,,0.0007225619230844913,0.00479391319955804,0.0,0.0,9.032024038556141e-05,,,,,,"{'0': 0.9952919465431478, '1': 0.004622165955967859, '2': 8.58736217950904e-05}","{'policy_dri': False, 'active_frontier_distance': True, 'oracle_normalized_return': False, 'response_signature_accuracy': False, 'belief_calibration': False, 'partner_response_prediction_loss': False}"
no_identification_needed,mlp_ppo,2006,binary-role-allocation--no_identification_needed--identity,greedy,exact_neural_policy_tree,100.0,0.0,0.0,0.0,0.0,0.0,,0.0,0.0,0.0,0.0,0.0,,,,,,{'0': 1.0},"{'policy_dri': False, 'active_frontier_distance': True, 'oracle_normalized_return': False, 'response_signature_accuracy': False, 'belief_calibration': False, 'partner_response_prediction_loss': False}"
no_identification_needed,mlp_ppo,2006,binary-role-allocation--no_identification_needed--identity,stochastic,exact_neural_policy_tree,99.99105761760845,0.0022586604217611464,0.006683721969784975,0.0,0.006683721969784975,0.00894238239154612,,0.0004517320843522293,0.003860475655208943,0.0,0.0,5.646651054402866e-05,,,,,,"{'0': 0.9961777645366965, '1': 0.0037840555052699476, '2': 3.821007496949752e-05}","{'policy_dri': False, 'active_frontier_distance': True, 'oracle_normalized_return': False, 'response_signature_accuracy': False, 'belief_calibration': False, 'partner_response_prediction_loss': False}"
no_identification_needed,mlp_ppo,2007,binary-role-allocation--no_identification_needed--identity,greedy,exact_neural_policy_tree,100.0,0.0,0.0,0.0,0.0,0.0,,0.0,0.0,0.0,0.0,0.0,,,,,,{'0': 1.0},"{'policy_dri': False, 'active_frontier_distance': True, 'oracle_normalized_return': False, 'response_signature_accuracy': False, 'belief_calibration': False, 'partner_response_prediction_loss': False}"
no_identification_needed,mlp_ppo,2007,binary-role-allocation--no_identification_needed--identity,stochastic,exact_neural_policy_tree,99.98754259020536,0.0020041353463657492,0.010453274448262674,0.0,0.010453274448262674,0.012457409794628423,,0.0004008270692731498,0.018441059191116705,0.0,0.0,5.010338365914373e-05,,,,,,"{'0': 0.9818214648403227, '1': 0.01791591061216827, '2': 0.0002625742894742146}","{'policy_dri': False, 'active_frontier_distance': True, 'oracle_normalized_return': False, 'response_signature_accuracy': False, 'belief_calibration': False, 'partner_response_prediction_loss': False}"
no_identification_needed,mlp_ppo,2008,binary-role-allocation--no_identification_needed--identity,greedy,exact_neural_policy_tree,100.0,0.0,0.0,0.0,0.0,0.0,,0.0,0.0,0.0,0.0,0.0,,,,,,{'0': 1.0},"{'policy_dri': False, 'active_frontier_distance': True, 'oracle_normalized_return': False, 'response_signature_accuracy': False, 'belief_calibration': False, 'partner_response_prediction_loss': False}"
no_identification_needed,mlp_ppo,2008,binary-role-allocation--no_identification_needed--identity,stochastic,exact_neural_policy_tree,99.99104094193198,0.0017887658027771272,0.0071702922652422075,0.0,0.0071702922652422075,0.008959058068019336,,0.00035775316055542544,0.00814217735393653,0.0,0.0,4.471914506942818e-05,,,,,,"{'0': 0.9919477530784206, '1': 0.007962238626679996, '2': 8.996936362826741e-05}","{'policy_dri': False, 'active_frontier_distance': True, 'oracle_normalized_return': False, 'response_signature_accuracy': False, 'belief_calibration': False, 'partner_response_prediction_loss': False}"
no_identification_needed,mlp_ppo,2009,binary-role-allocation--no_identification_needed--identity,greedy,exact_neural_policy_tree,100.0,0.0,0.0,0.0,0.0,0.0,,0.0,0.0,0.0,0.0,0.0,,,,,,{'0': 1.0},"{'policy_dri': False, 'active_frontier_distance': True, 'oracle_normalized_return': False, 'response_signature_accuracy': False, 'belief_calibration': False, 'partner_response_prediction_loss': False}"
no_identification_needed,mlp_ppo,2009,binary-role-allocation--no_identification_needed--identity,stochastic,exact_neural_policy_tree,99.98952763564192,0.002734593230031937,0.007737771128044667,0.0,0.007737771128044667,0.010472364358076604,,0.0005469186460063875,0.00817460460634573,0.0,0.0,6.836483075079843e-05,,,,,,"{'0': 0.9919238241709536, '1': 0.007977730476458798, '2': 9.843706494346528e-05}","{'policy_dri': False, 'active_frontier_distance': True, 'oracle_normalized_return': False, 'response_signature_accuracy': False, 'belief_calibration': False, 'partner_response_prediction_loss': False}"
no_identification_needed,mlp_ppo,2010,binary-role-allocation--no_identification_needed--identity,greedy,exact_neural_policy_tree,100.0,0.0,0.0,0.0,0.0,0.0,,0.0,0.0,0.0,0.0,0.0,,,,,,{'0': 1.0},"{'policy_dri': False, 'active_frontier_distance': True, 'oracle_normalized_return': False, 'response_signature_accuracy': False, 'belief_calibration': False, 'partner_response_prediction_loss': False}"
no_identification_needed,mlp_ppo,2010,binary-role-allocation--no_identification_needed--identity,stochastic,exact_neural_policy_tree,99.9891470503915,0.0015409430456255718,0.009312006562884488,0.0,0.009312006562884488,0.01085294960851006,,0.0003081886091251144,0.009175659950027214,0.0,0.0,3.85235761406393e-05,,,,,,"{'0': 0.9909048375120619, '1': 0.009014705228931484, '2': 8.047736054786391e-05}","{'policy_dri': False, 'active_frontier_distance': True, 'oracle_normalized_return': False, 'response_signature_accuracy': False, 'belief_calibration': False, 'partner_response_prediction_loss': False}"
no_identification_needed,gru_ppo_passive,2001,binary-role-allocation--no_identification_needed--identity,greedy,exact_neural_policy_tree,100.0,0.0,0.0,0.0,0.0,0.0,,0.0,0.0,0.0,0.0,0.0,,,,,,{'0': 1.0},"{'policy_dri': False, 'active_frontier_distance': True, 'oracle_normalized_return': False, 'response_signature_accuracy': False, 'belief_calibration': False, 'partner_response_prediction_loss': False}"
no_identification_needed,gru_ppo_passive,2001,binary-role-allocation--no_identification_needed--identity,stochastic,exact_neural_policy_tree,99.98327588669201,0.0,0.016724113307988647,0.0,0.016724113307988647,0.016724113307988647,,0.0,0.014773776107382284,0.0,0.0,0.0,,,,,,"{'0': 0.9853352493373677, '1': 0.01455581654886424, '2': 0.0001089797792590216}","{'policy_dri': False, 'active_frontier_distance': True, 'oracle_normalized_return': False, 'response_signature_accuracy': False, 'belief_calibration': False, 'partner_response_prediction_loss': False}"
no_identification_needed,gru_ppo_passive,2002,binary-role-allocation--no_identification_needed--identity,greedy,exact_neural_policy_tree,100.0,0.0,0.0,0.0,0.0,0.0,,0.0,0.0,0.0,0.0,0.0,,,,,,{'0': 1.0},"{'policy_dri': False, 'active_frontier_distance': True, 'oracle_normalized_return': False, 'response_signature_accuracy': False, 'belief_calibration': False, 'partner_response_prediction_loss': False}"
no_identification_needed,gru_ppo_passive,2002,binary-role-allocation--no_identification_needed--identity,stochastic,exact_neural_policy_tree,99.98471438584319,0.0,0.01528561415680442,0.0,0.01528561415680442,0.01528561415680442,,0.0,0.017252137739295476,0.0,0.0,0.0,,,,,,"{'0': 0.9831463634909596, '1': 0.01645507875166856, '2': 0.000398529493813459}","{'policy_dri': False, 'active_frontier_distance': True, 'oracle_normalized_return': False, 'response_signature_accuracy': False, 'belief_calibration': False, 'partner_response_prediction_loss': False}"
no_identification_needed,gru_ppo_passive,2003,binary-role-allocation--no_identification_needed--identity,greedy,exact_neural_policy_tree,100.0,0.0,0.0,0.0,0.0,0.0,,0.0,0.0,0.0,0.0,0.0,,,,,,{'0': 1.0},"{'policy_dri': False, 'active_frontier_distance': True, 'oracle_normalized_return': False, 'response_signature_accuracy': False, 'belief_calibration': False, 'partner_response_prediction_loss': False}"
no_identification_needed,gru_ppo_passive,2003,binary-role-allocation--no_identification_needed--identity,stochastic,exact_neural_policy_tree,99.98564665165895,0.0,0.014353348341053415,0.0,0.014353348341053415,0.014353348341053415,,0.0,0.011486163621643942,0.0,0.0,0.0,,,,,,"{'0': 0.9886628439999186, '1': 0.011188190969551091, '2': 0.00014898632604642558}","{'policy_dri': False, 'active_frontier_distance': True, 'oracle_normalized_return': False, 'response_signature_accuracy': False, 'belief_calibration': False, 'partner_response_prediction_loss': False}"
no_identification_needed,gru_ppo_passive,2004,binary-role-allocation--no_identification_needed--identity,greedy,exact_neural_policy_tree,100.0,0.0,0.0,0.0,0.0,0.0,,0.0,0.0,0.0,0.0,0.0,,,,,,{'0': 1.0},"{'policy_dri': False, 'active_frontier_distance': True, 'oracle_normalized_return': False, 'response_signature_accuracy': False, 'belief_calibration': False, 'partner_response_prediction_loss': False}"
no_identification_needed,gru_ppo_passive,2004,binary-role-allocation--no_identification_needed--identity,stochastic,exact_neural_policy_tree,99.98241543162241,0.0,0.01758456837758377,0.0,0.01758456837758377,0.01758456837758377,,0.0,0.03523222467836874,0.0,0.0,0.0,,,,,,"{'0': 0.96523093918222, '1': 0.03430589358777703, '2': 0.00046316554529585554}","{'policy_dri': False, 'active_frontier_distance': True, 'oracle_normalized_return': False, 'response_signature_accuracy': False, 'belief_calibration': False, 'partner_response_prediction_loss': False}"
no_identification_needed,gru_ppo_passive,2005,binary-role-allocation--no_identification_needed--identity,greedy,exact_neural_policy_tree,100.0,0.0,0.0,0.0,0.0,0.0,,0.0,0.0,0.0,0.0,0.0,,,,,,{'0': 1.0},"{'policy_dri': False, 'active_frontier_distance': True, 'oracle_normalized_return': False, 'response_signature_accuracy': False, 'belief_calibration': False, 'partner_response_prediction_loss': False}"
no_identification_needed,gru_ppo_passive,2005,binary-role-allocation--no_identification_needed--identity,stochastic,exact_neural_policy_tree,99.98128754134146,0.0,0.0187124586585403,0.0,0.0187124586585403,0.0187124586585403,,0.0,0.01830282587718871,0.0,0.0,0.0,,,,,,"{'0': 0.9819194453011733, '1': 0.017858268327565843, '2': 0.000222278774811433}","{'policy_dri': False, 'active_frontier_distance': True, 'oracle_normalized_return': False, 'response_signature_accuracy': False, 'belief_calibration': False, 'partner_response_prediction_loss': False}"
no_identification_needed,gru_ppo_passive,2006,binary-role-allocation--no_identification_needed--identity,greedy,exact_neural_policy_tree,100.0,0.0,0.0,0.0,0.0,0.0,,0.0,0.0,0.0,0.0,0.0,,,,,,{'0': 1.0},"{'policy_dri': False, 'active_frontier_distance': True, 'oracle_normalized_return': False, 'response_signature_accuracy': False, 'belief_calibration': False, 'partner_response_prediction_loss': False}"
no_identification_needed,gru_ppo_passive,2006,binary-role-allocation--no_identification_needed--identity,stochastic,exact_neural_policy_tree,99.97892337621754,0.0,0.021076623782459048,0.0,0.021076623782459048,0.021076623782459048,,0.0,0.01094821192566585,0.0,0.0,0.0,,,,,,"{'0': 0.9891468527493998, '1': 0.010757983925156814, '2': 9.511400025451812e-05}","{'policy_dri': False, 'active_frontier_distance': True, 'oracle_normalized_return': False, 'response_signature_accuracy': False, 'belief_calibration': False, 'partner_response_prediction_loss': False}"
no_identification_needed,gru_ppo_passive,2007,binary-role-allocation--no_identification_needed--identity,greedy,exact_neural_policy_tree,100.0,0.0,0.0,0.0,0.0,0.0,,0.0,0.0,0.0,0.0,0.0,,,,,,{'0': 1.0},"{'policy_dri': False, 'active_frontier_distance': True, 'oracle_normalized_return': False, 'response_signature_accuracy': False, 'belief_calibration': False, 'partner_response_prediction_loss': False}"
no_identification_needed,gru_ppo_passive,2007,binary-role-allocation--no_identification_needed--identity,stochastic,exact_neural_policy_tree,99.96769577315054,0.0,0.03230422684946325,0.0,0.03230422684946325,0.03230422684946325,,0.0,0.019901025640480748,0.0,0.0,0.0,,,,,,"{'0': 0.9806107198819518, '1': 0.018877511961750634, '2': 0.0005117568393650576}","{'policy_dri': False, 'active_frontier_distance': True, 'oracle_normalized_return': False, 'response_signature_accuracy': False, 'belief_calibration': False, 'partner_response_prediction_loss': False}"
no_identification_needed,gru_ppo_passive,2008,binary-role-allocation--no_identification_needed--identity,greedy,exact_neural_policy_tree,100.0,0.0,0.0,0.0,0.0,0.0,,0.0,0.0,0.0,0.0,0.0,,,,,,{'0': 1.0},"{'policy_dri': False, 'active_frontier_distance': True, 'oracle_normalized_return': False, 'response_signature_accuracy': False, 'belief_calibration': False, 'partner_response_prediction_loss': False}"
no_identification_needed,gru_ppo_passive,2008,binary-role-allocation--no_identification_needed--identity,stochastic,exact_neural_policy_tree,99.9832259010667,0.0,0.01677409893330346,0.0,0.01677409893330346,0.01677409893330346,,0.0,0.023234215943594535,0.0,0.0,0.0,,,,,,"{'0': 0.9769679865858052, '1': 0.022829806893361726, '2': 0.0002022045251164038}","{'policy_dri': False, 'active_frontier_distance': True, 'oracle_normalized_return': False, 'response_signature_accuracy': False, 'belief_calibration': False, 'partner_response_prediction_loss': False}"
no_identification_needed,gru_ppo_passive,2009,binary-role-allocation--no_identification_needed--identity,greedy,exact_neural_policy_tree,100.0,0.0,0.0,0.0,0.0,0.0,,0.0,0.0,0.0,0.0,0.0,,,,,,{'0': 1.0},"{'policy_dri': False, 'active_frontier_distance': True, 'oracle_normalized_return': False, 'response_signature_accuracy': False, 'belief_calibration': False, 'partner_response_prediction_loss': False}"
no_identification_needed,gru_ppo_passive,2009,binary-role-allocation--no_identification_needed--identity,stochastic,exact_neural_policy_tree,99.98576838438396,0.0,0.014231615616037719,0.0,0.014231615616037719,0.014231615616037719,,0.0,0.019290566315633324,0.0,0.0,0.0,,,,,,"{'0': 0.9810471444216091, '1': 0.01861523455528498, '2': 0.00033766588017417195}","{'policy_dri': False, 'active_frontier_distance': True, 'oracle_normalized_return': False, 'response_signature_accuracy': False, 'belief_calibration': False, 'partner_response_prediction_loss': False}"
no_identification_needed,gru_ppo_passive,2010,binary-role-allocation--no_identification_needed--identity,greedy,exact_neural_policy_tree,100.0,0.0,0.0,0.0,0.0,0.0,,0.0,0.0,0.0,0.0,0.0,,,,,,{'0': 1.0},"{'policy_dri': False, 'active_frontier_distance': True, 'oracle_normalized_return': False, 'response_signature_accuracy': False, 'belief_calibration': False, 'partner_response_prediction_loss': False}"
no_identification_needed,gru_ppo_passive,2010,binary-role-allocation--no_identification_needed--identity,stochastic,exact_neural_policy_tree,99.99115423792445,0.0,0.008845762075549476,0.0,0.008845762075549476,0.008845762075549476,,0.0,0.005353994870806961,0.0,0.0,0.0,,,,,,"{'0': 0.9946822771744337, '1': 0.0052814693070572585, '2': 3.626278187485113e-05}","{'policy_dri': False, 'active_frontier_distance': True, 'oracle_normalized_return': False, 'response_signature_accuracy': False, 'belief_calibration': False, 'partner_response_prediction_loss': False}"
no_identification_needed,gru_ppo_active,2001,binary-role-allocation--no_identification_needed--identity,greedy,exact_neural_policy_tree,100.0,0.0,0.0,0.0,0.0,0.0,,0.0,0.0,0.0,0.0,0.0,,,,,,{'0': 1.0},"{'policy_dri': False, 'active_frontier_distance': True, 'oracle_normalized_return': False, 'response_signature_accuracy': False, 'belief_calibration': False, 'partner_response_prediction_loss': False}"
no_identification_needed,gru_ppo_active,2001,binary-role-allocation--no_identification_needed--identity,stochastic,exact_neural_policy_tree,99.98245449837984,0.00437854335758108,0.01316695826257556,0.0,0.01316695826257556,0.01754550162015664,,0.000875708671516216,0.04221158297019339,0.0,0.0,0.00010946358393952699,,,,,,"{'0': 0.9579868262517266, '1': 0.04181470247558075, '2': 0.00019844024730631817}","{'policy_dri': False, 'active_frontier_distance': True, 'oracle_normalized_return': False, 'response_signature_accuracy': False, 'belief_calibration': False, 'partner_response_prediction_loss': False}"
no_identification_needed,gru_ppo_active,2002,binary-role-allocation--no_identification_needed--identity,greedy,exact_neural_policy_tree,100.0,0.0,0.0,0.0,0.0,0.0,,0.0,0.0,0.0,0.0,0.0,,,,,,{'0': 1.0},"{'policy_dri': False, 'active_frontier_distance': True, 'oracle_normalized_return': False, 'response_signature_accuracy': False, 'belief_calibration': False, 'partner_response_prediction_loss': False}"
no_identification_needed,gru_ppo_active,2002,binary-role-allocation--no_identification_needed--identity,stochastic,exact_neural_policy_tree,99.9846375649703,0.0025879217971071086,0.012774513232595526,0.0,0.012774513232595526,0.015362435029702633,,0.0005175843594214217,0.026132124763562234,0.0,0.0,6.469804492767772e-05,,,,,,"{'0': 0.9745247103273869, '1': 0.02481859690419948, '2': 0.0006567639296813771}","{'policy_dri': False, 'active_frontier_distance': True, 'oracle_normalized_return': False, 'response_signature_accuracy': False, 'belief_calibration': False, 'partner_response_prediction_loss': False}"
no_identification_needed,gru_ppo_active,2003,binary-role-allocation--no_identification_needed--identity,greedy,exact_neural_policy_tree,100.0,0.0,0.0,0.0,0.0,0.0,,0.0,0.0,0.0,0.0,0.0,,,,,,{'0': 1.0},"{'policy_dri': False, 'active_frontier_distance': True, 'oracle_normalized_return': False, 'response_signature_accuracy': False, 'belief_calibration': False, 'partner_response_prediction_loss': False}"
no_identification_needed,gru_ppo_active,2003,binary-role-allocation--no_identification_needed--identity,stochastic,exact_neural_policy_tree,99.97507756578139,0.004603600179171301,0.020318834039437114,0.0,0.020318834039437114,0.024922434218608416,,0.0009207200358342602,0.02740012209032789,0.0,0.0,0.00011509000447928253,,,,,,"{'0': 0.9729513864731416, '1': 0.0266970426311651, '2': 0.000351539729581396}","{'policy_dri': False, 'active_frontier_distance': True, 'oracle_normalized_return': False, 'response_signature_accuracy': False, 'belief_calibration': False, 'partner_response_prediction_loss': False}"
no_identification_needed,gru_ppo_active,2004,binary-role-allocation--no_identification_needed--identity,greedy,exact_neural_policy_tree,100.0,0.0,0.0,0.0,0.0,0.0,,0.0,0.0,0.0,0.0,0.0,,,,,,{'0': 1.0},"{'policy_dri': False, 'active_frontier_distance': True, 'oracle_normalized_return': False, 'response_signature_accuracy': False, 'belief_calibration': False, 'partner_response_prediction_loss': False}"
no_identification_needed,gru_ppo_active,2004,binary-role-allocation--no_identification_needed--identity,stochastic,exact_neural_policy_tree,99.9794014575863,0.005458663301289899,0.015139879112406905,0.0,0.015139879112406905,0.020598542413696803,,0.0010917326602579798,0.07794662316862495,0.0,0.0,0.00013646658253224747,,,,,,"{'0': 0.9227396496280562, '1': 0.07657414124240906, '2': 0.000686240963107941}","{'policy_dri': False, 'active_frontier_distance': True, 'oracle_normalized_return': False, 'response_signature_accuracy': False, 'belief_calibration': False, 'partner_response_prediction_loss': False}"
no_identification_needed,gru_ppo_active,2005,binary-role-allocation--no_identification_needed--identity,greedy,exact_neural_policy_tree,100.0,0.0,0.0,0.0,0.0,0.0,,0.0,0.0,0.0,0.0,0.0,,,,,,{'0': 1.0},"{'policy_dri': False, 'active_frontier_distance': True, 'oracle_normalized_return': False, 'response_signature_accuracy': False, 'belief_calibration': False, 'partner_response_prediction_loss': False}"
no_identification_needed,gru_ppo_active,2005,binary-role-allocation--no_identification_needed--identity,stochastic,exact_neural_policy_tree,99.97758363276456,0.005477093937054869,0.01693927329838669,0.0,0.01693927329838669,0.02241636723544156,,0.001095418787410974,0.024144346699515942,0.0,0.0,0.00013692734842637172,,,,,,"{'0': 0.9760753946902696, '1': 0.023704758044383156, '2': 0.00021979432756639354}","{'policy_dri': False, 'active_frontier_distance': True, 'oracle_normalized_return': False, 'response_signature_accuracy': False, 'belief_calibration': False, 'partner_response_prediction_loss': False}"
no_identification_needed,gru_ppo_active,2006,binary-role-allocation--no_identification_needed--identity,greedy,exact_neural_policy_tree,100.0,0.0,0.0,0.0,0.0,0.0,,0.0,0.0,0.0,0.0,0.0,,,,,,{'0': 1.0},"{'policy_dri': False, 'active_frontier_distance': True, 'oracle_normalized_return': False, 'response_signature_accuracy': False, 'belief_calibration': False, 'partner_response_prediction_loss': False}"
no_identification_needed,gru_ppo_active,2006,binary-role-allocation--no_identification_needed--identity,stochastic,exact_neural_policy_tree,99.97662285982513,0.0044776628293944675,0.01889947734547962,0.0,0.01889947734547962,0.023377140174874085,,0.0008955325658788935,0.047672858073159644,0.0,0.0,0.00011194157073486169,,,,,,"{'0': 0.9527322606591042, '1': 0.04686259038245871, '2': 0.00040513384535046434}","{'policy_dri': False, 'active_frontier_distance': True, 'oracle_normalized_return': False, 'response_signature_accuracy': False, 'belief_calibration': False, 'partner_response_prediction_loss': False}"
no_identification_needed,gru_ppo_active,2007,binary-role-allocation--no_identification_needed--identity,greedy,exact_neural_policy_tree,100.0,0.0,0.0,0.0,0.0,0.0,,0.0,0.0,0.0,0.0,0.0,,,,,,{'0': 1.0},"{'policy_dri': False, 'active_frontier_distance': True, 'oracle_normalized_return': False, 'response_signature_accuracy': False, 'belief_calibration': False, 'partner_response_prediction_loss': False}"
no_identification_needed,gru_ppo_active,2007,binary-role-allocation--no_identification_needed--identity,stochastic,exact_neural_policy_tree,99.97906624200142,0.002475893313301847,0.018457864685273023,0.0,0.018457864685273023,0.02093375799857487,,0.0004951786626603694,0.02779179310510154,0.0,0.0,6.189733283254617e-05,,,,,,"{'0': 0.9726561083516572, '1': 0.026895928993140323, '2': 0.00044793205598060834}","{'policy_dri': False, 'active_frontier_distance': True, 'oracle_normalized_return': False, 'response_signature_accuracy': False, 'belief_calibration': False, 'partner_response_prediction_loss': False}"
no_identification_needed,gru_ppo_active,2008,binary-role-allocation--no_identification_needed--identity,greedy,exact_neural_policy_tree,100.0,0.0,0.0,0.0,0.0,0.0,,0.0,0.0,0.0,0.0,0.0,,,,,,{'0': 1.0},"{'policy_dri': False, 'active_frontier_distance': True, 'oracle_normalized_return': False, 'response_signature_accuracy': False, 'belief_calibration': False, 'partner_response_prediction_loss': False}"
no_identification_needed,gru_ppo_active,2008,binary-role-allocation--no_identification_needed--identity,stochastic,exact_neural_policy_tree,99.97951906520888,0.003407700222095201,0.017073234569030243,0.0,0.017073234569030243,0.020480934791125442,,0.0006815400444190402,0.06934265697452077,0.0,0.0,8.519250555238002e-05,,,,,,"{'0': 0.931224651139928, '1': 0.06820807204794764, '2': 0.0005672924632865587}","{'policy_dri': False, 'active_frontier_distance': True, 'oracle_normalized_return': False, 'response_signature_accuracy': False, 'belief_calibration': False, 'partner_response_prediction_loss': False}"
no_identification_needed,gru_ppo_active,2009,binary-role-allocation--no_identification_needed--identity,greedy,exact_neural_policy_tree,100.0,0.0,0.0,0.0,0.0,0.0,,0.0,0.0,0.0,0.0,0.0,,,,,,{'0': 1.0},"{'policy_dri': False, 'active_frontier_distance': True, 'oracle_normalized_return': False, 'response_signature_accuracy': False, 'belief_calibration': False, 'partner_response_prediction_loss': False}"
no_identification_needed,gru_ppo_active,2009,binary-role-allocation--no_identification_needed--identity,stochastic,exact_neural_policy_tree,99.97833045583636,0.005687738984148541,0.01598180517948946,0.0,0.01598180517948946,0.021669544163638,,0.0011375477968297082,0.047762726872211905,0.0,0.0,0.00014219347460371352,,,,,,"{'0': 0.9527277856250294, '1': 0.04678183019919082, '2': 0.0004904483365105363}","{'policy_dri': False, 'active_frontier_distance': True, 'oracle_normalized_return': False, 'response_signature_accuracy': False, 'belief_calibration': False, 'partner_response_prediction_loss': False}"
no_identification_needed,gru_ppo_active,2010,binary-role-allocation--no_identification_needed--identity,greedy,exact_neural_policy_tree,100.0,0.0,0.0,0.0,0.0,0.0,,0.0,0.0,0.0,0.0,0.0,,,,,,{'0': 1.0},"{'policy_dri': False, 'active_frontier_distance': True, 'oracle_normalized_return': False, 'response_signature_accuracy': False, 'belief_calibration': False, 'partner_response_prediction_loss': False}"
no_identification_needed,gru_ppo_active,2010,binary-role-allocation--no_identification_needed--identity,stochastic,exact_neural_policy_tree,99.98898869735531,0.002576179652286186,0.00843512299239854,0.0,0.00843512299239854,0.011011302644684726,,0.0005152359304572371,0.01169673043003355,0.0,0.0,6.440449130715466e-05,,,,,,"{'0': 0.9883819959650282, '1': 0.01153918483715629, '2': 7.877279643862932e-05}","{'policy_dri': False, 'active_frontier_distance': True, 'oracle_normalized_return': False, 'response_signature_accuracy': False, 'belief_calibration': False, 'partner_response_prediction_loss': False}"
no_identification_needed,odits_style,2001,binary-role-allocation--no_identification_needed--identity,greedy,exact_neural_policy_tree,100.0,0.0,0.0,0.0,0.0,0.0,,0.0,0.0,0.0,0.0,0.0,,,,,,{'0': 1.0},"{'policy_dri': False, 'active_frontier_distance': True, 'oracle_normalized_return': False, 'response_signature_accuracy': False, 'belief_calibration': False, 'partner_response_prediction_loss': False}"
no_identification_needed,odits_style,2001,binary-role-allocation--no_identification_needed--identity,stochastic,exact_neural_policy_tree,99.96478812534043,0.005673046043380559,0.02953882861618225,0.0,0.02953882861618225,0.03521187465956281,,0.0011346092086761117,0.011566392420557793,0.0,0.0,0.00014182615108451397,,,,,0.00485437291214603,"{'0': 0.9886786017450504, '1': 0.011076330361549747, '2': 0.00024503102950402346}","{'policy_dri': False, 'active_frontier_distance': True, 'oracle_normalized_return': False, 'response_signature_accuracy': False, 'belief_calibration': False, 'partner_response_prediction_loss': True}"
no_identification_needed,odits_style,2002,binary-role-allocation--no_identification_needed--identity,greedy,exact_neural_policy_tree,100.0,0.0,0.0,0.0,0.0,0.0,,0.0,0.0,0.0,0.0,0.0,,,,,,{'0': 1.0},"{'policy_dri': False, 'active_frontier_distance': True, 'oracle_normalized_return': False, 'response_signature_accuracy': False, 'belief_calibration': False, 'partner_response_prediction_loss': False}"
no_identification_needed,odits_style,2002,binary-role-allocation--no_identification_needed--identity,stochastic,exact_neural_policy_tree,99.98530519283707,0.0030699414902055715,0.011624865672715699,0.0,0.011624865672715699,0.014694807162921271,,0.0006139882980411142,0.005067100392593904,0.0,0.0,7.67485372551393e-05,,,,,0.005509462319508271,"{'0': 0.9950246527732816, '1': 0.004883486870966502, '2': 9.180676081370049e-05}","{'policy_dri': False, 'active_frontier_distance': True, 'oracle_normalized_return': False, 'response_signature_accuracy': False, 'belief_calibration': False, 'partner_response_prediction_loss': True}"
no_identification_needed,odits_style,2003,binary-role-allocation--no_identification_needed--identity,greedy,exact_neural_policy_tree,100.0,0.0,0.0,0.0,0.0,0.0,,0.0,0.0,0.0,0.0,0.0,,,,,,{'0': 1.0},"{'policy_dri': False, 'active_frontier_distance': True, 'oracle_normalized_return': False, 'response_signature_accuracy': False, 'belief_calibration': False, 'partner_response_prediction_loss': False}"
no_identification_needed,odits_style,2003,binary-role-allocation--no_identification_needed--identity,stochastic,exact_neural_policy_tree,99.96689191478052,0.004334225684641072,0.028773859534834863,0.0,0.028773859534834863,0.03310808521947593,,0.0008668451369282144,0.02513316833545957,0.0,0.0,0.0001083556421160268,,,,,0.006827235988353713,"{'0': 0.976037253101822, '1': 0.022792358863269198, '2': 0.0011704047360951873}","{'policy_dri': False, 'active_frontier_distance': True, 'oracle_normalized_return': False, 'response_signature_accuracy': False, 'belief_calibration': False, 'partner_response_prediction_loss': True}"
no_identification_needed,odits_style,2004,binary-role-allocation--no_identification_needed--identity,greedy,exact_neural_policy_tree,100.0,0.0,0.0,0.0,0.0,0.0,,0.0,0.0,0.0,0.0,0.0,,,,,,{'0': 1.0},"{'policy_dri': False, 'active_frontier_distance': True, 'oracle_normalized_return': False, 'response_signature_accuracy': False, 'belief_calibration': False, 'partner_response_prediction_loss': False}"
no_identification_needed,odits_style,2004,binary-role-allocation--no_identification_needed--identity,stochastic,exact_neural_policy_tree,99.9778967928352,0.0037093539828613247,0.018393853181940773,0.0,0.018393853181940773,0.0221032071648021,,0.0007418707965722649,0.006735091522390174,0.0,0.0,9.273384957153311e-05,,,,,0.006548088621846434,"{'0': 0.9934189633931965, '1': 0.006427067260755048, '2': 0.00015401213081756346}","{'policy_dri': False, 'active_frontier_distance': True, 'oracle_normalized_return': False, 'response_signature_accuracy': False, 'belief_calibration': False, 'partner_response_prediction_loss': True}"
no_identification_needed,odits_style,2005,binary-role-allocation--no_identification_needed--identity,greedy,exact_neural_policy_tree,100.0,0.0,0.0,0.0,0.0,0.0,,0.0,0.0,0.0,0.0,0.0,,,,,,{'0': 1.0},"{'policy_dri': False, 'active_frontier_distance': True, 'oracle_normalized_return': False, 'response_signature_accuracy': False, 'belief_calibration': False, 'partner_response_prediction_loss': False}"
no_identification_needed,odits_style,2005,binary-role-allocation--no_identification_needed--identity,stochastic,exact_neural_policy_tree,99.98280926005235,0.004141828194419594,0.013048911753233243,0.0,0.013048911753233243,0.017190739947652838,,0.0008283656388839189,0.010465295278684849,0.0,0.0,0.00010354570486048985,,,,,0.006101715811221246,"{'0': 0.9900266836048104, '1': 0.009481490775668462, '2': 0.0004919022515081937}","{'policy_dri': False, 'active_frontier_distance': True, 'oracle_normalized_return': False, 'response_signature_accuracy': False, 'belief_calibration': False, 'partner_response_prediction_loss': True}"
no_identification_needed,odits_style,2006,binary-role-allocation--no_identification_needed--identity,greedy,exact_neural_policy_tree,100.0,0.0,0.0,0.0,0.0,0.0,,0.0,0.0,0.0,0.0,0.0,,,,,,{'0': 1.0},"{'policy_dri': False, 'active_frontier_distance': True, 'oracle_normalized_return': False, 'response_signature_accuracy': False, 'belief_calibration': False, 'partner_response_prediction_loss': False}"
no_identification_needed,odits_style,2006,binary-role-allocation--no_identification_needed--identity,stochastic,exact_neural_policy_tree,99.98626538313364,0.0022851427076781873,0.011449474158680528,0.0,0.011449474158680528,0.013734616866358716,,0.00045702854153563746,0.012922515980875099,0.0,0.0,5.712856769195468e-05,,,,,0.007007347648205918,"{'0': 0.9873787377146073, '1': 0.01231992808504874, '2': 0.00030129394791318035}","{'policy_dri': False, 'active_frontier_distance': True, 'oracle_normalized_return': False, 'response_signature_accuracy': False, 'belief_calibration': False, 'partner_response_prediction_loss': True}"
no_identification_needed,odits_style,2007,binary-role-allocation--no_identification_needed--identity,greedy,exact_neural_policy_tree,100.0,0.0,0.0,0.0,0.0,0.0,,0.0,0.0,0.0,0.0,0.0,,,,,,{'0': 1.0},"{'policy_dri': False, 'active_frontier_distance': True, 'oracle_normalized_return': False, 'response_signature_accuracy': False, 'belief_calibration': False, 'partner_response_prediction_loss': False}"
no_identification_needed,odits_style,2007,binary-role-allocation--no_identification_needed--identity,stochastic,exact_neural_policy_tree,99.97583485804343,0.006374146817167614,0.01779099513941042,0.0,0.01779099513941042,0.024165141956578033,,0.0012748293634335228,0.007624675094694719,0.0,0.0,0.00015935367042919034,,,,,0.0066058926415180465,"{'0': 0.9925795569433831, '1': 0.007216107792662966, '2': 0.00020428365101587636}","{'policy_dri': False, 'active_frontier_distance': True, 'oracle_normalized_return': False, 'response_signature_accuracy': False, 'belief_calibration': False, 'partner_response_prediction_loss': True}"
no_identification_needed,odits_style,2008,binary-role-allocation--no_identification_needed--identity,greedy,exact_neural_policy_tree,100.0,0.0,0.0,0.0,0.0,0.0,,0.0,0.0,0.0,0.0,0.0,,,,,,{'0': 1.0},"{'policy_dri': False, 'active_frontier_distance': True, 'oracle_normalized_return': False, 'response_signature_accuracy': False, 'belief_calibration': False, 'partner_response_prediction_loss': False}"
no_identification_needed,odits_style,2008,binary-role-allocation--no_identification_needed--identity,stochastic,exact_neural_policy_tree,99.96938950823825,0.003617304604126985,0.026993187157614982,0.0,0.026993187157614982,0.030610491761741968,,0.000723460920825397,0.01347774199458424,0.0,0.0,9.043261510317463e-05,,,,,0.007061847309625165,"{'0': 0.9869086393737234, '1': 0.012704946394510063, '2': 0.0003863978000370875}","{'policy_dri': False, 'active_frontier_distance': True, 'oracle_normalized_return': False, 'response_signature_accuracy': False, 'belief_calibration': False, 'partner_response_prediction_loss': True}"
no_identification_needed,odits_style,2009,binary-role-allocation--no_identification_needed--identity,greedy,exact_neural_policy_tree,100.0,0.0,0.0,0.0,0.0,0.0,,0.0,0.0,0.0,0.0,0.0,,,,,,{'0': 1.0},"{'policy_dri': False, 'active_frontier_distance': True, 'oracle_normalized_return': False, 'response_signature_accuracy': False, 'belief_calibration': False, 'partner_response_prediction_loss': False}"
no_identification_needed,odits_style,2009,binary-role-allocation--no_identification_needed--identity,stochastic,exact_neural_policy_tree,99.98217331784286,0.0032569561555170494,0.014569726001618669,0.0,0.014569726001618669,0.017826682157135718,,0.0006513912311034099,0.009492177538534954,0.0,0.0,8.142390388792624e-05,,,,,0.005301750809877171,"{'0': 0.9907350232824683, '1': 0.00903780901594578, '2': 0.00022718426129458814}","{'policy_dri': False, 'active_frontier_distance': True, 'oracle_normalized_return': False, 'response_signature_accuracy': False, 'belief_calibration': False, 'partner_response_prediction_loss': True}"
no_identification_needed,odits_style,2010,binary-role-allocation--no_identification_needed--identity,greedy,exact_neural_policy_tree,100.0,0.0,0.0,0.0,0.0,0.0,,0.0,0.0,0.0,0.0,0.0,,,,,,{'0': 1.0},"{'policy_dri': False, 'active_frontier_distance': True, 'oracle_normalized_return': False, 'response_signature_accuracy': False, 'belief_calibration': False, 'partner_response_prediction_loss': False}"
no_identification_needed,odits_style,2010,binary-role-allocation--no_identification_needed--identity,stochastic,exact_neural_policy_tree,99.97131869884349,0.0044935826707038695,0.024187718485813154,0.0,0.024187718485813154,0.028681301156517024,,0.0008987165341407739,0.010575806311990111,0.0,0.0,0.00011233956676759673,,,,,0.006234506526749676,"{'0': 0.9898222869960591, '1': 0.009779704201723636, '2': 0.0003980510551332365}","{'policy_dri': False, 'active_frontier_distance': True, 'oracle_normalized_return': False, 'response_signature_accuracy': False, 'belief_calibration': False, 'partner_response_prediction_loss': True}"
no_identification_needed,pace_aux,2001,binary-role-allocation--no_identification_needed--identity,greedy,exact_neural_policy_tree,100.0,0.0,0.0,0.0,0.0,0.0,,0.0,0.0,0.0,0.0,0.0,,1.0,1.9984014443252818e-15,4.470348358154297e-08,,{'0': 1.0},"{'policy_dri': False, 'active_frontier_distance': True, 'oracle_normalized_return': False, 'response_signature_accuracy': True, 'belief_calibration': True, 'partner_response_prediction_loss': False}"
no_identification_needed,pace_aux,2001,binary-role-allocation--no_identification_needed--identity,stochastic,exact_neural_policy_tree,99.97409029934356,0.005414225662032421,0.02049547499440676,0.0,0.02049547499440676,0.02590970065643918,,0.0010828451324064842,0.05136629794733547,0.0,0.0,0.00013535564155081053,,1.0000000064075847,1.9368000023468646e-15,4.197506164871356e-08,,"{'0': 0.9492055461741984, '1': 0.05022262251943685, '2': 0.0005718377139493191}","{'policy_dri': False, 'active_frontier_distance': True, 'oracle_normalized_return': False, 'response_signature_accuracy': True, 'belief_calibration': True, 'partner_response_prediction_loss': False}"
no_identification_needed,pace_aux,2002,binary-role-allocation--no_identification_needed--identity,greedy,exact_neural_policy_tree,100.0,0.0,0.0,0.0,0.0,0.0,,0.0,0.0,0.0,0.0,0.0,,1.0,1.9984014443252818e-15,4.470348358154297e-08,,{'0': 1.0},"{'policy_dri': False, 'active_frontier_distance': True, 'oracle_normalized_return': False, 'response_signature_accuracy': True, 'belief_calibration': True, 'partner_response_prediction_loss': False}"
no_identification_needed,pace_aux,2002,binary-role-allocation--no_identification_needed--identity,stochastic,exact_neural_policy_tree,99.97636230036983,0.004135169828679933,0.0195025298014949,0.0,0.0195025298014949,0.023637699630174834,,0.0008270339657359865,0.05915430180606891,0.0,0.0,0.00010337924571699833,,0.999999977743227,1.921170956444294e-15,4.232869987852439e-08,,"{'0': 0.9431221046834253, '1': 0.054601444313534454, '2': 0.002276428746267231}","{'policy_dri': False, 'active_frontier_distance': True, 'oracle_normalized_return': False, 'response_signature_accuracy': True, 'belief_calibration': True, 'partner_response_prediction_loss': False}"
no_identification_needed,pace_aux,2003,binary-role-allocation--no_identification_needed--identity,greedy,exact_neural_policy_tree,100.0,0.0,0.0,0.0,0.0,0.0,,0.0,0.0,0.0,0.0,0.0,,1.0,2.220446049250313e-16,1.4901161193847656e-08,,{'0': 1.0},"{'policy_dri': False, 'active_frontier_distance': True, 'oracle_normalized_return': False, 'response_signature_accuracy': True, 'belief_calibration': True, 'partner_response_prediction_loss': False}"
no_identification_needed,pace_aux,2003,binary-role-allocation--no_identification_needed--identity,stochastic,exact_neural_policy_tree,99.967098138244,0.006026467837817678,0.026875393918179852,0.0,0.026875393918179852,0.03290186175599753,,0.0012052935675635357,0.05635915286552297,0.0,0.0,0.00015066169594544194,,1.0000000222913412,2.8840483882847655e-16,1.2254090853147659e-08,,"{'0': 0.944994131627027, '1': 0.05365262846310608, '2': 0.0013532622012084469}","{'policy_dri': False, 'active_frontier_distance': True, 'oracle_normalized_return': False, 'response_signature_accuracy': True, 'belief_calibration': True, 'partner_response_prediction_loss': False}"
no_identification_needed,pace_aux,2004,binary-role-allocation--no_identification_needed--identity,greedy,exact_neural_policy_tree,100.0,0.0,0.0,0.0,0.0,0.0,,0.0,0.0,0.0,0.0,0.0,,1.0,8.881784197001252e-16,2.9802322387695312e-08,,{'0': 1.0},"{'policy_dri': False, 'active_frontier_distance': True, 'oracle_normalized_return': False, 'response_signature_accuracy': True, 'belief_calibration': True, 'partner_response_prediction_loss': False}"
no_identification_needed,pace_aux,2004,binary-role-allocation--no_identification_needed--identity,stochastic,exact_neural_policy_tree,99.97185720925351,0.006737975957456639,0.02140481478902934,0.0,0.02140481478902934,0.028142790746485978,,0.0013475951914913278,0.13617090119700084,0.0,0.0,0.00016844939893641598,,1.000000015600653,7.914912911784968e-16,2.6053308177509393e-08,,"{'0': 0.8669156829710118, '1': 0.12999776406228133, '2': 0.003086568567359772}","{'policy_dri': False, 'active_frontier_distance': True, 'oracle_normalized_return': False, 'response_signature_accuracy': True, 'belief_calibration': True, 'partner_response_prediction_loss': False}"
no_identification_needed,pace_aux,2005,binary-role-allocation--no_identification_needed--identity,greedy,exact_neural_policy_tree,100.0,0.0,0.0,0.0,0.0,0.0,,0.0,0.0,0.0,0.0,0.0,,1.0,0.0,0.0,,{'0': 1.0},"{'policy_dri': False, 'active_frontier_distance': True, 'oracle_normalized_return': False, 'response_signature_accuracy': True, 'belief_calibration': True, 'partner_response_prediction_loss': False}"
no_identification_needed,pace_aux,2005,binary-role-allocation--no_identification_needed--identity,stochastic,exact_neural_policy_tree,99.96378398927543,0.008657889402463982,0.027558121322105476,0.0,0.027558121322105476,0.03621601072456946,,0.0017315778804927965,0.07816381759795908,0.0,0.0,0.00021644723506159956,,0.9999999578938834,5.972611010343046e-17,2.017039202328874e-09,,"{'0': 0.9233072089846246, '1': 0.07522168022055822, '2': 0.0014710686887004214}","{'policy_dri': False, 'active_frontier_distance': True, 'oracle_normalized_return': False, 'response_signature_accuracy': True, 'belief_calibration': True, 'partner_response_prediction_loss': False}"
no_identification_needed,pace_aux,2006,binary-role-allocation--no_identification_needed--identity,greedy,exact_neural_policy_tree,100.0,0.0,0.0,0.0,0.0,0.0,,0.0,0.0,0.0,0.0,0.0,,1.0,1.9984014443252818e-15,4.470348358154297e-08,,{'0': 1.0},"{'policy_dri': False, 'active_frontier_distance': True, 'oracle_normalized_return': False, 'response_signature_accuracy': True, 'belief_calibration': True, 'partner_response_prediction_loss': False}"
no_identification_needed,pace_aux,2006,binary-role-allocation--no_identification_needed--identity,stochastic,exact_neural_policy_tree,99.96633561686758,0.006383155547139016,0.027281227585285072,0.0,0.027281227585285072,0.03366438313242409,,0.0012766311094278033,0.05185776001801382,0.0,0.0,0.0001595788886784754,,0.9999999927408241,1.9959252364174988e-15,4.0275974555470384e-08,,"{'0': 0.9492134472238831, '1': 0.049715331015868336, '2': 0.0010712145010727445}","{'policy_dri': False, 'active_frontier_distance': True, 'oracle_normalized_return': False, 'response_signature_accuracy': True, 'belief_calibration': True, 'partner_response_prediction_loss': False}"
no_identification_needed,pace_aux,2007,binary-role-allocation--no_identification_needed--identity,greedy,exact_neural_policy_tree,100.0,0.0,0.0,0.0,0.0,0.0,,0.0,0.0,0.0,0.0,0.0,,1.0,8.881784197001252e-16,2.9802322387695312e-08,,{'0': 1.0},"{'policy_dri': False, 'active_frontier_distance': True, 'oracle_normalized_return': False, 'response_signature_accuracy': True, 'belief_calibration': True, 'partner_response_prediction_loss': False}"
no_identification_needed,pace_aux,2007,binary-role-allocation--no_identification_needed--identity,stochastic,exact_neural_policy_tree,99.97251336884605,0.003205425309719269,0.024281205844234356,0.0,0.024281205844234356,0.027486631153953625,,0.0006410850619438538,0.052771179972461744,0.0,0.0,8.013563274298173e-05,,1.000000010512656,1.1621415878515619e-15,2.4695125722118405e-08,,"{'0': 0.9485257507185452, '1': 0.050177339615759556, '2': 0.0012969201783510906}","{'policy_dri': False, 'active_frontier_distance': True, 'oracle_normalized_return': False, 'response_signature_accuracy': True, 'belief_calibration': True, 'partner_response_prediction_loss': False}"
no_identification_needed,pace_aux,2008,binary-role-allocation--no_identification_needed--identity,greedy,exact_neural_policy_tree,100.0,0.0,0.0,0.0,0.0,0.0,,0.0,0.0,0.0,0.0,0.0,,1.0,3.552713678800501e-15,5.960464477539063e-08,,{'0': 1.0},"{'policy_dri': False, 'active_frontier_distance': True, 'oracle_normalized_return': False, 'response_signature_accuracy': True, 'belief_calibration': True, 'partner_response_prediction_loss': False}"
no_identification_needed,pace_aux,2008,binary-role-allocation--no_identification_needed--identity,stochastic,exact_neural_policy_tree,99.97322980686131,0.0041578975021413665,0.02261229563654782,0.0,0.02261229563654782,0.026770193138689186,,0.0008315795004282733,0.07911793005130292,0.0,0.0,0.00010394743755353416,,0.9999999538673314,3.4959266574644482e-15,5.1248277066484604e-08,,"{'0': 0.9217153373174369, '1': 0.07745130304848595, '2': 0.0008333135014084884}","{'policy_dri': False, 'active_frontier_distance': True, 'oracle_normalized_return': False, 'response_signature_accuracy': True, 'belief_calibration': True, 'partner_response_prediction_loss': False}"
no_identification_needed,pace_aux,2009,binary-role-allocation--no_identification_needed--identity,greedy,exact_neural_policy_tree,100.0,0.0,0.0,0.0,0.0,0.0,,0.0,0.0,0.0,0.0,0.0,,1.0,2.220446049250313e-16,1.4901161193847656e-08,,{'0': 1.0},"{'policy_dri': False, 'active_frontier_distance': True, 'oracle_normalized_return': False, 'response_signature_accuracy': True, 'belief_calibration': True, 'partner_response_prediction_loss': False}"
no_identification_needed,pace_aux,2009,binary-role-allocation--no_identification_needed--identity,stochastic,exact_neural_policy_tree,99.976906255922,0.005539925255389985,0.017553818822608078,0.0,0.017553818822608078,0.023093744077998062,,0.001107985051077997,0.06504004596183222,0.0,0.0,0.00013849813138474962,,0.9999999417376918,2.409165552496307e-16,1.3326837633442778e-08,,"{'0': 0.9362512441002764, '1': 0.06245734931299922, '2': 0.0012913483244164966}","{'policy_dri': False, 'active_frontier_distance': True, 'oracle_normalized_return': False, 'response_signature_accuracy': True, 'belief_calibration': True, 'partner_response_prediction_loss': False}"
no_identification_needed,pace_aux,2010,binary-role-allocation--no_identification_needed--identity,greedy,exact_neural_policy_tree,100.0,0.0,0.0,0.0,0.0,0.0,,0.0,0.0,0.0,0.0,0.0,,1.0,1.0880185641326534e-14,1.043081283569336e-07,,{'0': 1.0},"{'policy_dri': False, 'active_frontier_distance': True, 'oracle_normalized_return': False, 'response_signature_accuracy': True, 'belief_calibration': True, 'partner_response_prediction_loss': False}"
no_identification_needed,pace_aux,2010,binary-role-allocation--no_identification_needed--identity,stochastic,exact_neural_policy_tree,99.98228208723735,0.004295168216867539,0.013422744545779644,0.0,0.013422744545779644,0.017717912762647184,,0.0008590336433735077,0.028905134320045784,0.0,0.0,0.00010737920542168848,,1.0000000440920704,1.0608706661410143e-14,1.0063928934656019e-07,,"{'0': 0.9714610010269098, '1': 0.0281729518102752, '2': 0.0003660912548852922}","{'policy_dri': False, 'active_frontier_distance': True, 'oracle_normalized_return': False, 'response_signature_accuracy': True, 'belief_calibration': True, 'partner_response_prediction_loss': False}"
no_identification_needed,pace_style,2001,binary-role-allocation--no_identification_needed--identity,greedy,exact_neural_policy_tree,100.0,0.0,0.0,0.0,0.0,0.0,,0.0,2.0,0.0,0.0,0.0,,1.0,3.1086244689504383e-15,4.4703483470520666e-08,,{'2': 1.0},"{'policy_dri': False, 'active_frontier_distance': True, 'oracle_normalized_return': False, 'response_signature_accuracy': True, 'belief_calibration': True, 'partner_response_prediction_loss': False}"
no_identification_needed,pace_style,2001,binary-role-allocation--no_identification_needed--identity,stochastic,exact_neural_policy_tree,99.8804919143975,0.017608360548739,0.10189972505377064,0.0,0.10189972505377064,0.11950808560250964,,0.0035216721097478,1.8947294909685295,0.0,0.0,0.000440209013718475,,0.9999999865516759,2.89919568352342e-15,3.998432940299779e-08,,"{'0': 0.026539971819147468, '1': 0.05219053849652757, '2': 0.921269476236001}","{'policy_dri': False, 'active_frontier_distance': True, 'oracle_normalized_return': False, 'response_signature_accuracy': True, 'belief_calibration': True, 'partner_response_prediction_loss': False}"
no_identification_needed,pace_style,2002,binary-role-allocation--no_identification_needed--identity,greedy,exact_neural_policy_tree,100.0,0.0,0.0,0.0,0.0,0.0,,0.0,2.0,0.0,0.0,0.0,,1.0,3.0642155479654322e-15,1.1920928910669204e-08,,{'2': 1.0},"{'policy_dri': False, 'active_frontier_distance': True, 'oracle_normalized_return': False, 'response_signature_accuracy': True, 'belief_calibration': True, 'partner_response_prediction_loss': False}"
no_identification_needed,pace_style,2002,binary-role-allocation--no_identification_needed--identity,stochastic,exact_neural_policy_tree,99.92876450836567,0.008516598775821187,0.06271889285850464,0.0,0.06271889285850464,0.07123549163432583,,0.0017033197551642374,1.943798717342468,0.0,0.0,0.00021291496939552967,,1.0000001300550927,2.984318218962313e-15,1.2052512987636987e-08,,"{'0': 0.018020650721155107, '1': 0.020160241325407058, '2': 0.9618192380085304}","{'policy_dri': False, 'active_frontier_distance': True, 'oracle_normalized_return': False, 'response_signature_accuracy': True, 'belief_calibration': True, 'partner_response_prediction_loss': False}"
no_identification_needed,pace_style,2003,binary-role-allocation--no_identification_needed--identity,greedy,exact_neural_policy_tree,100.0,0.0,0.0,0.0,0.0,0.0,,0.0,2.0,0.0,0.0,0.0,,1.0,1.7763568394002505e-15,3.576278695405222e-08,,{'2': 1.0},"{'policy_dri': False, 'active_frontier_distance': True, 'oracle_normalized_return': False, 'response_signature_accuracy': True, 'belief_calibration': True, 'partner_response_prediction_loss': False}"
no_identification_needed,pace_style,2003,binary-role-allocation--no_identification_needed--identity,stochastic,exact_neural_policy_tree,99.89717244205511,0.011754471235364805,0.0910730867095198,0.0,0.0910730867095198,0.1028275579448846,,0.002350894247072961,1.9295600103550214,0.0,0.0,0.00029386178088412014,,1.000000025481411,1.8282305745586004e-15,3.515363888872969e-08,,"{'0': 0.02272899606032297, '1': 0.02498204848715513, '2': 0.9522889809339328}","{'policy_dri': False, 'active_frontier_distance': True, 'oracle_normalized_return': False, 'response_signature_accuracy': True, 'belief_calibration': True, 'partner_response_prediction_loss': False}"
no_identification_needed,pace_style,2004,binary-role-allocation--no_identification_needed--identity,greedy,exact_neural_policy_tree,100.0,0.0,0.0,0.0,0.0,0.0,,0.0,2.0,0.0,0.0,0.0,,1.0,6.505906924303418e-15,6.4074993089136e-08,,{'2': 1.0},"{'policy_dri': False, 'active_frontier_distance': True, 'oracle_normalized_return': False, 'response_signature_accuracy': True, 'belief_calibration': True, 'partner_response_prediction_loss': False}"
no_identification_needed,pace_style,2004,binary-role-allocation--no_identification_needed--identity,stochastic,exact_neural_policy_tree,99.89442382678445,0.01234333226723511,0.09323284094832116,0.0,0.09323284094832116,0.10557617321555626,,0.002468666453447022,1.956043664536842,0.0,0.0,0.0003085833066808777,,0.9999999465291315,6.324243419935197e-15,6.234082994271972e-08,,"{'0': 0.013734377920627594, '1': 0.0164874726801656, '2': 0.9697780959283383}","{'policy_dri': False, 'active_frontier_distance': True, 'oracle_normalized_return': False, 'response_signature_accuracy': True, 'belief_calibration': True, 'partner_response_prediction_loss': False}"
no_identification_needed,pace_style,2005,binary-role-allocation--no_identification_needed--identity,greedy,exact_neural_policy_tree,100.0,0.0,0.0,0.0,0.0,0.0,,0.0,2.0,0.0,0.0,0.0,,1.0,5.551115123125783e-16,2.2351741679749182e-08,,{'2': 1.0},"{'policy_dri': False, 'active_frontier_distance': True, 'oracle_normalized_return': False, 'response_signature_accuracy': True, 'belief_calibration': True, 'partner_response_prediction_loss': False}"
no_identification_needed,pace_style,2005,binary-role-allocation--no_identification_needed--identity,stochastic,exact_neural_policy_tree,99.87850646023904,0.017455861693439795,0.10403767806751892,0.0,0.10403767806751892,0.12149353976095871,,0.003491172338687959,1.9366555190873427,0.0,0.0,0.0004363965423359949,,1.000000078354352,5.933568503467042e-16,2.2486440709457156e-08,,"{'0': 0.021219299611402676, '1': 0.020906038398555604, '2': 0.9578747403443936}","{'policy_dri': False, 'active_frontier_distance': True, 'oracle_normalized_return': False, 'response_signature_accuracy': True, 'belief_calibration': True, 'partner_response_prediction_loss': False}"
no_identification_needed,pace_style,2006,binary-role-allocation--no_identification_needed--identity,greedy,exact_neural_policy_tree,100.0,0.0,0.0,0.0,0.0,0.0,,0.0,2.0,0.0,0.0,0.0,,1.0,8.215650382226159e-16,1.0430812769079978e-08,,{'2': 1.0},"{'policy_dri': False, 'active_frontier_distance': True, 'oracle_normalized_return': False, 'response_signature_accuracy': True, 'belief_calibration': True, 'partner_response_prediction_loss': False}"
no_identification_needed,pace_style,2006,binary-role-allocation--no_identification_needed--identity,stochastic,exact_neural_policy_tree,99.85963487582782,0.018737450646144706,0.12162767352603156,0.0,0.12162767352603156,0.14036512417217625,,0.0037474901292289414,1.9247722240671021,0.0,0.0,0.00046843626615361767,,0.9999999966319402,8.221253326946843e-16,1.0685211160321728e-08,,"{'0': 0.025647986738476902, '1': 0.023931795719824785, '2': 0.9504202141736386}","{'policy_dri': False, 'active_frontier_distance': True, 'oracle_normalized_return': False, 'response_signature_accuracy': True, 'belief_calibration': True, 'partner_response_prediction_loss': False}"
no_identification_needed,pace_style,2007,binary-role-allocation--no_identification_needed--identity,greedy,exact_neural_policy_tree,100.0,0.0,0.0,0.0,0.0,0.0,,0.0,2.0,0.0,0.0,0.0,,1.0,1.9761969838327787e-15,4.023313515677529e-08,,{'2': 1.0},"{'policy_dri': False, 'active_frontier_distance': True, 'oracle_normalized_return': False, 'response_signature_accuracy': True, 'belief_calibration': True, 'partner_response_prediction_loss': False}"
no_identification_needed,pace_style,2007,binary-role-allocation--no_identification_needed--identity,stochastic,exact_neural_policy_tree,99.88860136256575,0.00945357093277884,0.10194506650147507,0.0,0.10194506650147507,0.1113986374342539,,0.0018907141865557682,1.9363324075947128,0.0,0.0,0.000236339273319471,,0.9999998656536374,2.014981224131999e-15,3.701174611236979e-08,,"{'0': 0.018275119975442067, '1': 0.02711708376167823, '2': 0.9546076619165171}","{'policy_dri': False, 'active_frontier_distance': True, 'oracle_normalized_return': False, 'response_signature_accuracy': True, 'belief_calibration': True, 'partner_response_prediction_loss': False}"
no_identification_needed,pace_style,2008,binary-role-allocation--no_identification_needed--identity,greedy,exact_neural_policy_tree,100.0,0.0,0.0,0.0,0.0,0.0,,0.0,2.0,0.0,0.0,0.0,,1.0,4.884981308350689e-16,2.9802321721561498e-09,,{'2': 1.0},"{'policy_dri': False, 'active_frontier_distance': True, 'oracle_normalized_return': False, 'response_signature_accuracy': True, 'belief_calibration': True, 'partner_response_prediction_loss': False}"
no_identification_needed,pace_style,2008,binary-role-allocation--no_identification_needed--identity,stochastic,exact_neural_policy_tree,99.90683158420607,0.009331980294872385,0.0838364354990513,0.0,0.0838364354990513,0.09316841579392368,,0.0018663960589744772,1.9135698355590895,0.0,0.0,0.00023329950737180962,,0.9999999830783162,4.838024218147824e-16,3.5481401150505576e-09,,"{'0': 0.018918609275715426, '1': 0.04859291204611115, '2': 0.9324884617564894}","{'policy_dri': False, 'active_frontier_distance': True, 'oracle_normalized_return': False, 'response_signature_accuracy': True, 'belief_calibration': True, 'partner_response_prediction_loss': False}"
no_identification_needed,pace_style,2009,binary-role-allocation--no_identification_needed--identity,greedy,exact_neural_policy_tree,100.0,0.0,0.0,0.0,0.0,0.0,,0.0,2.0,0.0,0.0,0.0,,1.0,1.865174681370263e-15,8.940696627490752e-09,,{'2': 1.0},"{'policy_dri': False, 'active_frontier_distance': True, 'oracle_normalized_return': False, 'response_signature_accuracy': True, 'belief_calibration': True, 'partner_response_prediction_loss': False}"
no_identification_needed,pace_style,2009,binary-role-allocation--no_identification_needed--identity,stochastic,exact_neural_policy_tree,99.90928727189012,0.013184265477544983,0.0775284626323352,0.0,0.0775284626323352,0.09071272810988018,,0.0026368530955089967,1.9409484616405666,0.0,0.0,0.0003296066369386246,,1.0000000024172553,1.9031131976269866e-15,1.0188621502038586e-08,,"{'0': 0.01948468343471177, '1': 0.0200821763245201, '2': 0.9604331426580233}","{'policy_dri': False, 'active_frontier_distance': True, 'oracle_normalized_return': False, 'response_signature_accuracy': True, 'belief_calibration': True, 'partner_response_prediction_loss': False}"
no_identification_needed,pace_style,2010,binary-role-allocation--no_identification_needed--identity,greedy,exact_neural_policy_tree,100.0,0.0,0.0,0.0,0.0,0.0,,0.0,2.0,0.0,0.0,0.0,,1.0,9.325873406851313e-16,2.3841857821338408e-08,,{'2': 1.0},"{'policy_dri': False, 'active_frontier_distance': True, 'oracle_normalized_return': False, 'response_signature_accuracy': True, 'belief_calibration': True, 'partner_response_prediction_loss': False}"
no_identification_needed,pace_style,2010,binary-role-allocation--no_identification_needed--identity,stochastic,exact_neural_policy_tree,99.89122684939426,0.010842564369491405,0.0979305862362478,0.0,0.0979305862362478,0.10877315060573921,,0.002168512873898281,1.9306792310636078,0.0,0.0,0.00027106410923728513,,1.000000044965711,9.575751855198808e-16,2.3096349943685368e-08,,"{'0': 0.01968199768452905, '1': 0.029956863498755808, '2': 0.950361183782426}","{'policy_dri': False, 'active_frontier_distance': True, 'oracle_normalized_return': False, 'response_signature_accuracy': True, 'belief_calibration': True, 'partner_response_prediction_loss': False}"
passive_early,mlp_ppo,2001,binary-role-allocation--passive_early--identity,greedy,exact_neural_policy_tree,92.0,0.0,8.0,8.0,0.0,8.0,0.6,0.0,1.0,0.27807190511263774,0.27807190511263774,0.0,1.0,,,,,{'1': 1.0},"{'policy_dri': True, 'active_frontier_distance': True, 'oracle_normalized_return': True, 'response_signature_accuracy': False, 'belief_calibration': False, 'partner_response_prediction_loss': False}"
passive_early,mlp_ppo,2001,binary-role-allocation--passive_early--identity,stochastic,exact_neural_policy_tree,88.68126646222747,0.06678421661774453,11.25194932115479,9.478416153860339,1.7735331672944508,11.318733537772534,0.5260791923069831,0.013356843323548905,0.927936250719993,0.24381306310123763,0.24381306310123763,0.03699809501501767,0.7234388718522892,,,,,"{'0': 0.12320135906338692, '1': 0.825660992428157, '2': 0.05113762914591798}","{'policy_dri': True, 'active_frontier_distance': True, 'oracle_normalized_return': True, 'response_signature_accuracy': False, 'belief_calibration': False, 'partner_response_prediction_loss': False}"
passive_early,mlp_ppo,2002,binary-role-allocation--passive_early--identity,greedy,exact_neural_policy_tree,92.0,0.0,8.0,8.0,0.0,8.0,0.6,0.0,1.0,0.27807190511263774,0.27807190511263774,0.0,1.0,,,,,{'1': 1.0},"{'policy_dri': True, 'active_frontier_distance': True, 'oracle_normalized_return': True, 'response_signature_accuracy': False, 'belief_calibration': False, 'partner_response_prediction_loss': False}"
passive_early,mlp_ppo,2002,binary-role-allocation--passive_early--identity,stochastic,exact_neural_policy_tree,88.69574847092645,0.07998920739700391,11.224262321676557,9.400394526055837,1.8238677956207194,11.30425152907356,0.5299802736972081,0.01599784147940078,0.934698579366079,0.2456210620364547,0.2456210620364547,0.03506692799051509,0.7246457059105372,,,,,"{'0': 0.11669951304793358, '1': 0.8319024869082122, '2': 0.05139804622893338}","{'policy_dri': True, 'active_frontier_distance': True, 'oracle_normalized_return': True, 'response_signature_accuracy': False, 'belief_calibration': False, 'partner_response_prediction_loss': False}"
passive_early,mlp_ppo,2003,binary-role-allocation--passive_early--identity,greedy,exact_neural_policy_tree,92.0,0.0,8.0,8.0,0.0,8.0,0.6,0.0,1.0,0.27807190511263774,0.27807190511263774,0.0,1.0,,,,,{'1': 1.0},"{'policy_dri': True, 'active_frontier_distance': True, 'oracle_normalized_return': True, 'response_signature_accuracy': False, 'belief_calibration': False, 'partner_response_prediction_loss': False}"
passive_early,mlp_ppo,2003,binary-role-allocation--passive_early--identity,stochastic,exact_neural_policy_tree,89.54126227641703,0.03656130499094092,10.422176418592036,9.068203663440833,1.3539727551512026,10.458737723582978,0.5465898168279584,0.007312260998188185,0.9400626418353536,0.2533187924999253,0.2533187924999253,0.026720729261322768,0.7951051897014191,,,,,"{'0': 0.08901696279644966, '1': 0.8819034600426063, '2': 0.029079590896373624}","{'policy_dri': True, 'active_frontier_distance': True, 'oracle_normalized_return': True, 'response_signature_accuracy': False, 'belief_calibration': False, 'partner_response_prediction_loss': False}"
passive_early,mlp_ppo,2004,binary-role-allocation--passive_early--identity,greedy,exact_neural_policy_tree,92.0,0.0,8.0,8.0,0.0,8.0,0.6,0.0,1.0,0.27807190511263774,0.27807190511263774,0.0,1.0,,,,,{'1': 1.0},"{'policy_dri': True, 'active_frontier_distance': True, 'oracle_normalized_return': True, 'response_signature_accuracy': False, 'belief_calibration': False, 'partner_response_prediction_loss': False}"
passive_early,mlp_ppo,2004,binary-role-allocation--passive_early--identity,stochastic,exact_neural_policy_tree,88.30655995474774,0.07571227865926589,11.617727766592996,9.559651829519007,2.0580759370739887,11.693440045252261,0.5220174085240497,0.015142455731853178,0.9292240884115376,0.24193062765441642,0.24193062765441642,0.039037211241821586,0.6922133295623117,,,,,"{'0': 0.129970982670784, '1': 0.8108339556142945, '2': 0.059195066398621654}","{'policy_dri': True, 'active_frontier_distance': True, 'oracle_normalized_return': True, 'response_signature_accuracy': False, 'belief_calibration': False, 'partner_response_prediction_loss': False}"
passive_early,mlp_ppo,2005,binary-role-allocation--passive_early--identity,greedy,exact_neural_policy_tree,92.0,0.0,8.0,8.0,0.0,8.0,0.6,0.0,1.0,0.27807190511263774,0.27807190511263774,0.0,1.0,,,,,{'1': 1.0},"{'policy_dri': True, 'active_frontier_distance': True, 'oracle_normalized_return': True, 'response_signature_accuracy': False, 'belief_calibration': False, 'partner_response_prediction_loss': False}"
passive_early,mlp_ppo,2005,binary-role-allocation--passive_early--identity,stochastic,exact_neural_policy_tree,89.57497451767104,0.05117759149441348,10.37384789083455,8.847911281242718,1.5259366095918327,10.425025482328964,0.5576044359378641,0.010235518298882695,0.9778176624446493,0.258423510817506,0.258423510817506,0.021236358661647876,0.7979145431392531,,,,,"{'0': 0.0706593245267868, '1': 0.8808635352320964, '2': 0.0484770636062765}","{'policy_dri': True, 'active_frontier_distance': True, 'oracle_normalized_return': True, 'response_signature_accuracy': False, 'belief_calibration': False, 'partner_response_prediction_loss': False}"
passive_early,mlp_ppo,2006,binary-role-allocation--passive_early--identity,greedy,exact_neural_policy_tree,92.0,0.0,8.0,8.0,0.0,8.0,0.6,0.0,1.0,0.27807190511263774,0.27807190511263774,0.0,1.0,,,,,{'1': 1.0},"{'policy_dri': True, 'active_frontier_distance': True, 'oracle_normalized_return': True, 'response_signature_accuracy': False, 'belief_calibration': False, 'partner_response_prediction_loss': False}"
passive_early,mlp_ppo,2006,binary-role-allocation--passive_early--identity,stochastic,exact_neural_policy_tree,89.3077980284537,0.10550364246715356,10.586698329079148,9.42803615191221,1.1586621771669385,10.692201971546302,0.5285981924043895,0.021100728493430712,0.9136600741811359,0.244980541663913,0.244980541663913,0.03579820412519029,0.7756498357044753,,,,,"{'0': 0.11900296807289124, '1': 0.8483341234324602, '2': 0.032662975374337835}","{'policy_dri': True, 'active_frontier_distance': True, 'oracle_normalized_return': True, 'response_signature_accuracy': False, 'belief_calibration': False, 'partner_response_prediction_loss': False}"
passive_early,mlp_ppo,2007,binary-role-allocation--passive_early--identity,greedy,exact_neural_policy_tree,92.0,0.0,8.0,8.0,0.0,8.0,0.6,0.0,1.0,0.27807190511263774,0.27807190511263774,0.0,1.0,,,,,{'1': 1.0},"{'policy_dri': True, 'active_frontier_distance': True, 'oracle_normalized_return': True, 'response_signature_accuracy': False, 'belief_calibration': False, 'partner_response_prediction_loss': False}"
passive_early,mlp_ppo,2007,binary-role-allocation--passive_early--identity,stochastic,exact_neural_policy_tree,89.70892753363151,0.056976817350907254,10.234095649017576,8.906635220722375,1.3274604282952005,10.291072466368483,0.5546682389638813,0.011395363470181451,0.9687487598037684,0.25706276060250627,0.25706276060250627,0.022710594735301244,0.8090772944692924,,,,,"{'0': 0.07555292919278145, '1': 0.880145399412918, '2': 0.04430168019542516}","{'policy_dri': True, 'active_frontier_distance': True, 'oracle_normalized_return': True, 'response_signature_accuracy': False, 'belief_calibration': False, 'partner_response_prediction_loss': False}"
passive_early,mlp_ppo,2008,binary-role-allocation--passive_early--identity,greedy,exact_neural_policy_tree,92.0,0.0,8.0,8.0,0.0,8.0,0.6,0.0,1.0,0.27807190511263774,0.27807190511263774,0.0,1.0,,,,,{'1': 1.0},"{'policy_dri': True, 'active_frontier_distance': True, 'oracle_normalized_return': True, 'response_signature_accuracy': False, 'belief_calibration': False, 'partner_response_prediction_loss': False}"
passive_early,mlp_ppo,2008,binary-role-allocation--passive_early--identity,stochastic,exact_neural_policy_tree,87.6794233475132,0.1188365540046894,12.201740098482125,10.344177336224805,1.85756276225732,12.320576652486814,0.48279113318875977,0.023767310800937882,0.8530352037804688,0.22375105863654488,0.22375105863654488,0.05867968936436678,0.6399519456260995,,,,,"{'0': 0.19534814730286598, '1': 0.7562683937614025, '2': 0.048383405009533205}","{'policy_dri': True, 'active_frontier_distance': True, 'oracle_normalized_return': True, 'response_signature_accuracy': False, 'belief_calibration': False, 'partner_response_prediction_loss': False}"
passive_early,mlp_ppo,2009,binary-role-allocation--passive_early--identity,greedy,exact_neural_policy_tree,92.0,0.0,8.0,8.0,0.0,8.0,0.6,0.0,1.0,0.27807190511263774,0.27807190511263774,0.0,1.0,,,,,{'1': 1.0},"{'policy_dri': True, 'active_frontier_distance': True, 'oracle_normalized_return': True, 'response_signature_accuracy': False, 'belief_calibration': False, 'partner_response_prediction_loss': False}"
passive_early,mlp_ppo,2009,binary-role-allocation--passive_early--identity,stochastic,exact_neural_policy_tree,87.59561286602658,0.06971732764926693,12.334669806324154,10.75135780331071,1.5833120030134449,12.40438713397342,0.46243210983446453,0.013943465529853385,0.8111046434372061,0.21431561980306638,0.21431561980306638,0.06880602384427034,0.6329677388355487,,,,,"{'0': 0.22927983105182648, '1': 0.730335652131339, '2': 0.04038449565293357}","{'policy_dri': True, 'active_frontier_distance': True, 'oracle_normalized_return': True, 'response_signature_accuracy': False, 'belief_calibration': False, 'partner_response_prediction_loss': False}"
passive_early,mlp_ppo,2010,binary-role-allocation--passive_early--identity,greedy,exact_neural_policy_tree,92.0,0.0,8.0,8.0,0.0,8.0,0.6,0.0,1.0,0.27807190511263774,0.27807190511263774,0.0,1.0,,,,,{'1': 1.0},"{'policy_dri': True, 'active_frontier_distance': True, 'oracle_normalized_return': True, 'response_signature_accuracy': False, 'belief_calibration': False, 'partner_response_prediction_loss': False}"
passive_early,mlp_ppo,2010,binary-role-allocation--passive_early--identity,stochastic,exact_neural_policy_tree,89.38007975389031,0.03619864599334342,10.583721600116345,9.026905965831105,1.5568156342852397,10.619920246109688,0.5486547017084448,0.007239729198668685,0.9512182837923636,0.2542757664386857,0.2542757664386857,0.025688594315270354,0.7816733128241928,,,,,"{'0': 0.08557549305260181, '1': 0.8776307424024036, '2': 0.03679377069498007}","{'policy_dri': True, 'active_frontier_distance': True, 'oracle_normalized_return': True, 'response_signature_accuracy': False, 'belief_calibration': False, 'partner_response_prediction_loss': False}"
passive_early,gru_ppo_passive,2001,binary-role-allocation--passive_early--identity,greedy,exact_neural_policy_tree,92.0,0.0,8.0,8.0,0.0,8.0,0.6,0.0,1.0,0.27807190511263774,0.27807190511263774,0.0,1.0,,,,,{'1': 1.0},"{'policy_dri': True, 'active_frontier_distance': True, 'oracle_normalized_return': True, 'response_signature_accuracy': False, 'belief_calibration': False, 'partner_response_prediction_loss': False}"
passive_early,gru_ppo_passive,2001,binary-role-allocation--passive_early--identity,stochastic,exact_neural_policy_tree,89.24170707594351,0.0,10.758292924056486,9.740723162906123,1.0175697611503622,10.758292924056486,0.5129638418546938,0.0,0.9436412879705738,0.23773473421375038,0.23773473421375038,0.043518079072653065,0.7701422563286258,,,,,"{'0': 0.1450602449476719, '1': 0.7662382780175976, '2': 0.08870150497648815}","{'policy_dri': True, 'active_frontier_distance': True, 'oracle_normalized_return': True, 'response_signature_accuracy': False, 'belief_calibration': False, 'partner_response_prediction_loss': False}"
passive_early,gru_ppo_passive,2002,binary-role-allocation--passive_early--identity,greedy,exact_neural_policy_tree,92.0,0.0,8.0,8.0,0.0,8.0,0.6,0.0,1.0,0.27807190511263774,0.27807190511263774,0.0,1.0,,,,,{'1': 1.0},"{'policy_dri': True, 'active_frontier_distance': True, 'oracle_normalized_return': True, 'response_signature_accuracy': False, 'belief_calibration': False, 'partner_response_prediction_loss': False}"
passive_early,gru_ppo_passive,2002,binary-role-allocation--passive_early--identity,stochastic,exact_neural_policy_tree,89.75021987767283,0.0,10.24978012232716,9.2671123442667,0.9826677780604598,10.24978012232716,0.536644382786665,0.0,0.9915800169442129,0.2487095517679147,0.2487095517679147,0.03167780860666747,0.8125183231394028,,,,,"{'0': 0.10559268295764923, '1': 0.7972346543342157, '2': 0.0971726813049986}","{'policy_dri': True, 'active_frontier_distance': True, 'oracle_normalized_return': True, 'response_signature_accuracy': False, 'belief_calibration': False, 'partner_response_prediction_loss': False}"
passive_early,gru_ppo_passive,2003,binary-role-allocation--passive_early--identity,greedy,exact_neural_policy_tree,92.0,0.0,8.0,8.0,0.0,8.0,0.6,0.0,1.0,0.27807190511263774,0.27807190511263774,0.0,1.0,,,,,{'1': 1.0},"{'policy_dri': True, 'active_frontier_distance': True, 'oracle_normalized_return': True, 'response_signature_accuracy': False, 'belief_calibration': False, 'partner_response_prediction_loss': False}"
passive_early,gru_ppo_passive,2003,binary-role-allocation--passive_early--identity,stochastic,exact_neural_policy_tree,89.66324257999693,0.0,10.336757420003062,9.456017850195007,0.8807395698080551,10.336757420003062,0.5271991074902497,0.0,0.9462707441147097,0.24433210022780258,0.24433210022780258,0.03640044625487515,0.8052702149997444,,,,,"{'0': 0.12133482098579407, '1': 0.8110596135050716, '2': 0.067605565304819}","{'policy_dri': True, 'active_frontier_distance': True, 'oracle_normalized_return': True, 'response_signature_accuracy': False, 'belief_calibration': False, 'partner_response_prediction_loss': False}"
passive_early,gru_ppo_passive,2004,binary-role-allocation--passive_early--identity,greedy,exact_neural_policy_tree,92.0,0.0,8.0,8.0,0.0,8.0,0.6,0.0,1.0,0.27807190511263774,0.27807190511263774,0.0,1.0,,,,,{'1': 1.0},"{'policy_dri': True, 'active_frontier_distance': True, 'oracle_normalized_return': True, 'response_signature_accuracy': False, 'belief_calibration': False, 'partner_response_prediction_loss': False}"
passive_early,gru_ppo_passive,2004,binary-role-allocation--passive_early--identity,stochastic,exact_neural_policy_tree,89.45490223526774,0.0,10.545097764732256,9.690622825557583,0.8544749391746738,10.545097764732256,0.5154688587221209,0.0,0.9625723539111438,0.23889573218128496,0.23889573218128496,0.04226557063893954,0.7879085196056449,,,,,"{'0': 0.1408851593732834, '1': 0.755657555611835, '2': 0.10345739914965434}","{'policy_dri': True, 'active_frontier_distance': True, 'oracle_normalized_return': True, 'response_signature_accuracy': False, 'belief_calibration': False, 'partner_response_prediction_loss': False}"
passive_early,gru_ppo_passive,2005,binary-role-allocation--passive_early--identity,greedy,exact_neural_policy_tree,92.0,0.0,8.0,8.0,0.0,8.0,0.6,0.0,1.0,0.27807190511263774,0.27807190511263774,0.0,1.0,,,,,{'1': 1.0},"{'policy_dri': True, 'active_frontier_distance': True, 'oracle_normalized_return': True, 'response_signature_accuracy': False, 'belief_calibration': False, 'partner_response_prediction_loss': False}"
passive_early,gru_ppo_passive,2005,binary-role-allocation--passive_early--identity,stochastic,exact_neural_policy_tree,89.60047261632513,0.0,10.399527383674872,9.379200050454882,1.0203273332199903,10.399527383674872,0.5310399974772559,0.0,0.9445736377365412,0.24611214675250442,0.24611214675250442,0.034480001261372045,0.8000393846937612,,,,,"{'0': 0.11493337526917458, '1': 0.8255594985313066, '2': 0.059507069602617375}","{'policy_dri': True, 'active_frontier_distance': True, 'oracle_normalized_return': True, 'response_signature_accuracy': False, 'belief_calibration': False, 'partner_response_prediction_loss': False}"
passive_early,gru_ppo_passive,2006,binary-role-allocation--passive_early--identity,greedy,exact_neural_policy_tree,92.0,0.0,8.0,8.0,0.0,8.0,0.6,0.0,1.0,0.27807190511263774,0.27807190511263774,0.0,1.0,,,,,{'1': 1.0},"{'policy_dri': True, 'active_frontier_distance': True, 'oracle_normalized_return': True, 'response_signature_accuracy': False, 'belief_calibration': False, 'partner_response_prediction_loss': False}"
passive_early,gru_ppo_passive,2006,binary-role-allocation--passive_early--identity,stochastic,exact_neural_policy_tree,89.51248333678143,0.0,10.487516663218571,9.61213995229588,0.8753767109226906,10.487516663218571,0.519393002385206,0.0,0.9967695494936393,0.24071434459210256,0.24071434459210256,0.040303498807397004,0.7927069447317857,,,,,"{'0': 0.13434498384594917, '1': 0.7345405193505847, '2': 0.13111451507152724}","{'policy_dri': True, 'active_frontier_distance': True, 'oracle_normalized_return': True, 'response_signature_accuracy': False, 'belief_calibration': False, 'partner_response_prediction_loss': False}"
passive_early,gru_ppo_passive,2007,binary-role-allocation--passive_early--identity,greedy,exact_neural_policy_tree,92.0,0.0,8.0,8.0,0.0,8.0,0.6,0.0,1.0,0.27807190511263774,0.27807190511263774,0.0,1.0,,,,,{'1': 1.0},"{'policy_dri': True, 'active_frontier_distance': True, 'oracle_normalized_return': True, 'response_signature_accuracy': False, 'belief_calibration': False, 'partner_response_prediction_loss': False}"
passive_early,gru_ppo_passive,2007,binary-role-allocation--passive_early--identity,stochastic,exact_neural_policy_tree,90.1473119174116,0.0,9.852688082588402,9.136641294762018,0.7160467878263841,9.852688082588402,0.5431679352618991,0.0,0.9624179985599023,0.25173292330657426,0.25173292330657426,0.028416032369050437,0.8456093264509666,,,,,"{'0': 0.09472008049488068, '1': 0.8481419226561988, '2': 0.05713803795185176}","{'policy_dri': True, 'active_frontier_distance': True, 'oracle_normalized_return': True, 'response_signature_accuracy': False, 'belief_calibration': False, 'partner_response_prediction_loss': False}"
passive_early,gru_ppo_passive,2008,binary-role-allocation--passive_early--identity,greedy,exact_neural_policy_tree,92.0,0.0,8.0,8.0,0.0,8.0,0.6,0.0,1.0,0.27807190511263774,0.27807190511263774,0.0,1.0,,,,,{'1': 1.0},"{'policy_dri': True, 'active_frontier_distance': True, 'oracle_normalized_return': True, 'response_signature_accuracy': False, 'belief_calibration': False, 'partner_response_prediction_loss': False}"
passive_early,gru_ppo_passive,2008,binary-role-allocation--passive_early--identity,stochastic,exact_neural_policy_tree,89.00815079372336,0.0,10.99184920627664,9.704442272226673,1.287406934049967,10.99184920627664,0.5147778863886663,0.0,0.8990464451625934,0.23857546205655356,0.23857546205655356,0.04261105680566682,0.7506792328102799,,,,,"{'0': 0.1420368328690529, '1': 0.8168799585488108, '2': 0.041083243306891275}","{'policy_dri': True, 'active_frontier_distance': True, 'oracle_normalized_return': True, 'response_signature_accuracy': False, 'belief_calibration': False, 'partner_response_prediction_loss': False}"
passive_early,gru_ppo_passive,2009,binary-role-allocation--passive_early--identity,greedy,exact_neural_policy_tree,92.0,0.0,8.0,8.0,0.0,8.0,0.6,0.0,1.0,0.27807190511263774,0.27807190511263774,0.0,1.0,,,,,{'1': 1.0},"{'policy_dri': True, 'active_frontier_distance': True, 'oracle_normalized_return': True, 'response_signature_accuracy': False, 'belief_calibration': False, 'partner_response_prediction_loss': False}"
passive_early,gru_ppo_passive,2009,binary-role-allocation--passive_early--identity,stochastic,exact_neural_policy_tree,88.48662212170207,0.0,11.513377878297932,10.17266632788511,1.3407115504128218,11.513377878297932,0.4913666836057445,0.0,1.0282488658244522,0.2277254161314805,0.2277254161314805,0.054316658197127776,0.7072185101418391,,,,,"{'0': 0.18105557560920715, '1': 0.6096398381007901, '2': 0.20930451386183097}","{'policy_dri': True, 'active_frontier_distance': True, 'oracle_normalized_return': True, 'response_signature_accuracy': False, 'belief_calibration': False, 'partner_response_prediction_loss': False}"
passive_early,gru_ppo_passive,2010,binary-role-allocation--passive_early--identity,greedy,exact_neural_policy_tree,92.0,0.0,8.0,8.0,0.0,8.0,0.6,0.0,1.0,0.27807190511263774,0.27807190511263774,0.0,1.0,,,,,{'1': 1.0},"{'policy_dri': True, 'active_frontier_distance': True, 'oracle_normalized_return': True, 'response_signature_accuracy': False, 'belief_calibration': False, 'partner_response_prediction_loss': False}"
passive_early,gru_ppo_passive,2010,binary-role-allocation--passive_early--identity,stochastic,exact_neural_policy_tree,89.49272307291113,0.0,10.507276927088864,9.503099020899066,1.0041779061897973,10.507276927088864,0.5248450489550467,0.0,0.9856445058530522,0.24324113012046122,0.24324113012046122,0.037577475522476644,0.7910602560759278,,,,,"{'0': 0.1252582147717476, '1': 0.7638391755129765, '2': 0.11090266517003784}","{'policy_dri': True, 'active_frontier_distance': True, 'oracle_normalized_return': True, 'response_signature_accuracy': False, 'belief_calibration': False, 'partner_response_prediction_loss': False}"
passive_early,gru_ppo_active,2001,binary-role-allocation--passive_early--identity,greedy,exact_neural_policy_tree,92.0,0.0,8.0,8.0,0.0,8.0,0.6,0.0,1.0,0.27807190511263774,0.27807190511263774,0.0,1.0,,,,,{'1': 1.0},"{'policy_dri': True, 'active_frontier_distance': True, 'oracle_normalized_return': True, 'response_signature_accuracy': False, 'belief_calibration': False, 'partner_response_prediction_loss': False}"
passive_early,gru_ppo_active,2001,binary-role-allocation--passive_early--identity,stochastic,exact_neural_policy_tree,88.80812550389285,0.06438086557416449,11.127493630532983,9.799947996322377,1.3275456342106065,11.191874496107149,0.5100026001838811,0.0128761731148329,0.9028134067452467,0.23636234796923822,0.23636234796923822,0.045027475537977195,0.7340104586577377,,,,,"{'0': 0.14999563246965408, '1': 0.7971954299870773, '2': 0.05280898837908469}","{'policy_dri': True, 'active_frontier_distance': True, 'oracle_normalized_return': True, 'response_signature_accuracy': False, 'belief_calibration': False, 'partner_response_prediction_loss': False}"
passive_early,gru_ppo_active,2002,binary-role-allocation--passive_early--identity,greedy,exact_neural_policy_tree,92.0,0.0,8.0,8.0,0.0,8.0,0.6,0.0,1.0,0.27807190511263774,0.27807190511263774,0.0,1.0,,,,,{'1': 1.0},"{'policy_dri': True, 'active_frontier_distance': True, 'oracle_normalized_return': True, 'response_signature_accuracy': False, 'belief_calibration': False, 'partner_response_prediction_loss': False}"
passive_early,gru_ppo_active,2002,binary-role-allocation--passive_early--identity,stochastic,exact_neural_policy_tree,89.36431206560917,0.0622717565255068,10.573416177865324,9.357875177212636,1.2155410006526886,10.63568793439083,0.5321062411393682,0.01245435130510136,0.9469520416854205,0.2466063361406972,0.2466063361406972,0.0339825577369389,0.7803593388007641,,,,,"{'0': 0.11315625160932541, '1': 0.8267354945711114, '2': 0.06010827355715456}","{'policy_dri': True, 'active_frontier_distance': True, 'oracle_normalized_return': True, 'response_signature_accuracy': False, 'belief_calibration': False, 'partner_response_prediction_loss': False}"
passive_early,gru_ppo_active,2003,binary-role-allocation--passive_early--identity,greedy,exact_neural_policy_tree,92.0,0.0,8.0,8.0,0.0,8.0,0.6,0.0,1.0,0.27807190511263774,0.27807190511263774,0.0,1.0,,,,,{'1': 1.0},"{'policy_dri': True, 'active_frontier_distance': True, 'oracle_normalized_return': True, 'response_signature_accuracy': False, 'belief_calibration': False, 'partner_response_prediction_loss': False}"
passive_early,gru_ppo_active,2003,binary-role-allocation--passive_early--identity,stochastic,exact_neural_policy_tree,89.4486729310928,0.060170332916359315,10.49115673599084,9.477942556418274,1.0132141795725662,10.551327068907199,0.5261028721790864,0.012034066583271863,0.9316077677034746,0.2438239904915673,0.2438239904915673,0.036979172085745166,0.7873894109244001,,,,,"{'0': 0.12316196039319038, '1': 0.822068069435142, '2': 0.054769849134166416}","{'policy_dri': True, 'active_frontier_distance': True, 'oracle_normalized_return': True, 'response_signature_accuracy': False, 'belief_calibration': False, 'partner_response_prediction_loss': False}"
passive_early,gru_ppo_active,2004,binary-role-allocation--passive_early--identity,greedy,exact_neural_policy_tree,92.0,0.0,8.0,8.0,0.0,8.0,0.6,0.0,1.0,0.27807190511263774,0.27807190511263774,0.0,1.0,,,,,{'1': 1.0},"{'policy_dri': True, 'active_frontier_distance': True, 'oracle_normalized_return': True, 'response_signature_accuracy': False, 'belief_calibration': False, 'partner_response_prediction_loss': False}"
passive_early,gru_ppo_active,2004,binary-role-allocation--passive_early--identity,stochastic,exact_neural_policy_tree,88.33802848906473,0.1569930660605942,11.504978444874677,10.322891142799946,1.1820873020747307,11.66197151093527,0.4838554428600027,0.03139861321211884,0.8989643296353701,0.22424434977564672,0.22424434977564672,0.058204757559463846,0.6948357074220605,,,,,"{'0': 0.19357424974441528, '1': 0.7138872073425404, '2': 0.0925385611464148}","{'policy_dri': True, 'active_frontier_distance': True, 'oracle_normalized_return': True, 'response_signature_accuracy': False, 'belief_calibration': False, 'partner_response_prediction_loss': False}"
passive_early,gru_ppo_active,2005,binary-role-allocation--passive_early--identity,greedy,exact_neural_policy_tree,92.0,0.0,8.0,8.0,0.0,8.0,0.6,0.0,1.0,0.27807190511263774,0.27807190511263774,0.0,1.0,,,,,{'1': 1.0},"{'policy_dri': True, 'active_frontier_distance': True, 'oracle_normalized_return': True, 'response_signature_accuracy': False, 'belief_calibration': False, 'partner_response_prediction_loss': False}"
passive_early,gru_ppo_active,2005,binary-role-allocation--passive_early--identity,stochastic,exact_neural_policy_tree,88.78752952111375,0.10556194439022043,11.106908534496029,9.750542196186817,1.3563663383092113,11.21247047888625,0.5124728901906591,0.021112388878044088,0.9253740667605245,0.23750718312389327,0.23750718312389327,0.04384305321779901,0.7322941267594795,,,,,"{'0': 0.14587852358818054, '1': 0.7828688643452767, '2': 0.07125260120762388}","{'policy_dri': True, 'active_frontier_distance': True, 'oracle_normalized_return': True, 'response_signature_accuracy': False, 'belief_calibration': False, 'partner_response_prediction_loss': False}"
passive_early,gru_ppo_active,2006,binary-role-allocation--passive_early--identity,greedy,exact_neural_policy_tree,92.0,0.0,8.0,8.0,0.0,8.0,0.6,0.0,1.0,0.27807190511263774,0.27807190511263774,0.0,1.0,,,,,{'1': 1.0},"{'policy_dri': True, 'active_frontier_distance': True, 'oracle_normalized_return': True, 'response_signature_accuracy': False, 'belief_calibration': False, 'partner_response_prediction_loss': False}"
passive_early,gru_ppo_active,2006,binary-role-allocation--passive_early--identity,stochastic,exact_neural_policy_tree,89.01210903487696,0.08038457858923083,10.907506386533814,9.8212869588952,1.0862194276386141,10.987890965123045,0.5089356520552399,0.016076915717846165,0.9118360763422089,0.23586785843925984,0.23586785843925984,0.045576500709772934,0.7510090862397464,,,,,"{'0': 0.15177389234304428, '1': 0.7846162016663699, '2': 0.06360993733791945}","{'policy_dri': True, 'active_frontier_distance': True, 'oracle_normalized_return': True, 'response_signature_accuracy': False, 'belief_calibration': False, 'partner_response_prediction_loss': False}"
passive_early,gru_ppo_active,2007,binary-role-allocation--passive_early--identity,greedy,exact_neural_policy_tree,92.0,0.0,8.0,8.0,0.0,8.0,0.6,0.0,1.0,0.27807190511263774,0.27807190511263774,0.0,1.0,,,,,{'1': 1.0},"{'policy_dri': True, 'active_frontier_distance': True, 'oracle_normalized_return': True, 'response_signature_accuracy': False, 'belief_calibration': False, 'partner_response_prediction_loss': False}"
passive_early,gru_ppo_active,2007,binary-role-allocation--passive_early--identity,stochastic,exact_neural_policy_tree,88.78963503886936,0.14265444612676392,11.067710515003867,9.961718791148247,1.1059917238556203,11.210364961130631,0.5019140604425877,0.028530889225352782,0.8926386883291942,0.23261366633137048,0.23261366633137048,0.04917247010868905,0.732469586572447,,,,,"{'0': 0.16347656399011612, '1': 0.7804081895072871, '2': 0.05611524941095364}","{'policy_dri': True, 'active_frontier_distance': True, 'oracle_normalized_return': True, 'response_signature_accuracy': False, 'belief_calibration': False, 'partner_response_prediction_loss': False}"
passive_early,gru_ppo_active,2008,binary-role-allocation--passive_early--identity,greedy,exact_neural_policy_tree,92.0,0.0,8.0,8.0,0.0,8.0,0.6,0.0,1.0,0.27807190511263774,0.27807190511263774,0.0,1.0,,,,,{'1': 1.0},"{'policy_dri': True, 'active_frontier_distance': True, 'oracle_normalized_return': True, 'response_signature_accuracy': False, 'belief_calibration': False, 'partner_response_prediction_loss': False}"
passive_early,gru_ppo_active,2008,binary-role-allocation--passive_early--identity,stochastic,exact_neural_policy_tree,88.06901972651553,0.07728099578033337,11.853699277704136,9.706640970328852,2.147058307375284,11.930980273484469,0.5146679514835574,0.015456199156066676,0.935539672400761,0.2385244814126362,0.2385244814126362,0.04270974533049955,0.6724183105429612,,,,,"{'0': 0.14222010225057602, '1': 0.7800200589285718, '2': 0.0777598067360946}","{'policy_dri': True, 'active_frontier_distance': True, 'oracle_normalized_return': True, 'response_signature_accuracy': False, 'belief_calibration': False, 'partner_response_prediction_loss': False}"
passive_early,gru_ppo_active,2009,binary-role-allocation--passive_early--identity,greedy,exact_neural_policy_tree,92.0,0.0,8.0,8.0,0.0,8.0,0.6,0.0,1.0,0.27807190511263774,0.27807190511263774,0.0,1.0,,,,,{'1': 1.0},"{'policy_dri': True, 'active_frontier_distance': True, 'oracle_normalized_return': True, 'response_signature_accuracy': False, 'belief_calibration': False, 'partner_response_prediction_loss': False}"
passive_early,gru_ppo_active,2009,binary-role-allocation--passive_early--identity,stochastic,exact_neural_policy_tree,88.16465274808328,0.06890002285213401,11.766447229064577,9.949567866029618,1.8168793630349587,11.83534725191671,0.5025216066985191,0.013780004570426801,0.9158667694944941,0.23289522626584513,0.23289522626584513,0.04876962475124952,0.6803877290069403,,,,,"{'0': 0.16246400028467178, '1': 0.7592051955895517, '2': 0.0783307869524712}","{'policy_dri': True, 'active_frontier_distance': True, 'oracle_normalized_return': True, 'response_signature_accuracy': False, 'belief_calibration': False, 'partner_response_prediction_loss': False}"
passive_early,gru_ppo_active,2010,binary-role-allocation--passive_early--identity,greedy,exact_neural_policy_tree,92.0,0.0,8.0,8.0,0.0,8.0,0.6,0.0,1.0,0.27807190511263774,0.27807190511263774,0.0,1.0,,,,,{'1': 1.0},"{'policy_dri': True, 'active_frontier_distance': True, 'oracle_normalized_return': True, 'response_signature_accuracy': False, 'belief_calibration': False, 'partner_response_prediction_loss': False}"
passive_early,gru_ppo_active,2010,binary-role-allocation--passive_early--identity,stochastic,exact_neural_policy_tree,89.27080752713147,0.09905051607285306,10.630141956795686,9.454164835075321,1.175977121720365,10.72919247286854,0.527291758246234,0.019810103214570614,0.9443071924319819,0.24437506477380355,0.24437506477380355,0.03643835867173437,0.7725672939276222,,,,,"{'0': 0.12118036672472954, '1': 0.8133321827132008, '2': 0.06548750485939046}","{'policy_dri': True, 'active_frontier_distance': True, 'oracle_normalized_return': True, 'response_signature_accuracy': False, 'belief_calibration': False, 'partner_response_prediction_loss': False}"
passive_early,odits_style,2001,binary-role-allocation--passive_early--identity,greedy,exact_neural_policy_tree,92.0,0.0,8.0,8.0,0.0,8.0,0.6,0.0,1.0,0.27807190511263774,0.27807190511263774,0.0,1.0,,,,0.005873798625543714,{'1': 1.0},"{'policy_dri': True, 'active_frontier_distance': True, 'oracle_normalized_return': True, 'response_signature_accuracy': False, 'belief_calibration': False, 'partner_response_prediction_loss': True}"
passive_early,odits_style,2001,binary-role-allocation--passive_early--identity,stochastic,exact_neural_policy_tree,89.26555262391017,0.062331872127288954,10.672115503962544,9.486545295167192,1.1855702087953528,10.734447376089832,0.5256727352416404,0.012466374425457791,0.9116211251107066,0.24362469915791088,0.24362469915791088,0.037196288262965525,0.7721293853258473,,,,0.006982479792811417,"{'0': 0.12387877330183983, '1': 0.840621332171892, '2': 0.03549989646940735}","{'policy_dri': True, 'active_frontier_distance': True, 'oracle_normalized_return': True, 'response_signature_accuracy': False, 'belief_calibration': False, 'partner_response_prediction_loss': True}"
passive_early,odits_style,2002,binary-role-allocation--passive_early--identity,greedy,exact_neural_policy_tree,92.0,0.0,8.0,8.0,0.0,8.0,0.6,0.0,1.0,0.27807190511263774,0.27807190511263774,0.0,1.0,,,,0.007185861933976412,{'1': 1.0},"{'policy_dri': True, 'active_frontier_distance': True, 'oracle_normalized_return': True, 'response_signature_accuracy': False, 'belief_calibration': False, 'partner_response_prediction_loss': True}"
passive_early,odits_style,2002,binary-role-allocation--passive_early--identity,stochastic,exact_neural_policy_tree,89.74245993560119,0.07067141903821142,10.1868686453606,9.40183516880312,0.78503347655748,10.25754006439881,0.5299082415598441,0.014134283807642286,0.9223533620709902,0.24558769828052143,0.24558769828052143,0.03509038588027123,0.8118716613000991,,,,0.008351167331643183,"{'0': 0.11681953817605972, '1': 0.8440077392494909, '2': 0.03917281141074968}","{'policy_dri': True, 'active_frontier_distance': True, 'oracle_normalized_return': True, 'response_signature_accuracy': False, 'belief_calibration': False, 'partner_response_prediction_loss': True}"
passive_early,odits_style,2003,binary-role-allocation--passive_early--identity,greedy,exact_neural_policy_tree,92.0,0.0,8.0,8.0,0.0,8.0,0.6,0.0,1.0,0.27807190511263774,0.27807190511263774,0.0,1.0,,,,0.009562992956489325,{'1': 1.0},"{'policy_dri': True, 'active_frontier_distance': True, 'oracle_normalized_return': True, 'response_signature_accuracy': False, 'belief_calibration': False, 'partner_response_prediction_loss': True}"
passive_early,odits_style,2003,binary-role-allocation--passive_early--identity,stochastic,exact_neural_policy_tree,89.4207370328957,0.12337588353208227,10.455887083572222,9.41217528444345,1.043711799128772,10.579262967104304,0.5293912357778275,0.024675176706416453,0.9236229424973551,0.2453480164274598,0.2453480164274598,0.03543886146088656,0.7850614194079751,,,,0.010848692339313099,"{'0': 0.11768132075667381, '1': 0.8410142748301381, '2': 0.041304333833608486}","{'policy_dri': True, 'active_frontier_distance': True, 'oracle_normalized_return': True, 'response_signature_accuracy': False, 'belief_calibration': False, 'partner_response_prediction_loss': True}"
passive_early,odits_style,2004,binary-role-allocation--passive_early--identity,greedy,exact_neural_policy_tree,92.0,0.0,8.0,8.0,0.0,8.0,0.6,0.0,1.0,0.27807190511263774,0.27807190511263774,0.0,1.0,,,,0.009186493698507547,{'1': 1.0},"{'policy_dri': True, 'active_frontier_distance': True, 'oracle_normalized_return': True, 'response_signature_accuracy': False, 'belief_calibration': False, 'partner_response_prediction_loss': True}"
passive_early,odits_style,2004,binary-role-allocation--passive_early--identity,stochastic,exact_neural_policy_tree,89.8853104609679,0.08855444576603362,10.026135093266067,9.202813495047003,0.8233215982190636,10.114689539032101,0.5398593252476498,0.017710889153206726,0.9427074934010361,0.2501995221151246,0.2501995221151246,0.030151722522644905,0.823775871747325,,,,0.011139775240877389,"{'0': 0.10023445263504982, '1': 0.8568236171854657, '2': 0.042941938107785176}","{'policy_dri': True, 'active_frontier_distance': True, 'oracle_normalized_return': True, 'response_signature_accuracy': False, 'belief_calibration': False, 'partner_response_prediction_loss': True}"
passive_early,odits_style,2005,binary-role-allocation--passive_early--identity,greedy,exact_neural_policy_tree,92.0,0.0,8.0,8.0,0.0,8.0,0.6,0.0,1.0,0.27807190511263774,0.27807190511263774,0.0,1.0,,,,0.008666753303259611,{'1': 1.0},"{'policy_dri': True, 'active_frontier_distance': True, 'oracle_normalized_return': True, 'response_signature_accuracy': False, 'belief_calibration': False, 'partner_response_prediction_loss': True}"
passive_early,odits_style,2005,binary-role-allocation--passive_early--identity,stochastic,exact_neural_policy_tree,89.76171183670384,0.0803126080382419,10.157975555257917,9.162382506960377,0.9955930482975397,10.238288163296158,0.5418808746519812,0.016062521607648383,0.9813972058592746,0.2511364858039848,0.2511364858039848,0.029128843174521562,0.8134759863919866,,,,0.011764828762424314,"{'0': 0.09686510264873505, '1': 0.8248729076371448, '2': 0.0782621491110649}","{'policy_dri': True, 'active_frontier_distance': True, 'oracle_normalized_return': True, 'response_signature_accuracy': False, 'belief_calibration': False, 'partner_response_prediction_loss': True}"
passive_early,odits_style,2006,binary-role-allocation--passive_early--identity,greedy,exact_neural_policy_tree,92.0,0.0,8.0,8.0,0.0,8.0,0.6,0.0,1.0,0.27807190511263774,0.27807190511263774,0.0,1.0,,,,0.009854711592197418,{'1': 1.0},"{'policy_dri': True, 'active_frontier_distance': True, 'oracle_normalized_return': True, 'response_signature_accuracy': False, 'belief_calibration': False, 'partner_response_prediction_loss': True}"
passive_early,odits_style,2006,binary-role-allocation--passive_early--identity,stochastic,exact_neural_policy_tree,90.16809966803012,0.047402042171246814,9.784498289798636,8.895167498242415,0.8893307915562207,9.831900331969882,0.5552416250878792,0.009480408434249363,0.9636473769397953,0.25732845779780966,0.25732845779780966,0.022410541653310013,0.8473416390025102,,,,0.011610654280421809,"{'0': 0.07459734380245209, '1': 0.8871577786085482, '2': 0.03824479916562364}","{'policy_dri': True, 'active_frontier_distance': True, 'oracle_normalized_return': True, 'response_signature_accuracy': False, 'belief_calibration': False, 'partner_response_prediction_loss': True}"
passive_early,odits_style,2007,binary-role-allocation--passive_early--identity,greedy,exact_neural_policy_tree,92.0,0.0,8.0,8.0,0.0,8.0,0.6,0.0,1.0,0.27807190511263774,0.27807190511263774,0.0,1.0,,,,0.009125204291194677,{'1': 1.0},"{'policy_dri': True, 'active_frontier_distance': True, 'oracle_normalized_return': True, 'response_signature_accuracy': False, 'belief_calibration': False, 'partner_response_prediction_loss': True}"
passive_early,odits_style,2007,binary-role-allocation--passive_early--identity,stochastic,exact_neural_policy_tree,89.74140720528277,0.07306072821695855,10.18553206650028,9.043477323689611,1.142054742810668,10.258592794717238,0.5478261338155195,0.01461214564339171,0.9710157000092554,0.25389174977495477,0.25389174977495477,0.026150798207966158,0.8117839337735641,,,,0.010675862844746219,"{'0': 0.0869564600288868, '1': 0.8550713307687134, '2': 0.05797218462027109}","{'policy_dri': True, 'active_frontier_distance': True, 'oracle_normalized_return': True, 'response_signature_accuracy': False, 'belief_calibration': False, 'partner_response_prediction_loss': True}"
passive_early,odits_style,2008,binary-role-allocation--passive_early--identity,greedy,exact_neural_policy_tree,92.0,0.0,8.0,8.0,0.0,8.0,0.6,0.0,1.0,0.27807190511263774,0.27807190511263774,0.0,1.0,,,,0.0075915269553661355,{'1': 1.0},"{'policy_dri': True, 'active_frontier_distance': True, 'oracle_normalized_return': True, 'response_signature_accuracy': False, 'belief_calibration': False, 'partner_response_prediction_loss': True}"
passive_early,odits_style,2008,binary-role-allocation--passive_early--identity,stochastic,exact_neural_policy_tree,88.85967388592633,0.1004144951372688,11.039911618936403,9.878408170153275,1.1615034487831277,11.140326114073671,0.5060795914923363,0.02008289902745376,0.899736083106824,0.2345441922172051,0.2345441922172051,0.04702725489365345,0.7383061571605273,,,,0.009239164081105667,"{'0': 0.15653401613235474, '1': 0.787195878769721, '2': 0.05627010216855146}","{'policy_dri': True, 'active_frontier_distance': True, 'oracle_normalized_return': True, 'response_signature_accuracy': False, 'belief_calibration': False, 'partner_response_prediction_loss': True}"
passive_early,odits_style,2009,binary-role-allocation--passive_early--identity,greedy,exact_neural_policy_tree,92.0,0.0,8.0,8.0,0.0,8.0,0.6,0.0,1.0,0.27807190511263774,0.27807190511263774,0.0,1.0,,,,0.005722157191485167,{'1': 1.0},"{'policy_dri': True, 'active_frontier_distance': True, 'oracle_normalized_return': True, 'response_signature_accuracy': False, 'belief_calibration': False, 'partner_response_prediction_loss': True}"
passive_early,odits_style,2009,binary-role-allocation--passive_early--identity,stochastic,exact_neural_policy_tree,89.34486699502305,0.07307778824996529,10.582055216726982,9.54330363151102,1.0387515852159623,10.655133004976946,0.522834818424449,0.014615557649993057,0.9118913178240249,0.24230948735819136,0.24230948735819136,0.038625820882625,0.7787389162519212,,,,0.007241023608301028,"{'0': 0.1286085918545723, '1': 0.8308916307808683, '2': 0.04049984352157821}","{'policy_dri': True, 'active_frontier_distance': True, 'oracle_normalized_return': True, 'response_signature_accuracy': False, 'belief_calibration': False, 'partner_response_prediction_loss': True}"
passive_early,odits_style,2010,binary-role-allocation--passive_early--identity,greedy,exact_neural_policy_tree,92.0,0.0,8.0,8.0,0.0,8.0,0.6,0.0,1.0,0.27807190511263774,0.27807190511263774,0.0,1.0,,,,0.006813511485233903,{'1': 1.0},"{'policy_dri': True, 'active_frontier_distance': True, 'oracle_normalized_return': True, 'response_signature_accuracy': False, 'belief_calibration': False, 'partner_response_prediction_loss': True}"
passive_early,odits_style,2010,binary-role-allocation--passive_early--identity,stochastic,exact_neural_policy_tree,89.05054188974744,0.10630172255986398,10.843156387692694,9.856684197555794,0.9864721901369009,10.949458110252559,0.5071657901222103,0.021260344511972798,0.8959519474020535,0.23504757618705935,0.23504757618705935,0.04649311955596626,0.7542118241456196,,,,0.008607539209803334,"{'0': 0.15472371131181717, '1': 0.794600545427809, '2': 0.05067570098712228}","{'policy_dri': True, 'active_frontier_distance': True, 'oracle_normalized_return': True, 'response_signature_accuracy': False, 'belief_calibration': False, 'partner_response_prediction_loss': True}"
passive_early,pace_aux,2001,binary-role-allocation--passive_early--identity,greedy,exact_neural_policy_tree,92.0,0.0,8.0,8.0,0.0,8.0,0.6,0.0,1.0,0.27807190511263774,0.27807190511263774,0.0,1.0,0.8,0.3233411734393234,0.04087239801883691,,{'1': 1.0},"{'policy_dri': True, 'active_frontier_distance': True, 'oracle_normalized_return': True, 'response_signature_accuracy': True, 'belief_calibration': True, 'partner_response_prediction_loss': False}"
passive_early,pace_aux,2001,binary-role-allocation--passive_early--identity,stochastic,exact_neural_policy_tree,89.02631422120268,0.07852504382522883,10.895160734972094,9.540948210358572,1.3542125246135228,10.973685778797323,0.5229525894820715,0.01570500876504577,0.962511404636087,0.24236405091325067,0.24236405091325067,0.03857369221304721,0.7521928517668902,0.7614763224571897,0.3485943958260811,0.04292837352995459,,"{'0': 0.12841233238577843, '1': 0.7806639860246638, '2': 0.09092370930571159}","{'policy_dri': True, 'active_frontier_distance': True, 'oracle_normalized_return': True, 'response_signature_accuracy': True, 'belief_calibration': True, 'partner_response_prediction_loss': False}"
passive_early,pace_aux,2002,binary-role-allocation--passive_early--identity,greedy,exact_neural_policy_tree,92.0,0.0,8.0,8.0,0.0,8.0,0.6,0.0,1.0,0.27807190511263774,0.27807190511263774,0.0,1.0,0.8,0.3234935720961337,0.04141124635934834,,{'1': 1.0},"{'policy_dri': True, 'active_frontier_distance': True, 'oracle_normalized_return': True, 'response_signature_accuracy': True, 'belief_calibration': True, 'partner_response_prediction_loss': False}"
passive_early,pace_aux,2002,binary-role-allocation--passive_early--identity,stochastic,exact_neural_policy_tree,88.81144070163252,0.09286473795737178,11.095694560410102,10.11491832805072,0.980776232359382,11.188559298367474,0.494254083597464,0.018572947591474355,0.8890844788525195,0.2290635574463017,0.2290635574463017,0.052923904062110366,0.7342867251360433,0.7471268973473655,0.35637974342030015,0.04121833351193456,,"{'0': 0.17624329030513763, '1': 0.7584286516344722, '2': 0.06532791360902367}","{'policy_dri': True, 'active_frontier_distance': True, 'oracle_normalized_return': True, 'response_signature_accuracy': True, 'belief_calibration': True, 'partner_response_prediction_loss': False}"
passive_early,pace_aux,2003,binary-role-allocation--passive_early--identity,greedy,exact_neural_policy_tree,92.0,0.0,8.0,8.0,0.0,8.0,0.6,0.0,1.0,0.27807190511263774,0.27807190511263774,0.0,1.0,0.8,0.3244264725717477,0.04563340842723851,,{'1': 1.0},"{'policy_dri': True, 'active_frontier_distance': True, 'oracle_normalized_return': True, 'response_signature_accuracy': True, 'belief_calibration': True, 'partner_response_prediction_loss': False}"
passive_early,pace_aux,2003,binary-role-allocation--passive_early--identity,stochastic,exact_neural_policy_tree,88.80519911133602,0.112575662030481,11.0822252266335,10.026456163657349,1.055769062976152,11.194800888663982,0.49867719181713255,0.0225151324060962,0.9064665141975069,0.23111351247956538,0.23111351247956538,0.050739517777729594,0.7337665926113353,0.7493385625464362,0.355417515725423,0.041693782474568064,,"{'0': 0.16887136921286583, '1': 0.755790680652501, '2': 0.07533791677250296}","{'policy_dri': True, 'active_frontier_distance': True, 'oracle_normalized_return': True, 'response_signature_accuracy': True, 'belief_calibration': True, 'partner_response_prediction_loss': False}"
passive_early,pace_aux,2004,binary-role-allocation--passive_early--identity,greedy,exact_neural_policy_tree,92.0,0.0,8.0,8.0,0.0,8.0,0.6,0.0,1.0,0.27807190511263774,0.27807190511263774,0.0,1.0,0.8,0.3286143377494252,0.061839725077152186,,{'1': 1.0},"{'policy_dri': True, 'active_frontier_distance': True, 'oracle_normalized_return': True, 'response_signature_accuracy': True, 'belief_calibration': True, 'partner_response_prediction_loss': False}"
passive_early,pace_aux,2004,binary-role-allocation--passive_early--identity,stochastic,exact_neural_policy_tree,88.22447225158277,0.1518916651055605,11.623636083311666,10.665271077299412,0.9583650060122544,11.775527748417227,0.4667364461350294,0.030378333021112102,0.9129206758353293,0.21631052095605469,0.21631052095605469,0.06673989152587691,0.6853726876318973,0.7333682943129832,0.3683443470835431,0.0506740091936576,,"{'0': 0.22210587561130524, '1': 0.6428677154329969, '2': 0.1350264802011662}","{'policy_dri': True, 'active_frontier_distance': True, 'oracle_normalized_return': True, 'response_signature_accuracy': True, 'belief_calibration': True, 'partner_response_prediction_loss': False}"
passive_early,pace_aux,2005,binary-role-allocation--passive_early--identity,greedy,exact_neural_policy_tree,92.0,0.0,8.0,8.0,0.0,8.0,0.6,0.0,1.0,0.27807190511263774,0.27807190511263774,0.0,1.0,0.8,0.32580656537085073,0.05382748991250996,,{'1': 1.0},"{'policy_dri': True, 'active_frontier_distance': True, 'oracle_normalized_return': True, 'response_signature_accuracy': True, 'belief_calibration': True, 'partner_response_prediction_loss': False}"
passive_early,pace_aux,2005,binary-role-allocation--passive_early--identity,stochastic,exact_neural_policy_tree,88.58072349521622,0.12877751898251022,11.290498985801273,10.19128636347137,1.0992126223299028,11.419276504783783,0.4904356818264315,0.02575550379650204,0.9083833793750486,0.22729399516166007,0.22729399516166007,0.054876677514968,0.7150602912680183,0.7452178866434912,0.3598836459546675,0.05045862218241229,,"{'0': 0.18260716646909714, '1': 0.726402379147308, '2': 0.09099050011387036}","{'policy_dri': True, 'active_frontier_distance': True, 'oracle_normalized_return': True, 'response_signature_accuracy': True, 'belief_calibration': True, 'partner_response_prediction_loss': False}"
passive_early,pace_aux,2006,binary-role-allocation--passive_early--identity,greedy,exact_neural_policy_tree,92.0,0.0,8.0,8.0,0.0,8.0,0.6,0.0,1.0,0.27807190511263774,0.27807190511263774,0.0,1.0,0.8,0.3243145633794514,0.0460248097777366,,{'1': 1.0},"{'policy_dri': True, 'active_frontier_distance': True, 'oracle_normalized_return': True, 'response_signature_accuracy': True, 'belief_calibration': True, 'partner_response_prediction_loss': False}"
passive_early,pace_aux,2006,binary-role-allocation--passive_early--identity,stochastic,exact_neural_policy_tree,88.18894836774973,0.14107267787515998,11.669978954375107,10.670131557222035,0.9998473971530721,11.811051632250267,0.4664934221388982,0.028214535575032,0.8583283518188919,0.21619786247316747,0.21619786247316747,0.06684639123260432,0.6824123639791443,0.7332467213805344,0.36513483449682455,0.04240368644299764,,"{'0': 0.2225109562277794, '1': 0.6966497563477199, '2': 0.08083929773558599}","{'policy_dri': True, 'active_frontier_distance': True, 'oracle_normalized_return': True, 'response_signature_accuracy': True, 'belief_calibration': True, 'partner_response_prediction_loss': False}"
passive_early,pace_aux,2007,binary-role-allocation--passive_early--identity,greedy,exact_neural_policy_tree,92.0,0.0,8.0,8.0,0.0,8.0,0.6,0.0,1.0,0.27807190511263774,0.27807190511263774,0.0,1.0,0.8,0.32797163418069536,0.06287963241338734,,{'1': 1.0},"{'policy_dri': True, 'active_frontier_distance': True, 'oracle_normalized_return': True, 'response_signature_accuracy': True, 'belief_calibration': True, 'partner_response_prediction_loss': False}"
passive_early,pace_aux,2007,binary-role-allocation--passive_early--identity,stochastic,exact_neural_policy_tree,88.70832200555327,0.14569618445012802,11.14598180999661,10.09804100630341,1.0479408036931996,11.291677994446736,0.4950979496848295,0.029139236890025604,0.9024695422030221,0.22945472419843102,0.22945472419843102,0.052577344469207594,0.7256935004627726,0.747548990783749,0.35949986438876497,0.055324860377324286,,"{'0': 0.17483673989772797, '1': 0.7478570098841907, '2': 0.07730626615941573}","{'policy_dri': True, 'active_frontier_distance': True, 'oracle_normalized_return': True, 'response_signature_accuracy': True, 'belief_calibration': True, 'partner_response_prediction_loss': False}"
passive_early,pace_aux,2008,binary-role-allocation--passive_early--identity,greedy,exact_neural_policy_tree,92.0,0.0,8.0,8.0,0.0,8.0,0.6,0.0,1.0,0.27807190511263774,0.27807190511263774,0.0,1.0,0.8,0.3245380030687332,0.04620851874351506,,{'1': 1.0},"{'policy_dri': True, 'active_frontier_distance': True, 'oracle_normalized_return': True, 'response_signature_accuracy': True, 'belief_calibration': True, 'partner_response_prediction_loss': False}"
passive_early,pace_aux,2008,binary-role-allocation--passive_early--identity,stochastic,exact_neural_policy_tree,88.60679132069141,0.08724746695989287,11.30596121234869,9.846714689987557,1.4592465223611324,11.393208679308582,0.5076642655006222,0.017449493391978575,0.8993793889610868,0.23527867877307101,0.23527867877307101,0.04621936327657188,0.7172326100576178,0.7536616784721564,0.35429941318202607,0.04186856329327191,,"{'0': 0.15389280021190643, '1': 0.7928352824762704, '2': 0.05327205324240817}","{'policy_dri': True, 'active_frontier_distance': True, 'oracle_normalized_return': True, 'response_signature_accuracy': True, 'belief_calibration': True, 'partner_response_prediction_loss': False}"
passive_early,pace_aux,2009,binary-role-allocation--passive_early--identity,greedy,exact_neural_policy_tree,92.0,0.0,8.0,8.0,0.0,8.0,0.6,0.0,1.0,0.27807190511263774,0.27807190511263774,0.0,1.0,0.8,0.328155779363423,0.06374639570713048,,{'1': 1.0},"{'policy_dri': True, 'active_frontier_distance': True, 'oracle_normalized_return': True, 'response_signature_accuracy': True, 'belief_calibration': True, 'partner_response_prediction_loss': False}"
passive_early,pace_aux,2009,binary-role-allocation--passive_early--identity,stochastic,exact_neural_policy_tree,89.00158763560617,0.05627092609698773,10.942141438296842,9.518856606738098,1.4232848315587443,10.998412364393829,0.5240571696630951,0.011254185219397545,0.9414352769991294,0.2428759363471193,0.2428759363471193,0.037997465449650214,0.7501323029671809,0.7620285353915218,0.3525448514368291,0.05807374569839638,,"{'0': 0.1265714168548584, '1': 0.8054217904111024, '2': 0.06800674329401345}","{'policy_dri': True, 'active_frontier_distance': True, 'oracle_normalized_return': True, 'response_signature_accuracy': True, 'belief_calibration': True, 'partner_response_prediction_loss': False}"
passive_early,pace_aux,2010,binary-role-allocation--passive_early--identity,greedy,exact_neural_policy_tree,92.0,0.0,8.0,8.0,0.0,8.0,0.6,0.0,1.0,0.27807190511263774,0.27807190511263774,0.0,1.0,0.8,0.3240371569235562,0.043791393935680434,,{'1': 1.0},"{'policy_dri': True, 'active_frontier_distance': True, 'oracle_normalized_return': True, 'response_signature_accuracy': True, 'belief_calibration': True, 'partner_response_prediction_loss': False}"
passive_early,pace_aux,2010,binary-role-allocation--passive_early--identity,stochastic,exact_neural_policy_tree,89.19298542374489,0.10857301997415576,10.698441556280958,9.563816592163256,1.1346249641177018,10.807014576255114,0.5218091703918372,0.021714603994831154,0.9456958917679209,0.24183411427424745,0.24183411427424745,0.039189526937941345,0.7660821186454072,0.7609045796162297,0.3490566677003329,0.04354965028600906,,"{'0': 0.1303180530667305, '1': 0.7936679909392403, '2': 0.07601395041434024}","{'policy_dri': True, 'active_frontier_distance': True, 'oracle_normalized_return': True, 'response_signature_accuracy': True, 'belief_calibration': True, 'partner_response_prediction_loss': False}"
passive_early,pace_style,2001,binary-role-allocation--passive_early--identity,greedy,exact_neural_policy_tree,92.0,0.0,8.0,8.0,0.0,8.0,0.6,0.0,2.0,0.2780719051126377,0.2780719051126377,0.0,1.0,0.8,0.3484498985648769,0.10111002810299397,,{'2': 1.0},"{'policy_dri': True, 'active_frontier_distance': True, 'oracle_normalized_return': True, 'response_signature_accuracy': True, 'belief_calibration': True, 'partner_response_prediction_loss': False}"
passive_early,pace_style,2001,binary-role-allocation--passive_early--identity,stochastic,exact_neural_policy_tree,90.24589743508817,0.12814307392431074,9.625959490987528,8.417166652887705,1.2087928380998232,9.754102564911838,0.5791416673556148,0.025628614784862145,1.8302818803429806,0.26840502534656213,0.26840502534656213,0.010910106085537772,0.8538247862573473,0.7895707920923476,0.3523665139138854,0.095475393791142,,"{'0': 0.034763915464282036, '1': 0.1001902055575357, '2': 0.8650458373927226}","{'policy_dri': True, 'active_frontier_distance': True, 'oracle_normalized_return': True, 'response_signature_accuracy': True, 'belief_calibration': True, 'partner_response_prediction_loss': False}"
passive_early,pace_style,2002,binary-role-allocation--passive_early--identity,greedy,exact_neural_policy_tree,92.0,0.0,8.0,8.0,0.0,8.0,0.6,0.0,2.0,0.2780719051126377,0.2780719051126377,0.0,1.0,0.8,0.33101434381559913,0.07201592996716494,,{'2': 1.0},"{'policy_dri': True, 'active_frontier_distance': True, 'oracle_normalized_return': True, 'response_signature_accuracy': True, 'belief_calibration': True, 'partner_response_prediction_loss': False}"
passive_early,pace_style,2002,binary-role-allocation--passive_early--identity,stochastic,exact_neural_policy_tree,90.56192001107162,0.07794868031069344,9.360131308617687,8.405175991957382,0.9549553166603051,9.438079988928381,0.579741200402131,0.015589736062138686,1.8282376066105985,0.26868287813548625,0.26868287813548625,0.01031514606115768,0.880160000922635,0.7898705527787405,0.33788437579657815,0.07311468828295012,,"{'0': 0.03376469761133194, '1': 0.1042329033220874, '2': 0.8620023516442555}","{'policy_dri': True, 'active_frontier_distance': True, 'oracle_normalized_return': True, 'response_signature_accuracy': True, 'belief_calibration': True, 'partner_response_prediction_loss': False}"
passive_early,pace_style,2003,binary-role-allocation--passive_early--identity,greedy,exact_neural_policy_tree,92.0,0.0,8.0,8.0,0.0,8.0,0.6,0.0,2.0,0.2780719051126377,0.2780719051126377,0.0,1.0,0.8,0.3336076331833086,0.06050088405609133,,{'2': 1.0},"{'policy_dri': True, 'active_frontier_distance': True, 'oracle_normalized_return': True, 'response_signature_accuracy': True, 'belief_calibration': True, 'partner_response_prediction_loss': False}"
passive_early,pace_style,2003,binary-role-allocation--passive_early--identity,stochastic,exact_neural_policy_tree,90.19906537210962,0.10344538292273221,9.697489244967652,8.429901844119039,1.2675874008486137,9.800934627890385,0.5785049077940481,0.020689076584546443,1.709810598778267,0.2681099285149277,0.2681099285149277,0.011054313152141696,0.8499221143424679,0.7892524369289484,0.3405566828795122,0.06632157529433536,,"{'0': 0.03582516498863697, '1': 0.21853903730830804, '2': 0.7456357807349796}","{'policy_dri': True, 'active_frontier_distance': True, 'oracle_normalized_return': True, 'response_signature_accuracy': True, 'belief_calibration': True, 'partner_response_prediction_loss': False}"
passive_early,pace_style,2004,binary-role-allocation--passive_early--identity,greedy,exact_neural_policy_tree,92.0,0.0,8.0,8.0,0.0,8.0,0.6,0.0,2.0,0.2780719051126377,0.2780719051126377,0.0,1.0,0.8,0.33224632533036014,0.0664081946015358,,{'2': 1.0},"{'policy_dri': True, 'active_frontier_distance': True, 'oracle_normalized_return': True, 'response_signature_accuracy': True, 'belief_calibration': True, 'partner_response_prediction_loss': False}"
passive_early,pace_style,2004,binary-role-allocation--passive_early--identity,stochastic,exact_neural_policy_tree,90.26329873505989,0.22094392390156894,9.51575734103854,8.397678687861795,1.1180786531767453,9.736701264940109,0.5801160656069102,0.04418878478031379,1.8128870053964403,0.2688566530673254,0.2688566530673254,0.011373339337253286,0.8552748945883243,0.7900580770029362,0.3386041851607031,0.06760860368784974,,"{'0': 0.033139861188828945, '1': 0.12083336062486379, '2': 0.8460268223857881}","{'policy_dri': True, 'active_frontier_distance': True, 'oracle_normalized_return': True, 'response_signature_accuracy': True, 'belief_calibration': True, 'partner_response_prediction_loss': False}"
passive_early,pace_style,2005,binary-role-allocation--passive_early--identity,greedy,exact_neural_policy_tree,92.0,0.0,8.0,8.0,0.0,8.0,0.6,0.0,2.0,0.2780719051126377,0.2780719051126377,0.0,1.0,0.8,0.3304087011160613,0.07021297886967659,,{'2': 1.0},"{'policy_dri': True, 'active_frontier_distance': True, 'oracle_normalized_return': True, 'response_signature_accuracy': True, 'belief_calibration': True, 'partner_response_prediction_loss': False}"
passive_early,pace_style,2005,binary-role-allocation--passive_early--identity,stochastic,exact_neural_policy_tree,90.14676936856536,0.1508958970459273,9.702334734388709,8.526306932327921,1.176027802060787,9.853230631434636,0.573684653383604,0.03017917940918546,1.6850382374543036,0.26587596842119104,0.26587596842119104,0.013687781019072316,0.8455641140471132,0.7868423142937595,0.33866991694345533,0.07026913057051723,,"{'0': 0.04385891929268837, '1': 0.2272438991642348, '2': 0.7288971691450342}","{'policy_dri': True, 'active_frontier_distance': True, 'oracle_normalized_return': True, 'response_signature_accuracy': True, 'belief_calibration': True, 'partner_response_prediction_loss': False}"
passive_early,pace_style,2006,binary-role-allocation--passive_early--identity,greedy,exact_neural_policy_tree,92.0,0.0,8.0,8.0,0.0,8.0,0.6,0.0,2.0,0.2780719051126377,0.2780719051126377,0.0,1.0,0.8,0.3335087229419435,0.07949741929769519,,{'2': 1.0},"{'policy_dri': True, 'active_frontier_distance': True, 'oracle_normalized_return': True, 'response_signature_accuracy': True, 'belief_calibration': True, 'partner_response_prediction_loss': False}"
passive_early,pace_style,2006,binary-role-allocation--passive_early--identity,stochastic,exact_neural_policy_tree,90.52099997911876,0.1694569743791113,9.30954304650214,8.342897592479051,0.9666454540230891,9.479000020881251,0.5828551203760475,0.03389139487582227,1.8317011012576032,0.2701260129635982,0.2701260129635982,0.009562113557343514,0.8767499982598963,0.7914274668687641,0.3387234717628514,0.07881564638054686,,"{'0': 0.028574861586093903, '1': 0.1111489889316898, '2': 0.8602760561629569}","{'policy_dri': True, 'active_frontier_distance': True, 'oracle_normalized_return': True, 'response_signature_accuracy': True, 'belief_calibration': True, 'partner_response_prediction_loss': False}"
passive_early,pace_style,2007,binary-role-allocation--passive_early--identity,greedy,exact_neural_policy_tree,92.0,0.0,8.0,8.0,0.0,8.0,0.6,0.0,2.0,0.2780719051126377,0.2780719051126377,0.0,1.0,0.8,0.33281394503538814,0.06517658382654196,,{'2': 1.0},"{'policy_dri': True, 'active_frontier_distance': True, 'oracle_normalized_return': True, 'response_signature_accuracy': True, 'belief_calibration': True, 'partner_response_prediction_loss': False}"
passive_early,pace_style,2007,binary-role-allocation--passive_early--identity,stochastic,exact_neural_policy_tree,90.45980023805942,0.1671199652651948,9.373079796675391,8.405092694020189,0.9679871026552025,9.540199761940586,0.5797453652989906,0.033423993053038954,1.7986273092609022,0.2686847945323348,0.2686847945323348,0.010955283358349686,0.8716500198382846,0.7898726053690825,0.3395633026177046,0.06753564997218381,,"{'0': 0.0337577760219574, '1': 0.13385698413435787, '2': 0.832385162563272}","{'policy_dri': True, 'active_frontier_distance': True, 'oracle_normalized_return': True, 'response_signature_accuracy': True, 'belief_calibration': True, 'partner_response_prediction_loss': False}"
passive_early,pace_style,2008,binary-role-allocation--passive_early--identity,greedy,exact_neural_policy_tree,92.0,0.0,8.0,8.0,0.0,8.0,0.6,0.0,2.0,0.2780719051126377,0.2780719051126377,0.0,1.0,0.8,0.33471373743540994,0.07177125662565229,,{'2': 1.0},"{'policy_dri': True, 'active_frontier_distance': True, 'oracle_normalized_return': True, 'response_signature_accuracy': True, 'belief_calibration': True, 'partner_response_prediction_loss': False}"
passive_early,pace_style,2008,binary-role-allocation--passive_early--identity,stochastic,exact_neural_policy_tree,89.9504623993678,0.10777571725509674,9.941761883377113,8.420552563050999,1.5212093203261148,10.04953760063221,0.5789723718474501,0.02155514345101935,1.6451351050328398,0.2683265551672957,0.2683265551672957,0.010853572669823227,0.8292051999473161,0.7894861235412072,0.340329388242982,0.07375623309926302,,"{'0': 0.03504608850926161, '1': 0.28477259318360165, '2': 0.6801812559246189}","{'policy_dri': True, 'active_frontier_distance': True, 'oracle_normalized_return': True, 'response_signature_accuracy': True, 'belief_calibration': True, 'partner_response_prediction_loss': False}"
passive_early,pace_style,2009,binary-role-allocation--passive_early--identity,greedy,exact_neural_policy_tree,92.0,0.0,8.0,8.0,0.0,8.0,0.6,0.0,2.0,0.2780719051126377,0.2780719051126377,0.0,1.0,0.8,0.33964124691368136,0.07834237590432169,,{'2': 1.0},"{'policy_dri': True, 'active_frontier_distance': True, 'oracle_normalized_return': True, 'response_signature_accuracy': True, 'belief_calibration': True, 'partner_response_prediction_loss': False}"
passive_early,pace_style,2009,binary-role-allocation--passive_early--identity,stochastic,exact_neural_policy_tree,89.74552676756889,0.12632785797258636,10.128145374458523,8.432548545993447,1.6955968284650762,10.25447323243111,0.5783725727003277,0.02526557159451727,1.7852294678691114,0.2680486270966119,0.2680486270966119,0.011265460830037828,0.8121272306307409,0.7891863334685145,0.34538498275579077,0.07904017765485317,,"{'0': 0.0360456807538867, '1': 0.14267926485981683, '2': 0.8212751015046473}","{'policy_dri': True, 'active_frontier_distance': True, 'oracle_normalized_return': True, 'response_signature_accuracy': True, 'belief_calibration': True, 'partner_response_prediction_loss': False}"
passive_early,pace_style,2010,binary-role-allocation--passive_early--identity,greedy,exact_neural_policy_tree,92.0,0.0,8.0,8.0,0.0,8.0,0.6,0.0,2.0,0.2780719051126377,0.2780719051126377,0.0,1.0,0.8,0.3334483532901781,0.07098525390028954,,{'2': 1.0},"{'policy_dri': True, 'active_frontier_distance': True, 'oracle_normalized_return': True, 'response_signature_accuracy': True, 'belief_calibration': True, 'partner_response_prediction_loss': False}"
passive_early,pace_style,2010,binary-role-allocation--passive_early--identity,stochastic,exact_neural_policy_tree,90.50655219077512,0.1465047097128987,9.346943099511973,8.385310005124033,0.9616330943879401,9.493447809224872,0.5807344997437983,0.02930094194257974,1.8168601064833156,0.2691432728657459,0.2691432728657459,0.01030556372841702,0.875546015897927,0.7903673038545371,0.33914843708667985,0.07080581896656109,,"{'0': 0.03210913110524416, '1': 0.11892173927147218, '2': 0.8489691836059218}","{'policy_dri': True, 'active_frontier_distance': True, 'oracle_normalized_return': True, 'response_signature_accuracy': True, 'belief_calibration': True, 'partner_response_prediction_loss': False}"
passive_early,talents_style,2001,binary-role-allocation--passive_early--identity,greedy,exact_neural_policy_tree,92.0,0.0,8.0,8.0,0.0,8.0,0.6,0.0,1.0,0.27807190511263774,0.27807190511263774,0.0,1.0,0.8,0.4177060955489403,0.21872906684875493,0.0049636769108474255,{'1': 1.0},"{'policy_dri': True, 'active_frontier_distance': True, 'oracle_normalized_return': True, 'response_signature_accuracy': True, 'belief_calibration': True, 'partner_response_prediction_loss': True}"
passive_early,talents_style,2001,binary-role-allocation--passive_early--identity,stochastic,exact_neural_policy_tree,90.01798962777542,0.08196073791426554,9.900049634310319,8.978334811259456,0.9217148230508627,9.982010372224584,0.5510832594370272,0.01639214758285311,0.9590453981926511,0.2554012909500347,0.2554012909500347,0.024544049246730943,0.834832468981285,0.7755416395817346,0.4227857264455596,0.19721475820345802,0.006062466740316118,"{'0': 0.08152789436280727, '1': 0.8778988328081766, '2': 0.040573282692237214}","{'policy_dri': True, 'active_frontier_distance': True, 'oracle_normalized_return': True, 'response_signature_accuracy': True, 'belief_calibration': True, 'partner_response_prediction_loss': True}"
passive_early,talents_style,2002,binary-role-allocation--passive_early--identity,greedy,exact_neural_policy_tree,92.0,0.0,8.0,8.0,0.0,8.0,0.6,0.0,1.0,0.27807190511263774,0.27807190511263774,0.0,1.0,0.5,0.6372449378803715,0.3758202373981476,0.004516169661656022,{'1': 1.0},"{'policy_dri': True, 'active_frontier_distance': True, 'oracle_normalized_return': True, 'response_signature_accuracy': True, 'belief_calibration': True, 'partner_response_prediction_loss': True}"
passive_early,talents_style,2002,binary-role-allocation--passive_early--identity,stochastic,exact_neural_policy_tree,89.00149861949292,0.10790036047453336,10.890601020032546,9.823160001132475,1.0674410189000714,10.99850138050708,0.5088419999433762,0.02158007209490667,0.9031999414075021,0.23582440002711907,0.23582440002711907,0.045658753798696,0.7501248849577434,0.4913164668652195,0.6243366078927381,0.30880935211301097,0.006369274315075662,"{'0': 0.15193005837500095, '1': 0.7929397670006118, '2': 0.05513008720344523}","{'policy_dri': True, 'active_frontier_distance': True, 'oracle_normalized_return': True, 'response_signature_accuracy': True, 'belief_calibration': True, 'partner_response_prediction_loss': True}"
passive_early,talents_style,2003,binary-role-allocation--passive_early--identity,greedy,exact_neural_policy_tree,92.0,0.0,8.0,8.0,0.0,8.0,0.6,0.0,1.0,0.27807190511263774,0.27807190511263774,0.0,1.0,0.5,0.4777562988815196,0.02013137936592102,0.0049902156461030245,{'1': 1.0},"{'policy_dri': True, 'active_frontier_distance': True, 'oracle_normalized_return': True, 'response_signature_accuracy': True, 'belief_calibration': True, 'partner_response_prediction_loss': True}"
passive_early,talents_style,2003,binary-role-allocation--passive_early--identity,stochastic,exact_neural_policy_tree,89.88700609564579,0.09576262309616912,10.017231281258043,9.161514129154018,0.8557171521040257,10.112993904354212,0.5419242935422991,0.019152524619233825,0.9625721275645356,0.2511565455405236,0.2511565455405236,0.02913637709340631,0.823917174637149,0.5221468945051868,0.47769352210349064,0.0009222027962088042,0.007541769338084327,"{'0': 0.09679282829165459, '1': 0.8438422632656961, '2': 0.059364932149419763}","{'policy_dri': True, 'active_frontier_distance': True, 'oracle_normalized_return': True, 'response_signature_accuracy': True, 'belief_calibration': True, 'partner_response_prediction_loss': True}"
passive_early,talents_style,2004,binary-role-allocation--passive_early--identity,greedy,exact_neural_policy_tree,92.0,0.0,8.0,8.0,0.0,8.0,0.6,0.0,1.0,0.27807190511263774,0.27807190511263774,0.0,1.0,0.2,0.5711519766466078,0.3508706569671631,0.004165706806816161,{'1': 1.0},"{'policy_dri': True, 'active_frontier_distance': True, 'oracle_normalized_return': True, 'response_signature_accuracy': True, 'belief_calibration': True, 'partner_response_prediction_loss': True}"
passive_early,talents_style,2004,binary-role-allocation--passive_early--identity,stochastic,exact_neural_policy_tree,90.11389915595221,0.06475944579348791,9.821341398254297,8.929136922367334,0.8922044758869632,9.886100844047785,0.5535431538816333,0.012951889158697584,0.9709040909057562,0.2565413338759714,0.2565413338759714,0.02328477515359716,0.8428249296626843,0.23444617122979478,0.5678225569050687,0.31483040673672424,0.00598173615755381,"{'0': 0.0774280745536089, '1': 0.8742397669180325, '2': 0.048332161993861915}","{'policy_dri': True, 'active_frontier_distance': True, 'oracle_normalized_return': True, 'response_signature_accuracy': True, 'belief_calibration': True, 'partner_response_prediction_loss': True}"
passive_early,talents_style,2005,binary-role-allocation--passive_early--identity,greedy,exact_neural_policy_tree,92.0,0.0,8.0,8.0,0.0,8.0,0.6,0.0,1.0,0.27807190511263774,0.27807190511263774,0.0,1.0,0.8,0.4247785828659405,0.22703610658645634,0.004151286790147424,{'1': 1.0},"{'policy_dri': True, 'active_frontier_distance': True, 'oracle_normalized_return': True, 'response_signature_accuracy': True, 'belief_calibration': True, 'partner_response_prediction_loss': True}"
passive_early,talents_style,2005,binary-role-allocation--passive_early--identity,stochastic,exact_neural_policy_tree,90.00642362871946,0.07111533064389863,9.922461040636648,9.022690647281657,0.8997703933549914,9.993576371280547,0.5488654676359171,0.014223066128779728,0.9590152155805554,0.2543734709730515,0.2543734709730515,0.02562900639765865,0.8338686357266217,0.7744327926076898,0.43030992088102626,0.20327680187235198,0.00642064103130041,"{'0': 0.08522418141365051, '1': 0.8705365391716061, '2': 0.04423933820447466}","{'policy_dri': True, 'active_frontier_distance': True, 'oracle_normalized_return': True, 'response_signature_accuracy': True, 'belief_calibration': True, 'partner_response_prediction_loss': True}"
passive_early,talents_style,2006,binary-role-allocation--passive_early--identity,greedy,exact_neural_policy_tree,92.0,0.0,8.0,8.0,0.0,8.0,0.6,0.0,1.0,0.27807190511263774,0.27807190511263774,0.0,1.0,0.2,0.7010952773798569,0.43619062304496775,0.004423037404194474,{'1': 1.0},"{'policy_dri': True, 'active_frontier_distance': True, 'oracle_normalized_return': True, 'response_signature_accuracy': True, 'belief_calibration': True, 'partner_response_prediction_loss': True}"
passive_early,talents_style,2006,binary-role-allocation--passive_early--identity,stochastic,exact_neural_policy_tree,89.96393122966354,0.06772883163784833,9.968339938698612,9.083024841428557,0.8853150972700554,10.036068770336461,0.5458487579285721,0.013545766327569665,0.9507703031956161,0.2529753428761338,0.2529753428761338,0.02712851361789818,0.830327602471962,0.22707562103571396,0.6873725380387345,0.40009905804186147,0.005763615033218959,"{'0': 0.09025206603109837, '1': 0.8687255770060316, '2': 0.04102236309479225}","{'policy_dri': True, 'active_frontier_distance': True, 'oracle_normalized_return': True, 'response_signature_accuracy': True, 'belief_calibration': True, 'partner_response_prediction_loss': True}"
passive_early,talents_style,2007,binary-role-allocation--passive_early--identity,greedy,exact_neural_policy_tree,92.0,0.0,8.0,8.0,0.0,8.0,0.6,0.0,1.0,0.27807190511263774,0.27807190511263774,0.0,1.0,0.5,0.5233013037790082,0.0648449957370758,0.0048025320284068584,{'1': 1.0},"{'policy_dri': True, 'active_frontier_distance': True, 'oracle_normalized_return': True, 'response_signature_accuracy': True, 'belief_calibration': True, 'partner_response_prediction_loss': True}"
passive_early,talents_style,2007,binary-role-allocation--passive_early--identity,stochastic,exact_neural_policy_tree,89.688243606918,0.06286455729818546,10.248891835783816,9.25473836922224,0.9941534665615759,10.311756393082002,0.537263081538888,0.012572911459637093,0.9461086058281666,0.248996325573018,0.248996325573018,0.031407804839748636,0.8073536339098327,0.500000047154574,0.5202790120082944,0.06803309693322332,0.006026423308800966,"{'0': 0.1045614667236805, '1': 0.8447686528589909, '2': 0.05066997648458777}","{'policy_dri': True, 'active_frontier_distance': True, 'oracle_normalized_return': True, 'response_signature_accuracy': True, 'belief_calibration': True, 'partner_response_prediction_loss': True}"
passive_early,talents_style,2008,binary-role-allocation--passive_early--identity,greedy,exact_neural_policy_tree,92.0,0.0,8.0,8.0,0.0,8.0,0.6,0.0,1.0,0.27807190511263774,0.27807190511263774,0.0,1.0,0.5,0.5148491891594693,0.03578546643257141,0.0054357529152184725,{'1': 1.0},"{'policy_dri': True, 'active_frontier_distance': True, 'oracle_normalized_return': True, 'response_signature_accuracy': True, 'belief_calibration': True, 'partner_response_prediction_loss': True}"
passive_early,talents_style,2008,binary-role-allocation--passive_early--identity,stochastic,exact_neural_policy_tree,89.79747148245175,0.08982246184644226,10.1127060557018,9.10972630844315,1.0029797472586495,10.202528517548242,0.5445136845778424,0.017964492369288453,0.962131824391924,0.25235659942653427,0.25235659942653427,0.02783388845345517,0.8164559568709796,0.493981746652078,0.5163606204603652,0.04114154004941717,0.007599619446342549,"{'0': 0.09247718751430511, '1': 0.852913815147338, '2': 0.054609004622293005}","{'policy_dri': True, 'active_frontier_distance': True, 'oracle_normalized_return': True, 'response_signature_accuracy': True, 'belief_calibration': True, 'partner_response_prediction_loss': True}"
passive_early,talents_style,2009,binary-role-allocation--passive_early--identity,greedy,exact_neural_policy_tree,92.0,0.0,8.0,8.0,0.0,8.0,0.6,0.0,1.0,0.27807190511263774,0.27807190511263774,0.0,1.0,0.5,0.48036829641926726,0.04758152365684509,0.004635168239474297,{'1': 1.0},"{'policy_dri': True, 'active_frontier_distance': True, 'oracle_normalized_return': True, 'response_signature_accuracy': True, 'belief_calibration': True, 'partner_response_prediction_loss': True}"
passive_early,talents_style,2009,binary-role-allocation--passive_early--identity,stochastic,exact_neural_policy_tree,90.09629197140443,0.07010016825173547,9.833607860343838,8.917541014623286,0.9160668457205521,9.903708028595574,0.5541229492688358,0.014020033650347095,0.9842937169537919,0.25681002618166854,0.25681002618166854,0.02300537365357344,0.8413576642837022,0.5126638398406047,0.4778785995779239,0.047140589973930155,0.007026192251031725,"{'0': 0.07646177150309086, '1': 0.8627826791865751, '2': 0.06075551888360835}","{'policy_dri': True, 'active_frontier_distance': True, 'oracle_normalized_return': True, 'response_signature_accuracy': True, 'belief_calibration': True, 'partner_response_prediction_loss': True}"
passive_early,talents_style,2010,binary-role-allocation--passive_early--identity,greedy,exact_neural_policy_tree,92.0,0.0,8.0,8.0,0.0,8.0,0.6,0.0,1.0,0.27807190511263774,0.27807190511263774,0.0,1.0,0.5,0.4886261478762884,0.029275476932525635,0.00379999855067581,{'1': 1.0},"{'policy_dri': True, 'active_frontier_distance': True, 'oracle_normalized_return': True, 'response_signature_accuracy': True, 'belief_calibration': True, 'partner_response_prediction_loss': True}"
passive_early,talents_style,2010,binary-role-allocation--passive_early--identity,stochastic,exact_neural_policy_tree,90.27293317556222,0.0751262134321513,9.651940611005632,8.902198087243395,0.7497425237622366,9.727066824437783,0.5548900956378302,0.015025242686430261,0.9630749588429941,0.2571656507166958,0.2571656507166958,0.022633014279066603,0.8560777646301846,0.5127020776447383,0.4877730921794256,0.01690332140375861,0.0056889245325351815,"{'0': 0.07518306747078896, '1': 0.8865592256139101, '2': 0.038257866614542044}","{'policy_dri': True, 'active_frontier_distance': True, 'oracle_normalized_return': True, 'response_signature_accuracy': True, 'belief_calibration': True, 'partner_response_prediction_loss': True}"
passive_early,tom_selector_style,2001,binary-role-allocation--passive_early--identity,greedy,exact_neural_policy_tree,92.0,0.0,8.0,8.0,0.0,8.0,0.6,0.0,1.0,0.27807190511263774,0.27807190511263774,0.0,1.0,0.5,0.5000274246882979,3.555417060852051e-05,0.00015406363309011795,{'1': 1.0},"{'policy_dri': True, 'active_frontier_distance': True, 'oracle_normalized_return': True, 'response_signature_accuracy': True, 'belief_calibration': True, 'partner_response_prediction_loss': True}"
passive_early,tom_selector_style,2001,binary-role-allocation--passive_early--identity,stochastic,exact_neural_policy_tree,87.25607110537848,0.027665813423221094,12.716263081198303,12.253095629975856,0.4631674512224464,12.743928894621524,0.3873452185012072,0.005533162684644219,0.7555020504447229,0.17951641993228612,0.17951641993228612,0.10632964025541071,0.6046725921148735,0.49782673825669055,0.5002560031819023,0.008624549800225312,0.000942780219806486,"{'0': 0.3544245660305023, '1': 0.5356490268967293, '2': 0.10992651177399673}","{'policy_dri': True, 'active_frontier_distance': True, 'oracle_normalized_return': True, 'response_signature_accuracy': True, 'belief_calibration': True, 'partner_response_prediction_loss': True}"
passive_early,tom_selector_style,2002,binary-role-allocation--passive_early--identity,greedy,exact_neural_policy_tree,92.0,0.0,8.0,8.0,0.0,8.0,0.6,0.0,1.0,0.27807190511263774,0.27807190511263774,0.0,1.0,0.2,0.5001103129196633,0.30009191036224364,0.0003396255197003484,{'1': 1.0},"{'policy_dri': True, 'active_frontier_distance': True, 'oracle_normalized_return': True, 'response_signature_accuracy': True, 'belief_calibration': True, 'partner_response_prediction_loss': True}"
passive_early,tom_selector_style,2002,binary-role-allocation--passive_early--identity,stochastic,exact_neural_policy_tree,88.2167817776296,0.006341437070124465,11.776876785300264,10.33380931173367,1.4430674735665932,11.783218222370389,0.4833095344133165,0.001268287414024893,0.8661408868563808,0.22399128799759796,0.22399128799759796,0.058345448180207794,0.6847318148024671,0.26995313994445985,0.5002895098675448,0.23495761878361476,0.00076343526708603,"{'0': 0.194484181702137, '1': 0.7448905325663517, '2': 0.06062517714501448}","{'policy_dri': True, 'active_frontier_distance': True, 'oracle_normalized_return': True, 'response_signature_accuracy': True, 'belief_calibration': True, 'partner_response_prediction_loss': True}"
passive_early,tom_selector_style,2003,binary-role-allocation--passive_early--identity,greedy,exact_neural_policy_tree,92.0,0.0,8.0,8.0,0.0,8.0,0.6,0.0,1.0,0.27807190511263774,0.27807190511263774,0.0,1.0,0.2,0.5004609377473064,0.30038379430770873,0.00021293781537679027,{'1': 1.0},"{'policy_dri': True, 'active_frontier_distance': True, 'oracle_normalized_return': True, 'response_signature_accuracy': True, 'belief_calibration': True, 'partner_response_prediction_loss': True}"
passive_early,tom_selector_style,2003,binary-role-allocation--passive_early--identity,stochastic,exact_neural_policy_tree,91.02527657138916,0.005004038982878184,8.969719389627969,8.67370370365639,0.2960156859715788,8.974723428610847,0.5663148148171805,0.0010008077965756369,0.9534869621414537,0.26246038934971977,0.26246038934971977,0.016843057188469356,0.9187730476157631,0.21684259259140976,0.5021502807585381,0.29046023865071846,0.0002267565400975482,"{'0': 0.056141989305615425, '1': 0.9342290172445668, '2': 0.009628972448443535}","{'policy_dri': True, 'active_frontier_distance': True, 'oracle_normalized_return': True, 'response_signature_accuracy': True, 'belief_calibration': True, 'partner_response_prediction_loss': True}"
passive_early,tom_selector_style,2004,binary-role-allocation--passive_early--identity,greedy,exact_neural_policy_tree,92.0,0.0,8.0,8.0,0.0,8.0,0.6,0.0,1.0,0.27807190511263774,0.27807190511263774,0.0,1.0,0.5,0.5001863391989527,0.0001678168773651123,0.00017039148951880634,{'1': 1.0},"{'policy_dri': True, 'active_frontier_distance': True, 'oracle_normalized_return': True, 'response_signature_accuracy': True, 'belief_calibration': True, 'partner_response_prediction_loss': True}"
passive_early,tom_selector_style,2004,binary-role-allocation--passive_early--identity,stochastic,exact_neural_policy_tree,91.51148809524923,0.0018313731362937602,8.486680531614477,8.325003514598635,0.16167701701584214,8.488511904750771,0.5837498242700683,0.00036627462725875203,0.9783935073570302,0.27054073496201286,0.27054073496201286,0.008125216859760916,0.9592906746041029,0.5000000352188506,0.5002206408725156,0.0008941230362226049,0.00017562249228779238,"{'0': 0.02708358969539404, '1': 0.9674394228156581, '2': 0.005477042270686007}","{'policy_dri': True, 'active_frontier_distance': True, 'oracle_normalized_return': True, 'response_signature_accuracy': True, 'belief_calibration': True, 'partner_response_prediction_loss': True}"
passive_early,tom_selector_style,2005,binary-role-allocation--passive_early--identity,greedy,exact_neural_policy_tree,92.0,0.0,8.0,8.0,0.0,8.0,0.6,0.0,1.0,0.27807190511263774,0.27807190511263774,0.0,1.0,0.2,0.5002215575028559,0.3001845359802246,0.000263416201050859,{'1': 1.0},"{'policy_dri': True, 'active_frontier_distance': True, 'oracle_normalized_return': True, 'response_signature_accuracy': True, 'belief_calibration': True, 'partner_response_prediction_loss': True}"
passive_early,tom_selector_style,2005,binary-role-allocation--passive_early--identity,stochastic,exact_neural_policy_tree,85.11668346965887,0.012931159014738618,14.870385371326389,14.482704975110183,0.3876803962162061,14.883316530341128,0.27586475124449084,0.0025862318029477235,0.46761225255436356,0.1278503832559022,0.1278503832559022,0.16206794680239786,0.4263902891382389,0.3646910444573408,0.5017308092140642,0.15638506794541807,0.00027348147571892525,"{'0': 0.5402254313230515, '1': 0.45193683460792494, '2': 0.0078377089732193}","{'policy_dri': True, 'active_frontier_distance': True, 'oracle_normalized_return': True, 'response_signature_accuracy': True, 'belief_calibration': True, 'partner_response_prediction_loss': True}"
passive_early,tom_selector_style,2006,binary-role-allocation--passive_early--identity,greedy,exact_neural_policy_tree,92.0,0.0,8.0,8.0,0.0,8.0,0.6,0.0,1.0,0.27807190511263774,0.27807190511263774,0.0,1.0,0.2,0.5001674871257823,0.3001395344734192,0.0002890995820052922,{'1': 1.0},"{'policy_dri': True, 'active_frontier_distance': True, 'oracle_normalized_return': True, 'response_signature_accuracy': True, 'belief_calibration': True, 'partner_response_prediction_loss': True}"
passive_early,tom_selector_style,2006,binary-role-allocation--passive_early--identity,stochastic,exact_neural_policy_tree,88.94870320920987,0.0035854985969932794,11.047711292193132,10.60066557631287,0.447045715880261,11.051296790790126,0.46996672118435645,0.0007170997193986559,0.794160930858741,0.2178075605072971,0.2178075605072971,0.06501670119870617,0.7457252674341556,0.2682815674029047,0.5056471478938569,0.2562792842653735,0.0002958634656914962,"{'0': 0.2167221438139677, '1': 0.7723947441496383, '2': 0.010883093354551315}","{'policy_dri': True, 'active_frontier_distance': True, 'oracle_normalized_return': True, 'response_signature_accuracy': True, 'belief_calibration': True, 'partner_response_prediction_loss': True}"
passive_early,tom_selector_style,2007,binary-role-allocation--passive_early--identity,greedy,exact_neural_policy_tree,92.0,0.0,8.0,8.0,0.0,8.0,0.6,0.0,1.0,0.27807190511263774,0.27807190511263774,0.0,1.0,0.2,0.5001016050258233,0.30008466839790343,0.0002924967557191849,{'1': 1.0},"{'policy_dri': True, 'active_frontier_distance': True, 'oracle_normalized_return': True, 'response_signature_accuracy': True, 'belief_calibration': True, 'partner_response_prediction_loss': True}"
passive_early,tom_selector_style,2007,binary-role-allocation--passive_early--identity,stochastic,exact_neural_policy_tree,86.71857077710297,0.021960597935930148,13.259468624961103,12.90084829418607,0.3586203307750342,13.281429222897033,0.35495758529069654,0.00439211958718603,0.6021783387419285,0.1645062317512004,0.1645062317512004,0.12252243741068461,0.559880898091914,0.32569590366672435,0.5004626322828672,0.18345573013478295,0.0003282721482830547,"{'0': 0.40840400755405426, '1': 0.5810136970343174, '2': 0.010582320853805482}","{'policy_dri': True, 'active_frontier_distance': True, 'oracle_normalized_return': True, 'response_signature_accuracy': True, 'belief_calibration': True, 'partner_response_prediction_loss': True}"
passive_early,tom_selector_style,2008,binary-role-allocation--passive_early--identity,greedy,exact_neural_policy_tree,92.0,0.0,8.0,8.0,0.0,8.0,0.6,0.0,1.0,0.27807190511263774,0.27807190511263774,0.0,1.0,0.5,0.49995930874829303,4.744529724121094e-05,0.00025769042258616537,{'1': 1.0},"{'policy_dri': True, 'active_frontier_distance': True, 'oracle_normalized_return': True, 'response_signature_accuracy': True, 'belief_calibration': True, 'partner_response_prediction_loss': True}"
passive_early,tom_selector_style,2008,binary-role-allocation--passive_early--identity,stochastic,exact_neural_policy_tree,91.35740222448668,0.0005968814922726743,8.642000894021054,8.426672486455754,0.21532840756530014,8.642597775513327,0.5786663756772124,0.00011937629845453487,0.9723971570699752,0.26818476064971547,0.26818476064971547,0.010666822598771244,0.9464501853738897,0.5000000000391962,0.5001941689589315,0.0020872914456131486,0.0003831147932649103,"{'0': 0.035556052811443806, '1': 0.9564907004867442, '2': 0.007953228291615473}","{'policy_dri': True, 'active_frontier_distance': True, 'oracle_normalized_return': True, 'response_signature_accuracy': True, 'belief_calibration': True, 'partner_response_prediction_loss': True}"
passive_early,tom_selector_style,2009,binary-role-allocation--passive_early--identity,greedy,exact_neural_policy_tree,92.0,0.0,8.0,8.0,0.0,8.0,0.6,0.0,1.0,0.27807190511263774,0.27807190511263774,0.0,1.0,0.5,0.5000416358181724,5.257129669189453e-05,9.762763875187376e-05,{'1': 1.0},"{'policy_dri': True, 'active_frontier_distance': True, 'oracle_normalized_return': True, 'response_signature_accuracy': True, 'belief_calibration': True, 'partner_response_prediction_loss': True}"
passive_early,tom_selector_style,2009,binary-role-allocation--passive_early--identity,stochastic,exact_neural_policy_tree,91.45808816676261,0.009411750799467159,8.532500082437927,8.319985585274901,0.21251449716302595,8.541911833237394,0.584000720736255,0.001882350159893432,0.9829236427422047,0.2706570164999189,0.2706570164999189,0.00800309923704687,0.9548406805635506,0.5000000204086533,0.5000977829621747,0.0009487610355989329,0.0001109826603317702,"{'0': 0.026665424928069115, '1': 0.9637456289361751, '2': 0.00958900690301477}","{'policy_dri': True, 'active_frontier_distance': True, 'oracle_normalized_return': True, 'response_signature_accuracy': True, 'belief_calibration': True, 'partner_response_prediction_loss': True}"
passive_early,tom_selector_style,2010,binary-role-allocation--passive_early--identity,greedy,exact_neural_policy_tree,92.0,0.0,8.0,8.0,0.0,8.0,0.6,0.0,1.0,0.27807190511263774,0.27807190511263774,0.0,1.0,0.2,0.500059147629202,0.30004929304122924,0.0001578801529831253,{'1': 1.0},"{'policy_dri': True, 'active_frontier_distance': True, 'oracle_normalized_return': True, 'response_signature_accuracy': True, 'belief_calibration': True, 'partner_response_prediction_loss': True}"
passive_early,tom_selector_style,2010,binary-role-allocation--passive_early--identity,stochastic,exact_neural_policy_tree,89.885639901755,0.005017732457131082,10.109342365787873,9.879684913459354,0.22965745232851908,10.114360098245005,0.5060157543270323,0.0010035464914262165,0.8507146743415595,0.23451465268527433,0.23451465268527433,0.04699229026876182,0.8238033251462499,0.2501523679411791,0.5014313220878223,0.2602910243786857,0.00016802152720866686,"{'0': 0.15664034523069859, '1': 0.8360048278697862, '2': 0.007354923235886636}","{'policy_dri': True, 'active_frontier_distance': True, 'oracle_normalized_return': True, 'response_signature_accuracy': True, 'belief_calibration': True, 'partner_response_prediction_loss': True}"
passive_late,mlp_ppo,2001,binary-role-allocation--passive_late--identity,greedy,exact_neural_policy_tree,92.0,0.0,8.0,8.0,0.0,8.0,0.6,0.0,2.0,0.2780719051126377,0.2780719051126377,0.0,1.0,,,,,{'2': 1.0},"{'policy_dri': True, 'active_frontier_distance': True, 'oracle_normalized_return': True, 'response_signature_accuracy': False, 'belief_calibration': False, 'partner_response_prediction_loss': False}"
passive_late,mlp_ppo,2001,binary-role-allocation--passive_late--identity,stochastic,exact_neural_policy_tree,84.41465842406788,0.18323519148802522,15.402106384444087,13.542864985075456,1.8592413993686314,15.585341575932112,0.3228567507462272,0.03664703829760505,1.2862718302189218,0.15372845603140023,0.15372845603140023,0.13864732096711962,0.3678882020056567,,,,,"{'0': 0.23764429986476898, '1': 0.23843947395752516, '2': 0.5239161781306984}","{'policy_dri': True, 'active_frontier_distance': True, 'oracle_normalized_return': True, 'response_signature_accuracy': False, 'belief_calibration': False, 'partner_response_prediction_loss': False}"
passive_late,mlp_ppo,2002,binary-role-allocation--passive_late--identity,greedy,exact_neural_policy_tree,92.0,0.0,8.0,8.0,0.0,8.0,0.6,0.0,2.0,0.2780719051126377,0.2780719051126377,0.0,1.0,,,,,{'2': 1.0},"{'policy_dri': True, 'active_frontier_distance': True, 'oracle_normalized_return': True, 'response_signature_accuracy': False, 'belief_calibration': False, 'partner_response_prediction_loss': False}"
passive_late,mlp_ppo,2002,binary-role-allocation--passive_late--identity,stochastic,exact_neural_policy_tree,85.95309251993147,0.12911399316803035,13.917793486900498,11.992572615699174,1.925220871201324,14.046907480068528,0.4003713692150413,0.025822798633606068,1.4968159191478254,0.18874370372406607,0.18874370372406607,0.0998664937393379,0.4960910433276228,,,,,"{'0': 0.16213257610797882, '1': 0.17891887982089347, '2': 0.658948519663466}","{'policy_dri': True, 'active_frontier_distance': True, 'oracle_normalized_return': True, 'response_signature_accuracy': False, 'belief_calibration': False, 'partner_response_prediction_loss': False}"
passive_late,mlp_ppo,2003,binary-role-allocation--passive_late--identity,greedy,exact_neural_policy_tree,92.0,0.0,8.0,8.0,0.0,8.0,0.6,0.0,2.0,0.2780719051126377,0.2780719051126377,0.0,1.0,,,,,{'2': 1.0},"{'policy_dri': True, 'active_frontier_distance': True, 'oracle_normalized_return': True, 'response_signature_accuracy': False, 'belief_calibration': False, 'partner_response_prediction_loss': False}"
passive_late,mlp_ppo,2003,binary-role-allocation--passive_late--identity,stochastic,exact_neural_policy_tree,84.68971727797198,0.14380287015188267,15.166479851876144,13.446137304562745,1.7203425473133986,15.310282722028026,0.32769313477186274,0.02876057403037653,1.2291428214345166,0.15553884978954843,0.15553884978954843,0.1362008874916337,0.39080977316433163,,,,,"{'0': 0.30835794284939766, '1': 0.15414147170073017, '2': 0.5375006748668931}","{'policy_dri': True, 'active_frontier_distance': True, 'oracle_normalized_return': True, 'response_signature_accuracy': False, 'belief_calibration': False, 'partner_response_prediction_loss': False}"
passive_late,mlp_ppo,2004,binary-role-allocation--passive_late--identity,greedy,exact_neural_policy_tree,92.0,0.0,8.0,8.0,0.0,8.0,0.6,0.0,2.0,0.2780719051126377,0.2780719051126377,0.0,1.0,,,,,{'2': 1.0},"{'policy_dri': True, 'active_frontier_distance': True, 'oracle_normalized_return': True, 'response_signature_accuracy': False, 'belief_calibration': False, 'partner_response_prediction_loss': False}"
passive_late,mlp_ppo,2004,binary-role-allocation--passive_late--identity,stochastic,exact_neural_policy_tree,85.20966109484581,0.16525431410745342,14.62508459104674,12.93144355185089,1.6936410391958496,14.790338905154194,0.3534278224074555,0.03305086282149069,1.330287767695067,0.1677330174888968,0.1677330174888968,0.1233552909622821,0.43413842457048446,,,,,"{'0': 0.2472791150212288, '1': 0.17515390434838077, '2': 0.5775669316733432}","{'policy_dri': True, 'active_frontier_distance': True, 'oracle_normalized_return': True, 'response_signature_accuracy': False, 'belief_calibration': False, 'partner_response_prediction_loss': False}"
passive_late,mlp_ppo,2005,binary-role-allocation--passive_late--identity,greedy,exact_neural_policy_tree,92.0,0.0,8.0,8.0,0.0,8.0,0.6,0.0,2.0,0.2780719051126377,0.2780719051126377,0.0,1.0,,,,,{'2': 1.0},"{'policy_dri': True, 'active_frontier_distance': True, 'oracle_normalized_return': True, 'response_signature_accuracy': False, 'belief_calibration': False, 'partner_response_prediction_loss': False}"
passive_late,mlp_ppo,2005,binary-role-allocation--passive_late--identity,stochastic,exact_neural_policy_tree,85.85725642868618,0.09385912239687814,14.048884448916935,12.434683721380802,1.614200727536133,14.142743571313813,0.3782658139309599,0.01877182447937563,1.4539770062072925,0.17762907066198402,0.17762907066198402,0.11089192160482482,0.4881047023905154,,,,,"{'0': 0.17041294276714325, '1': 0.20519716189751552, '2': 0.6243899221548884}","{'policy_dri': True, 'active_frontier_distance': True, 'oracle_normalized_return': True, 'response_signature_accuracy': False, 'belief_calibration': False, 'partner_response_prediction_loss': False}"
passive_late,mlp_ppo,2006,binary-role-allocation--passive_late--identity,greedy,exact_neural_policy_tree,92.0,0.0,8.0,8.0,0.0,8.0,0.6,0.0,2.0,0.2780719051126377,0.2780719051126377,0.0,1.0,,,,,{'2': 1.0},"{'policy_dri': True, 'active_frontier_distance': True, 'oracle_normalized_return': True, 'response_signature_accuracy': False, 'belief_calibration': False, 'partner_response_prediction_loss': False}"
passive_late,mlp_ppo,2006,binary-role-allocation--passive_late--identity,stochastic,exact_neural_policy_tree,84.42471495857593,0.36828081869919815,15.207004222724867,13.48388102449684,1.723123198228027,15.575285041424065,0.325805948775158,0.07365616373983963,1.2074172438734294,0.15936547083498231,0.15936547083498231,0.1374058356026461,0.3687262465479944,,,,,"{'0': 0.30780942738056183, '1': 0.1769638327581453, '2': 0.515226705557642}","{'policy_dri': True, 'active_frontier_distance': True, 'oracle_normalized_return': True, 'response_signature_accuracy': False, 'belief_calibration': False, 'partner_response_prediction_loss': False}"
passive_late,mlp_ppo,2007,binary-role-allocation--passive_late--identity,greedy,exact_neural_policy_tree,92.0,0.0,8.0,8.0,0.0,8.0,0.6,0.0,2.0,0.2780719051126377,0.2780719051126377,0.0,1.0,,,,,{'2': 1.0},"{'policy_dri': True, 'active_frontier_distance': True, 'oracle_normalized_return': True, 'response_signature_accuracy': False, 'belief_calibration': False, 'partner_response_prediction_loss': False}"
passive_late,mlp_ppo,2007,binary-role-allocation--passive_late--identity,stochastic,exact_neural_policy_tree,87.96124621991889,0.08811702528698273,11.950636754794127,10.72473485626239,1.2259018985317365,12.038753780081109,0.4637632571868805,0.017623405057396544,1.6756449316793984,0.2174176728084306,0.2174176728084306,0.06815398304151349,0.6634371849932409,,,,,"{'0': 0.09329099208116531, '1': 0.13777304033707177, '2': 0.7689359456711634}","{'policy_dri': True, 'active_frontier_distance': True, 'oracle_normalized_return': True, 'response_signature_accuracy': False, 'belief_calibration': False, 'partner_response_prediction_loss': False}"
passive_late,mlp_ppo,2008,binary-role-allocation--passive_late--identity,greedy,exact_neural_policy_tree,92.0,0.0,8.0,8.0,0.0,8.0,0.6,0.0,2.0,0.2780719051126377,0.2780719051126377,0.0,1.0,,,,,{'2': 1.0},"{'policy_dri': True, 'active_frontier_distance': True, 'oracle_normalized_return': True, 'response_signature_accuracy': False, 'belief_calibration': False, 'partner_response_prediction_loss': False}"
passive_late,mlp_ppo,2008,binary-role-allocation--passive_late--identity,stochastic,exact_neural_policy_tree,86.27625314345006,0.15075992286718629,13.572986933682747,11.816318830810513,1.7566681028722346,13.723746856549933,0.40918405845947436,0.03015198457343726,1.4710630181394087,0.19380908316693043,0.19380908316693043,0.09548238703008868,0.5230210952875053,,,,,"{'0': 0.20362143218517303, '1': 0.12169411310162236, '2': 0.674684452518893}","{'policy_dri': True, 'active_frontier_distance': True, 'oracle_normalized_return': True, 'response_signature_accuracy': False, 'belief_calibration': False, 'partner_response_prediction_loss': False}"
passive_late,mlp_ppo,2009,binary-role-allocation--passive_late--identity,greedy,exact_neural_policy_tree,92.0,0.0,8.0,8.0,0.0,8.0,0.6,0.0,2.0,0.2780719051126377,0.2780719051126377,0.0,1.0,,,,,{'2': 1.0},"{'policy_dri': True, 'active_frontier_distance': True, 'oracle_normalized_return': True, 'response_signature_accuracy': False, 'belief_calibration': False, 'partner_response_prediction_loss': False}"
passive_late,mlp_ppo,2009,binary-role-allocation--passive_late--identity,stochastic,exact_neural_policy_tree,86.5876468324437,0.1173348709393749,13.295018296616924,11.718194223472276,1.576824073144648,13.412353167556299,0.4140902888263862,0.02346697418787498,1.4924057101265713,0.195258489955139,0.195258489955139,0.09300112820350943,0.548970569370308,,,,,"{'0': 0.19262238591909409, '1': 0.12234961708510342, '2': 0.6850280465207338}","{'policy_dri': True, 'active_frontier_distance': True, 'oracle_normalized_return': True, 'response_signature_accuracy': False, 'belief_calibration': False, 'partner_response_prediction_loss': False}"
passive_late,mlp_ppo,2010,binary-role-allocation--passive_late--identity,greedy,exact_neural_policy_tree,92.0,0.0,8.0,8.0,0.0,8.0,0.6,0.0,2.0,0.2780719051126377,0.2780719051126377,0.0,1.0,,,,,{'2': 1.0},"{'policy_dri': True, 'active_frontier_distance': True, 'oracle_normalized_return': True, 'response_signature_accuracy': False, 'belief_calibration': False, 'partner_response_prediction_loss': False}"
passive_late,mlp_ppo,2010,binary-role-allocation--passive_late--identity,stochastic,exact_neural_policy_tree,86.52826230665046,0.05832768991696382,13.413410003432576,11.587151724651411,1.8262582787811645,13.47173769334954,0.42064241376742945,0.011665537983392765,1.551106646685843,0.19655376291816612,0.19655376291816612,0.08969064755829008,0.5440218588875384,,,,,"{'0': 0.14709913358092308, '1': 0.15469540217673575, '2': 0.6982056222545537}","{'policy_dri': True, 'active_frontier_distance': True, 'oracle_normalized_return': True, 'response_signature_accuracy': False, 'belief_calibration': False, 'partner_response_prediction_loss': False}"
passive_late,gru_ppo_passive,2001,binary-role-allocation--passive_late--identity,greedy,exact_neural_policy_tree,92.0,0.0,8.0,8.0,0.0,8.0,0.6,0.0,2.0,0.2780719051126377,0.2780719051126377,0.0,1.0,,,,,{'2': 1.0},"{'policy_dri': True, 'active_frontier_distance': True, 'oracle_normalized_return': True, 'response_signature_accuracy': False, 'belief_calibration': False, 'partner_response_prediction_loss': False}"
passive_late,gru_ppo_passive,2001,binary-role-allocation--passive_late--identity,stochastic,exact_neural_policy_tree,85.10900715689792,0.0,14.890992843102085,12.867577861338008,2.023414981764077,14.890992843102085,0.3566211069330996,0.0,1.2989750680183576,0.16527715992889805,0.16527715992889805,0.12168944653345021,0.42575059640815976,,,,,"{'0': 0.29539330303668976, '1': 0.11023822053317389, '2': 0.5943684237425919}","{'policy_dri': True, 'active_frontier_distance': True, 'oracle_normalized_return': True, 'response_signature_accuracy': False, 'belief_calibration': False, 'partner_response_prediction_loss': False}"
passive_late,gru_ppo_passive,2002,binary-role-allocation--passive_late--identity,greedy,exact_neural_policy_tree,92.0,0.0,8.0,8.0,0.0,8.0,0.6,0.0,2.0,0.2780719051126377,0.2780719051126377,0.0,1.0,,,,,{'2': 1.0},"{'policy_dri': True, 'active_frontier_distance': True, 'oracle_normalized_return': True, 'response_signature_accuracy': False, 'belief_calibration': False, 'partner_response_prediction_loss': False}"
passive_late,gru_ppo_passive,2002,binary-role-allocation--passive_late--identity,stochastic,exact_neural_policy_tree,84.61661639203035,0.0,15.383383607969641,13.434082558061474,1.9493010499081667,15.383383607969641,0.3282958720969263,0.0,1.221928049795092,0.15214977880351566,0.15214977880351566,0.13585206395153687,0.38471803266919596,,,,,"{'0': 0.3252318203449249, '1': 0.12760837199891295, '2': 0.5471598388980895}","{'policy_dri': True, 'active_frontier_distance': True, 'oracle_normalized_return': True, 'response_signature_accuracy': False, 'belief_calibration': False, 'partner_response_prediction_loss': False}"
passive_late,gru_ppo_passive,2003,binary-role-allocation--passive_late--identity,greedy,exact_neural_policy_tree,92.0,0.0,8.0,8.0,0.0,8.0,0.6,0.0,2.0,0.2780719051126377,0.2780719051126377,0.0,1.0,,,,,{'2': 1.0},"{'policy_dri': True, 'active_frontier_distance': True, 'oracle_normalized_return': True, 'response_signature_accuracy': False, 'belief_calibration': False, 'partner_response_prediction_loss': False}"
passive_late,gru_ppo_passive,2003,binary-role-allocation--passive_late--identity,stochastic,exact_neural_policy_tree,86.6518622158957,0.0,13.348137784104301,12.044753707942622,1.303384076161679,13.348137784104301,0.3977623146028689,0.0,1.4142105484594576,0.18434419750084174,0.18434419750084174,0.10111884269856553,0.5543218513246421,,,,,"{'0': 0.24872658401727676, '1': 0.08833623960995352, '2': 0.662937154424752}","{'policy_dri': True, 'active_frontier_distance': True, 'oracle_normalized_return': True, 'response_signature_accuracy': False, 'belief_calibration': False, 'partner_response_prediction_loss': False}"
passive_late,gru_ppo_passive,2004,binary-role-allocation--passive_late--identity,greedy,exact_neural_policy_tree,92.0,0.0,8.0,8.0,0.0,8.0,0.6,0.0,2.0,0.2780719051126377,0.2780719051126377,0.0,1.0,,,,,{'2': 1.0},"{'policy_dri': True, 'active_frontier_distance': True, 'oracle_normalized_return': True, 'response_signature_accuracy': False, 'belief_calibration': False, 'partner_response_prediction_loss': False}"
passive_late,gru_ppo_passive,2004,binary-role-allocation--passive_late--identity,stochastic,exact_neural_policy_tree,82.38593574138682,0.0,17.61406425861318,15.735121911979634,1.8789423466335453,17.61406425861318,0.21324390440101829,0.0,0.9252048150824944,0.09882856754171267,0.09882856754171267,0.19337804779949086,0.1988279784489014,,,,,"{'0': 0.4302017092704773, '1': 0.21439177914000696, '2': 0.3554065179712438}","{'policy_dri': True, 'active_frontier_distance': True, 'oracle_normalized_return': True, 'response_signature_accuracy': False, 'belief_calibration': False, 'partner_response_prediction_loss': False}"
passive_late,gru_ppo_passive,2005,binary-role-allocation--passive_late--identity,greedy,exact_neural_policy_tree,92.0,0.0,8.0,8.0,0.0,8.0,0.6,0.0,2.0,0.2780719051126377,0.2780719051126377,0.0,1.0,,,,,{'2': 1.0},"{'policy_dri': True, 'active_frontier_distance': True, 'oracle_normalized_return': True, 'response_signature_accuracy': False, 'belief_calibration': False, 'partner_response_prediction_loss': False}"
passive_late,gru_ppo_passive,2005,binary-role-allocation--passive_late--identity,stochastic,exact_neural_policy_tree,82.47868300304323,0.0,17.521316996956767,15.772882946839058,1.7484340501177087,17.521316996956767,0.2113558526580471,0.0,0.8515404471457658,0.09795353351229844,0.09795353351229844,0.19432207367097643,0.20655691692026915,,,,,"{'0': 0.5007192641496658, '1': 0.1470209922039173, '2': 0.35225972747092427}","{'policy_dri': True, 'active_frontier_distance': True, 'oracle_normalized_return': True, 'response_signature_accuracy': False, 'belief_calibration': False, 'partner_response_prediction_loss': False}"
passive_late,gru_ppo_passive,2006,binary-role-allocation--passive_late--identity,greedy,exact_neural_policy_tree,92.0,0.0,8.0,8.0,0.0,8.0,0.6,0.0,2.0,0.2780719051126377,0.2780719051126377,0.0,1.0,,,,,{'2': 1.0},"{'policy_dri': True, 'active_frontier_distance': True, 'oracle_normalized_return': True, 'response_signature_accuracy': False, 'belief_calibration': False, 'partner_response_prediction_loss': False}"
passive_late,gru_ppo_passive,2006,binary-role-allocation--passive_late--identity,stochastic,exact_neural_policy_tree,86.30987979951189,0.0,13.690120200488105,12.1262664801812,1.5638537203069038,13.690120200488105,0.39368667599094,0.0,1.4104754580190177,0.18245534482899756,0.18245534482899756,0.10315666200453,0.5258233166259908,,,,,"{'0': 0.24566902965307236, '1': 0.09818650344023017, '2': 0.6561444772893938}","{'policy_dri': True, 'active_frontier_distance': True, 'oracle_normalized_return': True, 'response_signature_accuracy': False, 'belief_calibration': False, 'partner_response_prediction_loss': False}"
passive_late,gru_ppo_passive,2007,binary-role-allocation--passive_late--identity,greedy,exact_neural_policy_tree,92.0,0.0,8.0,8.0,0.0,8.0,0.6,0.0,2.0,0.2780719051126377,0.2780719051126377,0.0,1.0,,,,,{'2': 1.0},"{'policy_dri': True, 'active_frontier_distance': True, 'oracle_normalized_return': True, 'response_signature_accuracy': False, 'belief_calibration': False, 'partner_response_prediction_loss': False}"
passive_late,gru_ppo_passive,2007,binary-role-allocation--passive_late--identity,stochastic,exact_neural_policy_tree,82.99943397115484,0.0,17.000566028845153,15.373912181595783,1.6266538472493703,17.000566028845153,0.23130439092021088,0.0,0.928797030299975,0.1071987606271288,0.1071987606271288,0.18434780453989458,0.2499528309295703,,,,,"{'0': 0.4567103236913681, '1': 0.15778234916053258, '2': 0.38550734056972125}","{'policy_dri': True, 'active_frontier_distance': True, 'oracle_normalized_return': True, 'response_signature_accuracy': False, 'belief_calibration': False, 'partner_response_prediction_loss': False}"
passive_late,gru_ppo_passive,2008,binary-role-allocation--passive_late--identity,greedy,exact_neural_policy_tree,92.0,0.0,8.0,8.0,0.0,8.0,0.6,0.0,2.0,0.2780719051126377,0.2780719051126377,0.0,1.0,,,,,{'2': 1.0},"{'policy_dri': True, 'active_frontier_distance': True, 'oracle_normalized_return': True, 'response_signature_accuracy': False, 'belief_calibration': False, 'partner_response_prediction_loss': False}"
passive_late,gru_ppo_passive,2008,binary-role-allocation--passive_late--identity,stochastic,exact_neural_policy_tree,91.09533621438833,0.0,8.904663785611671,8.651215908505012,0.25344787710665884,8.904663785611671,0.5674392045747494,0.0,1.9209071883133013,0.26298152944910813,0.26298152944910813,0.016280397712625294,0.9246113511990272,,,,,"{'0': 0.02482498250901699, '1': 0.029442969066966737, '2': 0.9457321096231673}","{'policy_dri': True, 'active_frontier_distance': True, 'oracle_normalized_return': True, 'response_signature_accuracy': False, 'belief_calibration': False, 'partner_response_prediction_loss': False}"
passive_late,gru_ppo_passive,2009,binary-role-allocation--passive_late--identity,greedy,exact_neural_policy_tree,92.0,0.0,8.0,8.0,0.0,8.0,0.6,0.0,2.0,0.2780719051126377,0.2780719051126377,0.0,1.0,,,,,{'2': 1.0},"{'policy_dri': True, 'active_frontier_distance': True, 'oracle_normalized_return': True, 'response_signature_accuracy': False, 'belief_calibration': False, 'partner_response_prediction_loss': False}"
passive_late,gru_ppo_passive,2009,binary-role-allocation--passive_late--identity,stochastic,exact_neural_policy_tree,83.91357422592384,0.0,16.086425774076158,13.703513027728441,2.382912746347717,16.086425774076158,0.31482434861357794,0.0,1.1854707698771185,0.14590633453015628,0.14590633453015628,0.142587825693211,0.3261311854936532,,,,,"{'0': 0.33923642337322235, '1': 0.13605634254722, '2': 0.5247072136649493}","{'policy_dri': True, 'active_frontier_distance': True, 'oracle_normalized_return': True, 'response_signature_accuracy': False, 'belief_calibration': False, 'partner_response_prediction_loss': False}"
passive_late,gru_ppo_passive,2010,binary-role-allocation--passive_late--identity,greedy,exact_neural_policy_tree,92.0,0.0,8.0,8.0,0.0,8.0,0.6,0.0,2.0,0.2780719051126377,0.2780719051126377,0.0,1.0,,,,,{'2': 1.0},"{'policy_dri': True, 'active_frontier_distance': True, 'oracle_normalized_return': True, 'response_signature_accuracy': False, 'belief_calibration': False, 'partner_response_prediction_loss': False}"
passive_late,gru_ppo_passive,2010,binary-role-allocation--passive_late--identity,stochastic,exact_neural_policy_tree,85.77503352812523,0.0,14.22496647187476,12.167746643334834,2.0572198285399264,14.22496647187476,0.3916126678332583,0.0,1.399014159796016,0.18149413315975943,0.18149413315975943,0.10419366608337083,0.48125279401043625,,,,,"{'0': 0.25367361307144165, '1': 0.0936386089201211, '2': 0.6526877754379474}","{'policy_dri': True, 'active_frontier_distance': True, 'oracle_normalized_return': True, 'response_signature_accuracy': False, 'belief_calibration': False, 'partner_response_prediction_loss': False}"
passive_late,gru_ppo_active,2001,binary-role-allocation--passive_late--identity,greedy,exact_neural_policy_tree,92.0,0.0,8.0,8.0,0.0,8.0,0.6,0.0,2.0,0.2780719051126377,0.2780719051126377,0.0,1.0,,,,,{'2': 1.0},"{'policy_dri': True, 'active_frontier_distance': True, 'oracle_normalized_return': True, 'response_signature_accuracy': False, 'belief_calibration': False, 'partner_response_prediction_loss': False}"
passive_late,gru_ppo_active,2001,binary-role-allocation--passive_late--identity,stochastic,exact_neural_policy_tree,84.20778105054204,0.14077560825007224,15.651443341207893,13.520703654657133,2.1307396865507595,15.792218949457965,0.3239648172671433,0.02815512165001445,1.2078832930549546,0.15414722766683145,0.15414722766683145,0.13806245555549942,0.35064842087850323,,,,,"{'0': 0.3258521556854248, '1': 0.140412601561821, '2': 0.5337353457465669}","{'policy_dri': True, 'active_frontier_distance': True, 'oracle_normalized_return': True, 'response_signature_accuracy': False, 'belief_calibration': False, 'partner_response_prediction_loss': False}"
passive_late,gru_ppo_active,2002,binary-role-allocation--passive_late--identity,greedy,exact_neural_policy_tree,92.0,0.0,8.0,8.0,0.0,8.0,0.6,0.0,2.0,0.2780719051126377,0.2780719051126377,0.0,1.0,,,,,{'2': 1.0},"{'policy_dri': True, 'active_frontier_distance': True, 'oracle_normalized_return': True, 'response_signature_accuracy': False, 'belief_calibration': False, 'partner_response_prediction_loss': False}"
passive_late,gru_ppo_active,2002,binary-role-allocation--passive_late--identity,stochastic,exact_neural_policy_tree,83.68816717546622,0.12731012233998612,16.18452270219379,14.278079010000141,1.9064436921936476,16.311832824533774,0.28609604949999295,0.025462024467997224,1.1896388460535636,0.13533060410619205,0.13533060410619205,0.15698424268667577,0.3073472646221849,,,,,"{'0': 0.2767350822687149, '1': 0.2568908257663379, '2': 0.46637401014361285}","{'policy_dri': True, 'active_frontier_distance': True, 'oracle_normalized_return': True, 'response_signature_accuracy': False, 'belief_calibration': False, 'partner_response_prediction_loss': False}"
passive_late,gru_ppo_active,2003,binary-role-allocation--passive_late--identity,greedy,exact_neural_policy_tree,92.0,0.0,8.0,8.0,0.0,8.0,0.6,0.0,2.0,0.2780719051126377,0.2780719051126377,0.0,1.0,,,,,{'2': 1.0},"{'policy_dri': True, 'active_frontier_distance': True, 'oracle_normalized_return': True, 'response_signature_accuracy': False, 'belief_calibration': False, 'partner_response_prediction_loss': False}"
passive_late,gru_ppo_active,2003,binary-role-allocation--passive_late--identity,stochastic,exact_neural_policy_tree,85.78118606495907,0.1716707458134744,14.047143189227457,12.541647455656635,1.5054957335708217,14.21881393504093,0.37291762721716826,0.03433414916269489,1.3534493860894148,0.17766470912793444,0.17766470912793444,0.11362227019944345,0.4817655054132561,,,,,"{'0': 0.2602449581027031, '1': 0.12606086674107572, '2': 0.6136942596741698}","{'policy_dri': True, 'active_frontier_distance': True, 'oracle_normalized_return': True, 'response_signature_accuracy': False, 'belief_calibration': False, 'partner_response_prediction_loss': False}"
passive_late,gru_ppo_active,2004,binary-role-allocation--passive_late--identity,greedy,exact_neural_policy_tree,92.0,0.0,8.0,8.0,0.0,8.0,0.6,0.0,2.0,0.2780719051126377,0.2780719051126377,0.0,1.0,,,,,{'2': 1.0},"{'policy_dri': True, 'active_frontier_distance': True, 'oracle_normalized_return': True, 'response_signature_accuracy': False, 'belief_calibration': False, 'partner_response_prediction_loss': False}"
passive_late,gru_ppo_active,2004,binary-role-allocation--passive_late--identity,stochastic,exact_neural_policy_tree,82.98540564593236,0.2598542249466339,16.75474012912101,15.114761025475964,1.6399791036450466,17.014594354067643,0.2442619487262018,0.05197084498932678,1.0384727266751044,0.1182310335555364,0.1182310335555364,0.17798762012401032,0.2487838038276967,,,,,"{'0': 0.34421224147081375, '1': 0.27310281840885253, '2': 0.38268495413312587}","{'policy_dri': True, 'active_frontier_distance': True, 'oracle_normalized_return': True, 'response_signature_accuracy': False, 'belief_calibration': False, 'partner_response_prediction_loss': False}"
passive_late,gru_ppo_active,2005,binary-role-allocation--passive_late--identity,greedy,exact_neural_policy_tree,92.0,0.0,8.0,8.0,0.0,8.0,0.6,0.0,2.0,0.2780719051126377,0.2780719051126377,0.0,1.0,,,,,{'2': 1.0},"{'policy_dri': True, 'active_frontier_distance': True, 'oracle_normalized_return': True, 'response_signature_accuracy': False, 'belief_calibration': False, 'partner_response_prediction_loss': False}"
passive_late,gru_ppo_active,2005,binary-role-allocation--passive_late--identity,stochastic,exact_neural_policy_tree,82.96101539996886,0.22053727148159197,16.818447328549556,14.895244277866684,1.9232030506828721,17.03898460003115,0.2552377861066658,0.04410745429631839,1.1126436925058836,0.12266871532988169,0.12266871532988169,0.17246925512168426,0.24675128333073815,,,,,"{'0': 0.2926400825381279, '1': 0.3020762138794679, '2': 0.40528373931320777}","{'policy_dri': True, 'active_frontier_distance': True, 'oracle_normalized_return': True, 'response_signature_accuracy': False, 'belief_calibration': False, 'partner_response_prediction_loss': False}"
passive_late,gru_ppo_active,2006,binary-role-allocation--passive_late--identity,greedy,exact_neural_policy_tree,92.0,0.0,8.0,8.0,0.0,8.0,0.6,0.0,2.0,0.2780719051126377,0.2780719051126377,0.0,1.0,,,,,{'2': 1.0},"{'policy_dri': True, 'active_frontier_distance': True, 'oracle_normalized_return': True, 'response_signature_accuracy': False, 'belief_calibration': False, 'partner_response_prediction_loss': False}"
passive_late,gru_ppo_active,2006,binary-role-allocation--passive_late--identity,stochastic,exact_neural_policy_tree,85.7635506037454,0.1550772353949926,14.081372160859612,12.618744913807593,1.4626272470520192,14.236449396254605,0.3690627543096204,0.03101544707899852,1.3426544766669595,0.17549076275406836,0.17549076275406836,0.11553368969634265,0.48029588364545006,,,,,"{'0': 0.2658105194568634, '1': 0.12572439469324903, '2': 0.6084650409868552}","{'policy_dri': True, 'active_frontier_distance': True, 'oracle_normalized_return': True, 'response_signature_accuracy': False, 'belief_calibration': False, 'partner_response_prediction_loss': False}"
passive_late,gru_ppo_active,2007,binary-role-allocation--passive_late--identity,greedy,exact_neural_policy_tree,92.0,0.0,8.0,8.0,0.0,8.0,0.6,0.0,2.0,0.2780719051126377,0.2780719051126377,0.0,1.0,,,,,{'2': 1.0},"{'policy_dri': True, 'active_frontier_distance': True, 'oracle_normalized_return': True, 'response_signature_accuracy': False, 'belief_calibration': False, 'partner_response_prediction_loss': False}"
passive_late,gru_ppo_active,2007,binary-role-allocation--passive_late--identity,stochastic,exact_neural_policy_tree,84.81380078847981,0.2713607521470688,14.914838459373119,13.371296761050896,1.5435416983222225,15.186199211520188,0.3314351619474552,0.05427215042941376,1.2621568413104747,0.1605044155479433,0.1605044155479433,0.13445367592846263,0.40115006570665085,,,,,"{'0': 0.27377939224243164, '1': 0.1902844323016418, '2': 0.5359362045044166}","{'policy_dri': True, 'active_frontier_distance': True, 'oracle_normalized_return': True, 'response_signature_accuracy': False, 'belief_calibration': False, 'partner_response_prediction_loss': False}"
passive_late,gru_ppo_active,2008,binary-role-allocation--passive_late--identity,greedy,exact_neural_policy_tree,92.0,0.0,8.0,8.0,0.0,8.0,0.6,0.0,2.0,0.2780719051126377,0.2780719051126377,0.0,1.0,,,,,{'2': 1.0},"{'policy_dri': True, 'active_frontier_distance': True, 'oracle_normalized_return': True, 'response_signature_accuracy': False, 'belief_calibration': False, 'partner_response_prediction_loss': False}"
passive_late,gru_ppo_active,2008,binary-role-allocation--passive_late--identity,stochastic,exact_neural_policy_tree,82.35907086395514,0.16072347359778807,17.480205662447073,15.341983576185763,2.13822208626131,17.64092913604486,0.23290082119071184,0.032144694719557616,1.0946103303679962,0.11076505801733988,0.11076505801733988,0.18359356413683667,0.1965892386629283,,,,,"{'0': 0.27690427750349045, '1': 0.35158118582893527, '2': 0.3715145722695305}","{'policy_dri': True, 'active_frontier_distance': True, 'oracle_normalized_return': True, 'response_signature_accuracy': False, 'belief_calibration': False, 'partner_response_prediction_loss': False}"
passive_late,gru_ppo_active,2009,binary-role-allocation--passive_late--identity,greedy,exact_neural_policy_tree,92.0,0.0,8.0,8.0,0.0,8.0,0.6,0.0,2.0,0.2780719051126377,0.2780719051126377,0.0,1.0,,,,,{'2': 1.0},"{'policy_dri': True, 'active_frontier_distance': True, 'oracle_normalized_return': True, 'response_signature_accuracy': False, 'belief_calibration': False, 'partner_response_prediction_loss': False}"
passive_late,gru_ppo_active,2009,binary-role-allocation--passive_late--identity,stochastic,exact_neural_policy_tree,82.86843691556544,0.14040686520861279,16.99115621922595,14.65483325400183,2.33632296522412,17.13156308443456,0.26725833729990855,0.02808137304172256,1.1892082360940865,0.12681652608404853,0.12681652608404853,0.16640785687274182,0.23903640963045328,,,,,"{'0': 0.24433578550815582, '1': 0.3221202406092973, '2': 0.4335439977423947}","{'policy_dri': True, 'active_frontier_distance': True, 'oracle_normalized_return': True, 'response_signature_accuracy': False, 'belief_calibration': False, 'partner_response_prediction_loss': False}"
passive_late,gru_ppo_active,2010,binary-role-allocation--passive_late--identity,greedy,exact_neural_policy_tree,92.0,0.0,8.0,8.0,0.0,8.0,0.6,0.0,2.0,0.2780719051126377,0.2780719051126377,0.0,1.0,,,,,{'2': 1.0},"{'policy_dri': True, 'active_frontier_distance': True, 'oracle_normalized_return': True, 'response_signature_accuracy': False, 'belief_calibration': False, 'partner_response_prediction_loss': False}"
passive_late,gru_ppo_active,2010,binary-role-allocation--passive_late--identity,stochastic,exact_neural_policy_tree,85.25987419205012,0.22533847554740918,14.514787332402477,12.550735599854525,1.9640517325479525,14.740125807949886,0.3724632200072738,0.04506769510948184,1.4197398999710522,0.1784428010920901,0.1784428010920901,0.1139077804858643,0.43832284933751,,,,,"{'0': 0.18788240104913712, '1': 0.2044953416916924, '2': 0.6076222791396799}","{'policy_dri': True, 'active_frontier_distance': True, 'oracle_normalized_return': True, 'response_signature_accuracy': False, 'belief_calibration': False, 'partner_response_prediction_loss': False}"
passive_late,odits_style,2001,binary-role-allocation--passive_late--identity,greedy,exact_neural_policy_tree,92.0,0.0,8.0,8.0,0.0,8.0,0.6,0.0,2.0,0.2780719051126377,0.2780719051126377,0.0,1.0,,,,0.008372263866476715,{'2': 1.0},"{'policy_dri': True, 'active_frontier_distance': True, 'oracle_normalized_return': True, 'response_signature_accuracy': False, 'belief_calibration': False, 'partner_response_prediction_loss': True}"
passive_late,odits_style,2001,binary-role-allocation--passive_late--identity,stochastic,exact_neural_policy_tree,85.09420841197695,0.1221432863041466,14.783648301718907,13.711875131409863,1.0717731703090436,14.905791588023053,0.31440624342950685,0.02442865726082932,1.3036810545147912,0.14849059716316426,0.14849059716316426,0.14282952360070644,0.42451736766474585,,,,0.00867007675107069,"{'0': 0.2111266404390335, '1': 0.2740656576331593, '2': 0.5148076984408159}","{'policy_dri': True, 'active_frontier_distance': True, 'oracle_normalized_return': True, 'response_signature_accuracy': False, 'belief_calibration': False, 'partner_response_prediction_loss': True}"
passive_late,odits_style,2002,binary-role-allocation--passive_late--identity,greedy,exact_neural_policy_tree,92.0,0.0,8.0,8.0,0.0,8.0,0.6,0.0,2.0,0.2780719051126377,0.2780719051126377,0.0,1.0,,,,0.010476003168150783,{'2': 1.0},"{'policy_dri': True, 'active_frontier_distance': True, 'oracle_normalized_return': True, 'response_signature_accuracy': False, 'belief_calibration': False, 'partner_response_prediction_loss': True}"
passive_late,odits_style,2002,binary-role-allocation--passive_late--identity,stochastic,exact_neural_policy_tree,85.17257383655785,0.256741495038765,14.570684668403384,13.52452324945905,1.046161418944335,14.82742616344215,0.3237738375270475,0.05134829900775299,1.297994422666409,0.15599815650831458,0.15599815650831458,0.13826214532792475,0.43104781971315376,,,,0.010814231755543354,"{'0': 0.22285931557416916, '1': 0.2562869797670455, '2': 0.5208537214496817}","{'policy_dri': True, 'active_frontier_distance': True, 'oracle_normalized_return': True, 'response_signature_accuracy': False, 'belief_calibration': False, 'partner_response_prediction_loss': True}"
passive_late,odits_style,2003,binary-role-allocation--passive_late--identity,greedy,exact_neural_policy_tree,92.0,0.0,8.0,8.0,0.0,8.0,0.6,0.0,2.0,0.2780719051126377,0.2780719051126377,0.0,1.0,,,,0.010755532188341022,{'2': 1.0},"{'policy_dri': True, 'active_frontier_distance': True, 'oracle_normalized_return': True, 'response_signature_accuracy': False, 'belief_calibration': False, 'partner_response_prediction_loss': True}"
passive_late,odits_style,2003,binary-role-allocation--passive_late--identity,stochastic,exact_neural_policy_tree,85.7733470659155,0.22165337939811694,14.00499955468638,13.093627889776972,0.9113716649094084,14.226652934084496,0.3453186055111514,0.04433067587962339,1.3690868723875724,0.16542757989850643,0.16542757989850643,0.1274612080696329,0.4811122554929585,,,,0.011245986931133012,"{'0': 0.19164744764566422, '1': 0.24761819934026819, '2': 0.5607343365236518}","{'policy_dri': True, 'active_frontier_distance': True, 'oracle_normalized_return': True, 'response_signature_accuracy': False, 'belief_calibration': False, 'partner_response_prediction_loss': True}"
passive_late,odits_style,2004,binary-role-allocation--passive_late--identity,greedy,exact_neural_policy_tree,92.0,0.0,8.0,8.0,0.0,8.0,0.6,0.0,2.0,0.2780719051126377,0.2780719051126377,0.0,1.0,,,,0.010835848981514573,{'2': 1.0},"{'policy_dri': True, 'active_frontier_distance': True, 'oracle_normalized_return': True, 'response_signature_accuracy': False, 'belief_calibration': False, 'partner_response_prediction_loss': True}"
passive_late,odits_style,2004,binary-role-allocation--passive_late--identity,stochastic,exact_neural_policy_tree,85.28876184433844,0.25902625529627477,14.452211900365292,13.521351791402967,0.9308601089623245,14.711238155661567,0.32393241042985166,0.05180525105925495,1.287250558030088,0.15631127049092633,0.15631127049092633,0.13818560933885618,0.44073015369486984,,,,0.011370456126051533,"{'0': 0.23472385853528976, '1': 0.2433018070214764, '2': 0.5219743755043057}","{'policy_dri': True, 'active_frontier_distance': True, 'oracle_normalized_return': True, 'response_signature_accuracy': False, 'belief_calibration': False, 'partner_response_prediction_loss': True}"
passive_late,odits_style,2005,binary-role-allocation--passive_late--identity,greedy,exact_neural_policy_tree,92.0,0.0,8.0,8.0,0.0,8.0,0.6,0.0,2.0,0.2780719051126377,0.2780719051126377,0.0,1.0,,,,0.009340666350908577,{'2': 1.0},"{'policy_dri': True, 'active_frontier_distance': True, 'oracle_normalized_return': True, 'response_signature_accuracy': False, 'belief_calibration': False, 'partner_response_prediction_loss': True}"
passive_late,odits_style,2005,binary-role-allocation--passive_late--identity,stochastic,exact_neural_policy_tree,85.6989542403466,0.19361131132695622,14.107434448326444,13.085149911945546,1.022284536380898,14.3010457596534,0.3457425044027227,0.038722262265391244,1.3293411194418658,0.16538695689406596,0.16538695689406596,0.1272208585660031,0.4749128533622162,,,,0.00991458578508848,"{'0': 0.23640872538089752, '1': 0.19784160237368278, '2': 0.5657497585340917}","{'policy_dri': True, 'active_frontier_distance': True, 'oracle_normalized_return': True, 'response_signature_accuracy': False, 'belief_calibration': False, 'partner_response_prediction_loss': True}"
passive_late,odits_style,2006,binary-role-allocation--passive_late--identity,greedy,exact_neural_policy_tree,92.0,0.0,8.0,8.0,0.0,8.0,0.6,0.0,2.0,0.2780719051126377,0.2780719051126377,0.0,1.0,,,,0.010240710573270917,{'2': 1.0},"{'policy_dri': True, 'active_frontier_distance': True, 'oracle_normalized_return': True, 'response_signature_accuracy': False, 'belief_calibration': False, 'partner_response_prediction_loss': True}"
passive_late,odits_style,2006,binary-role-allocation--passive_late--identity,stochastic,exact_neural_policy_tree,86.61890976058064,0.12871125786833995,13.252378981551031,12.163544406388388,1.0888345751626431,13.38109023941937,0.3918227796805806,0.02574225157366799,1.5201657373323179,0.18474563970155927,0.18474563970155927,0.10413833531614952,0.5515758133817196,,,,0.011105247122498958,"{'0': 0.12441727891564369, '1': 0.23099952805554086, '2': 0.6445831046383887}","{'policy_dri': True, 'active_frontier_distance': True, 'oracle_normalized_return': True, 'response_signature_accuracy': False, 'belief_calibration': False, 'partner_response_prediction_loss': True}"
passive_late,odits_style,2007,binary-role-allocation--passive_late--identity,greedy,exact_neural_policy_tree,92.0,0.0,8.0,8.0,0.0,8.0,0.6,0.0,2.0,0.2780719051126377,0.2780719051126377,0.0,1.0,,,,0.009063164587132634,{'2': 1.0},"{'policy_dri': True, 'active_frontier_distance': True, 'oracle_normalized_return': True, 'response_signature_accuracy': False, 'belief_calibration': False, 'partner_response_prediction_loss': True}"
passive_late,odits_style,2007,binary-role-allocation--passive_late--identity,stochastic,exact_neural_policy_tree,85.3628710948735,0.23188199816663382,14.405246906959874,13.3822560730949,1.0229908338649736,14.637128905126508,0.330887196345255,0.046376399633326765,1.3304722925507395,0.15872483169810161,0.15872483169810161,0.13468122014928594,0.4469059245727915,,,,0.009689522660753874,"{'0': 0.20408468693494797, '1': 0.26135855336231967, '2': 0.5345568695942098}","{'policy_dri': True, 'active_frontier_distance': True, 'oracle_normalized_return': True, 'response_signature_accuracy': False, 'belief_calibration': False, 'partner_response_prediction_loss': True}"
passive_late,odits_style,2008,binary-role-allocation--passive_late--identity,greedy,exact_neural_policy_tree,92.0,0.0,8.0,8.0,0.0,8.0,0.6,0.0,2.0,0.2780719051126377,0.2780719051126377,0.0,1.0,,,,0.011015382129698994,{'2': 1.0},"{'policy_dri': True, 'active_frontier_distance': True, 'oracle_normalized_return': True, 'response_signature_accuracy': False, 'belief_calibration': False, 'partner_response_prediction_loss': True}"
passive_late,odits_style,2008,binary-role-allocation--passive_late--identity,stochastic,exact_neural_policy_tree,84.25133861858856,0.1543724869968484,15.594288894414596,14.393452590993032,1.200836303421564,15.748661381411445,0.2803273704503484,0.03087449739936968,1.160325344175339,0.13343516989202314,0.13343516989202314,0.15988290030913466,0.35427821821571354,,,,0.01125535181922807,"{'0': 0.2952861934900284, '1': 0.24910232402538396, '2': 0.4556115100749775}","{'policy_dri': True, 'active_frontier_distance': True, 'oracle_normalized_return': True, 'response_signature_accuracy': False, 'belief_calibration': False, 'partner_response_prediction_loss': True}"
passive_late,odits_style,2009,binary-role-allocation--passive_late--identity,greedy,exact_neural_policy_tree,92.0,0.0,8.0,8.0,0.0,8.0,0.6,0.0,2.0,0.2780719051126377,0.2780719051126377,0.0,1.0,,,,0.007676899083890022,{'2': 1.0},"{'policy_dri': True, 'active_frontier_distance': True, 'oracle_normalized_return': True, 'response_signature_accuracy': False, 'belief_calibration': False, 'partner_response_prediction_loss': True}"
passive_late,odits_style,2009,binary-role-allocation--passive_late--identity,stochastic,exact_neural_policy_tree,85.20455694199649,0.20075176309607695,14.59469129490743,13.693771252850663,0.9009200420567662,14.795443058003507,0.31531143735746686,0.040150352619215395,1.29912045822078,0.1506720212277519,0.1506720212277519,0.1424327305041199,0.4337130784997072,,,,0.007977675746824012,"{'0': 0.21113095432519913, '1': 0.27861750673738434, '2': 0.5102514757416979}","{'policy_dri': True, 'active_frontier_distance': True, 'oracle_normalized_return': True, 'response_signature_accuracy': False, 'belief_calibration': False, 'partner_response_prediction_loss': True}"
passive_late,odits_style,2010,binary-role-allocation--passive_late--identity,greedy,exact_neural_policy_tree,92.0,0.0,8.0,8.0,0.0,8.0,0.6,0.0,2.0,0.2780719051126377,0.2780719051126377,0.0,1.0,,,,0.011033428134396674,{'2': 1.0},"{'policy_dri': True, 'active_frontier_distance': True, 'oracle_normalized_return': True, 'response_signature_accuracy': False, 'belief_calibration': False, 'partner_response_prediction_loss': True}"
passive_late,odits_style,2010,binary-role-allocation--passive_late--identity,stochastic,exact_neural_policy_tree,84.1848842677021,0.3596260362432198,15.455489696054679,14.449955360221661,1.0055343358330173,15.8151157322979,0.27750223198891694,0.07192520724864396,1.1034813701320154,0.1369532851117136,0.1369532851117136,0.16149933249629114,0.34874035564184186,,,,0.01112281173549258,"{'0': 0.3328293561935425, '1': 0.23086003534571387, '2': 0.4363106673931507}","{'policy_dri': True, 'active_frontier_distance': True, 'oracle_normalized_return': True, 'response_signature_accuracy': False, 'belief_calibration': False, 'partner_response_prediction_loss': True}"
passive_late,pace_aux,2001,binary-role-allocation--passive_late--identity,greedy,exact_neural_policy_tree,92.0,0.0,8.0,8.0,0.0,8.0,0.6,0.0,2.0,0.2780719051126377,0.2780719051126377,0.0,1.0,0.8,0.41208043826046886,0.21226413846015935,,{'2': 1.0},"{'policy_dri': True, 'active_frontier_distance': True, 'oracle_normalized_return': True, 'response_signature_accuracy': True, 'belief_calibration': True, 'partner_response_prediction_loss': False}"
passive_late,pace_aux,2001,binary-role-allocation--passive_late--identity,stochastic,exact_neural_policy_tree,82.08554051656003,0.2618287763440106,17.652630707095966,15.975712312674748,1.676918394421218,17.914459483439977,0.2012143843662626,0.05236575526880212,0.9123735346854785,0.09804354447133828,0.09804354447133828,0.19950022118200988,0.17379504304666918,0.6006072261499744,0.4733613498589531,0.04556810053834799,,"{'0': 0.3968718498945236, '1': 0.2938828334591605, '2': 0.309245350613159}","{'policy_dri': True, 'active_frontier_distance': True, 'oracle_normalized_return': True, 'response_signature_accuracy': True, 'belief_calibration': True, 'partner_response_prediction_loss': False}"
passive_late,pace_aux,2002,binary-role-allocation--passive_late--identity,greedy,exact_neural_policy_tree,92.0,0.0,8.0,8.0,0.0,8.0,0.6,0.0,2.0,0.2780719051126377,0.2780719051126377,0.0,1.0,0.8,0.39435003652891065,0.18980033248662959,,{'2': 1.0},"{'policy_dri': True, 'active_frontier_distance': True, 'oracle_normalized_return': True, 'response_signature_accuracy': True, 'belief_calibration': True, 'partner_response_prediction_loss': False}"
passive_late,pace_aux,2002,binary-role-allocation--passive_late--identity,stochastic,exact_neural_policy_tree,84.0563153739092,0.2270677175784538,15.716616908512345,13.589586768954991,2.1270301395573536,15.943684626090798,0.32052066155225045,0.04541354351569076,1.2021016320445579,0.15440247980007243,0.15440247980007243,0.1398549248240006,0.3380262811591,0.6602603308597939,0.4447385291749084,0.0870840854037552,,"{'0': 0.3187826871871948, '1': 0.16033299374838983, '2': 0.520884319148084}","{'policy_dri': True, 'active_frontier_distance': True, 'oracle_normalized_return': True, 'response_signature_accuracy': True, 'belief_calibration': True, 'partner_response_prediction_loss': False}"
passive_late,pace_aux,2003,binary-role-allocation--passive_late--identity,greedy,exact_neural_policy_tree,92.0,0.0,8.0,8.0,0.0,8.0,0.6,0.0,2.0,0.2780719051126377,0.2780719051126377,0.0,1.0,0.8,0.36020743072230377,0.13626003563404093,,{'2': 1.0},"{'policy_dri': True, 'active_frontier_distance': True, 'oracle_normalized_return': True, 'response_signature_accuracy': True, 'belief_calibration': True, 'partner_response_prediction_loss': False}"
passive_late,pace_aux,2003,binary-role-allocation--passive_late--identity,stochastic,exact_neural_policy_tree,86.09754227585341,0.19414908967268818,13.708308634473902,12.144386560664552,1.5639220738093496,13.90245772414659,0.3927806719667724,0.03882981793453764,1.429476952310778,0.1874398188616724,0.1874398188616724,0.10372329124055771,0.5081285229877844,0.6963902501255202,0.41108618056199614,0.08550423090200351,,"{'0': 0.215948224067688, '1': 0.13862642783811419, '2': 0.6454252622363318}","{'policy_dri': True, 'active_frontier_distance': True, 'oracle_normalized_return': True, 'response_signature_accuracy': True, 'belief_calibration': True, 'partner_response_prediction_loss': False}"
passive_late,pace_aux,2004,binary-role-allocation--passive_late--identity,greedy,exact_neural_policy_tree,92.0,0.0,8.0,8.0,0.0,8.0,0.6,0.0,2.0,0.2780719051126377,0.2780719051126377,0.0,1.0,0.8,0.3282064677950363,0.06051197573542588,,{'2': 1.0},"{'policy_dri': True, 'active_frontier_distance': True, 'oracle_normalized_return': True, 'response_signature_accuracy': True, 'belief_calibration': True, 'partner_response_prediction_loss': False}"
passive_late,pace_aux,2004,binary-role-allocation--passive_late--identity,stochastic,exact_neural_policy_tree,91.14888675561143,0.058919948032806556,8.792193296355759,8.565656991858749,0.22653630449701012,8.851113244388566,0.5717171504070626,0.011783989606561312,1.9228006125843962,0.2670291575889515,0.2670291575889515,0.014217933058176846,0.9290738963009524,0.7858586343741207,0.33631079693914473,0.05899003695760151,,"{'0': 0.02959544211626053, '1': 0.01800862152426131, '2': 0.9523959955300676}","{'policy_dri': True, 'active_frontier_distance': True, 'oracle_normalized_return': True, 'response_signature_accuracy': True, 'belief_calibration': True, 'partner_response_prediction_loss': False}"
passive_late,pace_aux,2005,binary-role-allocation--passive_late--identity,greedy,exact_neural_policy_tree,92.0,0.0,8.0,8.0,0.0,8.0,0.6,0.0,2.0,0.2780719051126377,0.2780719051126377,0.0,1.0,0.8,0.383249144778292,0.17333335541188727,,{'2': 1.0},"{'policy_dri': True, 'active_frontier_distance': True, 'oracle_normalized_return': True, 'response_signature_accuracy': True, 'belief_calibration': True, 'partner_response_prediction_loss': False}"
passive_late,pace_aux,2005,binary-role-allocation--passive_late--identity,stochastic,exact_neural_policy_tree,84.20261288098511,0.2650520676815836,15.532335051333305,13.470423143175402,2.061911908157903,15.79738711901489,0.32647884284122985,0.05301041353631673,1.26863163829087,0.15790352587400777,0.15790352587400777,0.13692101273172821,0.3502177400820929,0.6632393604330674,0.4401724042980445,0.07034654629781673,,"{'0': 0.2586403340101242, '1': 0.21408757171378673, '2': 0.5272720332885417}","{'policy_dri': True, 'active_frontier_distance': True, 'oracle_normalized_return': True, 'response_signature_accuracy': True, 'belief_calibration': True, 'partner_response_prediction_loss': False}"
passive_late,pace_aux,2006,binary-role-allocation--passive_late--identity,greedy,exact_neural_policy_tree,92.0,0.0,8.0,8.0,0.0,8.0,0.6,0.0,2.0,0.2780719051126377,0.2780719051126377,0.0,1.0,0.8,0.37955912946188863,0.16876589432358746,,{'2': 1.0},"{'policy_dri': True, 'active_frontier_distance': True, 'oracle_normalized_return': True, 'response_signature_accuracy': True, 'belief_calibration': True, 'partner_response_prediction_loss': False}"
passive_late,pace_aux,2006,binary-role-allocation--passive_late--identity,stochastic,exact_neural_policy_tree,84.31096372400042,0.22441332405476316,15.464622951944826,13.73969620320972,1.7249267487351059,15.68903627599959,0.31301518983951404,0.044882664810952634,1.2231557386579623,0.15038645291513036,0.15038645291513036,0.14360204090896778,0.35924697700003466,0.6565076242448254,0.44114317922592355,0.06655081039769073,,"{'0': 0.28280387818813324, '1': 0.21123656361590804, '2': 0.5059595875210272}","{'policy_dri': True, 'active_frontier_distance': True, 'oracle_normalized_return': True, 'response_signature_accuracy': True, 'belief_calibration': True, 'partner_response_prediction_loss': False}"
passive_late,pace_aux,2007,binary-role-allocation--passive_late--identity,greedy,exact_neural_policy_tree,92.0,0.0,8.0,8.0,0.0,8.0,0.6,0.0,2.0,0.2780719051126377,0.2780719051126377,0.0,1.0,0.8,0.3297194234001975,0.06917560398578648,,{'2': 1.0},"{'policy_dri': True, 'active_frontier_distance': True, 'oracle_normalized_return': True, 'response_signature_accuracy': True, 'belief_calibration': True, 'partner_response_prediction_loss': False}"
passive_late,pace_aux,2007,binary-role-allocation--passive_late--identity,stochastic,exact_neural_policy_tree,91.05212393969838,0.07115673492304246,8.876719325378577,8.65781890044972,0.2189004249288562,8.947876060301619,0.567109054977514,0.014231346984608493,1.9191491897398636,0.26525858729486185,0.26525858729486185,0.016541406128141495,0.921010328308198,0.7835545123513846,0.33909201424827085,0.06590091747873673,,"{'0': 0.025120212696492672, '1': 0.03061035459240677, '2': 0.9442694175737283}","{'policy_dri': True, 'active_frontier_distance': True, 'oracle_normalized_return': True, 'response_signature_accuracy': True, 'belief_calibration': True, 'partner_response_prediction_loss': False}"
passive_late,pace_aux,2008,binary-role-allocation--passive_late--identity,greedy,exact_neural_policy_tree,92.0,0.0,8.0,8.0,0.0,8.0,0.6,0.0,2.0,0.2780719051126377,0.2780719051126377,0.0,1.0,0.8,0.4158948351478331,0.21709090955555443,,{'2': 1.0},"{'policy_dri': True, 'active_frontier_distance': True, 'oracle_normalized_return': True, 'response_signature_accuracy': True, 'belief_calibration': True, 'partner_response_prediction_loss': False}"
passive_late,pace_aux,2008,binary-role-allocation--passive_late--identity,stochastic,exact_neural_policy_tree,81.68316856644799,0.2056065403380018,18.111224893214008,16.258867486920987,1.8523574062930201,18.31683143355201,0.18705662565395062,0.04112130806760036,0.9214252557358978,0.08988823907168686,0.08988823907168686,0.20653566008069638,0.1402640472039991,0.5935282512557603,0.47764851051668505,0.034351147627385926,,"{'0': 0.366732656955719, '1': 0.34510930721023436, '2': 0.28815797426283174}","{'policy_dri': True, 'active_frontier_distance': True, 'oracle_normalized_return': True, 'response_signature_accuracy': True, 'belief_calibration': True, 'partner_response_prediction_loss': False}"
passive_late,pace_aux,2009,binary-role-allocation--passive_late--identity,greedy,exact_neural_policy_tree,92.0,0.0,8.0,8.0,0.0,8.0,0.6,0.0,2.0,0.2780719051126377,0.2780719051126377,0.0,1.0,0.8,0.39949134999759073,0.19700500480830674,,{'2': 1.0},"{'policy_dri': True, 'active_frontier_distance': True, 'oracle_normalized_return': True, 'response_signature_accuracy': True, 'belief_calibration': True, 'partner_response_prediction_loss': False}"
passive_late,pace_aux,2009,binary-role-allocation--passive_late--identity,stochastic,exact_neural_policy_tree,84.01233228711746,0.121432188382328,15.86623552450021,13.579317711159492,2.286917813340718,15.987667712882539,0.3210341144420254,0.0242864376764656,1.3111061423050319,0.15173375647540752,0.15173375647540752,0.13951597556022324,0.33436102392645495,0.6605170463347101,0.4501424894885336,0.08118585879226611,,"{'0': 0.21582992374897003, '1': 0.25723398842442274, '2': 0.5269360769403043}","{'policy_dri': True, 'active_frontier_distance': True, 'oracle_normalized_return': True, 'response_signature_accuracy': True, 'belief_calibration': True, 'partner_response_prediction_loss': False}"
passive_late,pace_aux,2010,binary-role-allocation--passive_late--identity,greedy,exact_neural_policy_tree,92.0,0.0,8.0,8.0,0.0,8.0,0.6,0.0,2.0,0.2780719051126377,0.2780719051126377,0.0,1.0,0.8,0.36648584265152506,0.14699037112295638,,{'2': 1.0},"{'policy_dri': True, 'active_frontier_distance': True, 'oracle_normalized_return': True, 'response_signature_accuracy': True, 'belief_calibration': True, 'partner_response_prediction_loss': False}"
passive_late,pace_aux,2010,binary-role-allocation--passive_late--identity,stochastic,exact_neural_policy_tree,84.87461158950896,0.23035103653597233,14.895037373955063,13.156066132184183,1.73897124177088,15.125388410491036,0.34219669339079084,0.046070207307194466,1.2733457817514129,0.16477844162373625,0.16477844162373625,0.1290302279494275,0.4062176324590799,0.671098395144873,0.4275752653224281,0.06905064041182617,,"{'0': 0.28481802344322205, '1': 0.15701826826109772, '2': 0.5581637567451576}","{'policy_dri': True, 'active_frontier_distance': True, 'oracle_normalized_return': True, 'response_signature_accuracy': True, 'belief_calibration': True, 'partner_response_prediction_loss': False}"
passive_late,pace_style,2001,binary-role-allocation--passive_late--identity,greedy,exact_neural_policy_tree,92.0,0.0,8.0,8.0,0.0,8.0,0.6,0.0,2.0,0.2780719051126377,0.2780719051126377,0.0,1.0,0.8,0.355972101064829,0.1336239475756884,,{'2': 1.0},"{'policy_dri': True, 'active_frontier_distance': True, 'oracle_normalized_return': True, 'response_signature_accuracy': True, 'belief_calibration': True, 'partner_response_prediction_loss': False}"
passive_late,pace_style,2001,binary-role-allocation--passive_late--identity,stochastic,exact_neural_policy_tree,89.42803280637301,0.15961941471257887,10.412347778914414,8.952560841843914,1.4597869370705006,10.571967193626993,0.5523719579078044,0.031923882942515774,1.8779098055620635,0.26150136453540745,0.26150136453540745,0.024146046712758846,0.7856694005310842,0.7761859736481714,0.3683007748826175,0.1219918429944975,,"{'0': 0.04094642214477062, '1': 0.04019733953693363, '2': 0.9188562330125648}","{'policy_dri': True, 'active_frontier_distance': True, 'oracle_normalized_return': True, 'response_signature_accuracy': True, 'belief_calibration': True, 'partner_response_prediction_loss': False}"
passive_late,pace_style,2002,binary-role-allocation--passive_late--identity,greedy,exact_neural_policy_tree,92.0,0.0,8.0,8.0,0.0,8.0,0.6,0.0,2.0,0.2780719051126377,0.2780719051126377,0.0,1.0,0.8,0.35287997147682826,0.12780433818697934,,{'2': 1.0},"{'policy_dri': True, 'active_frontier_distance': True, 'oracle_normalized_return': True, 'response_signature_accuracy': True, 'belief_calibration': True, 'partner_response_prediction_loss': False}"
passive_late,pace_style,2002,binary-role-allocation--passive_late--identity,stochastic,exact_neural_policy_tree,89.93325606973883,0.1457237831552123,9.921020147105956,8.865612196916544,1.0554079501894122,10.066743930261168,0.5567193901541728,0.029144756631042462,1.887532737417242,0.26306770110735117,0.26306770110735117,0.0219448156808697,0.8277713391449026,0.7783595884921309,0.36424674262420986,0.11480161659474149,,"{'0': 0.03889019135385752, '1': 0.03468666670513213, '2': 0.9264230353560549}","{'policy_dri': True, 'active_frontier_distance': True, 'oracle_normalized_return': True, 'response_signature_accuracy': True, 'belief_calibration': True, 'partner_response_prediction_loss': False}"
passive_late,pace_style,2003,binary-role-allocation--passive_late--identity,greedy,exact_neural_policy_tree,92.0,0.0,8.0,8.0,0.0,8.0,0.6,0.0,2.0,0.2780719051126377,0.2780719051126377,0.0,1.0,0.8,0.3459560848581258,0.11290467455983166,,{'2': 1.0},"{'policy_dri': True, 'active_frontier_distance': True, 'oracle_normalized_return': True, 'response_signature_accuracy': True, 'belief_calibration': True, 'partner_response_prediction_loss': False}"
passive_late,pace_style,2003,binary-role-allocation--passive_late--identity,stochastic,exact_neural_policy_tree,89.7880580121452,0.1312111142967092,10.08073087355809,8.86537740318655,1.2153534703715412,10.2119419878548,0.5567311298406725,0.026242222859341843,1.8898284478721314,0.2625507493854523,0.2625507493854523,0.021881704779062566,0.8156715010121,0.7783655342392761,0.3580222358544741,0.10049245607394297,,"{'0': 0.03665343392640352, '1': 0.03686462291294109, '2': 0.9264819124795951}","{'policy_dri': True, 'active_frontier_distance': True, 'oracle_normalized_return': True, 'response_signature_accuracy': True, 'belief_calibration': True, 'partner_response_prediction_loss': False}"
passive_late,pace_style,2004,binary-role-allocation--passive_late--identity,greedy,exact_neural_policy_tree,92.0,0.0,8.0,8.0,0.0,8.0,0.6,0.0,2.0,0.2780719051126377,0.2780719051126377,0.0,1.0,0.8,0.35462997105528987,0.12844698056578646,,{'2': 1.0},"{'policy_dri': True, 'active_frontier_distance': True, 'oracle_normalized_return': True, 'response_signature_accuracy': True, 'belief_calibration': True, 'partner_response_prediction_loss': False}"
passive_late,pace_style,2004,binary-role-allocation--passive_late--identity,stochastic,exact_neural_policy_tree,89.54129275585655,0.29630190062882156,10.16240534351464,8.92165390077256,1.2407514427420807,10.458707244143461,0.553917304961372,0.05926038012576431,1.8812840852573538,0.266854052898198,0.266854052898198,0.024202798509747867,0.7951077296547121,0.776958679760642,0.3656922962594726,0.11371816311966168,,"{'0': 0.038223158568143845, '1': 0.04226965216627084, '2': 0.9195072165455414}","{'policy_dri': True, 'active_frontier_distance': True, 'oracle_normalized_return': True, 'response_signature_accuracy': True, 'belief_calibration': True, 'partner_response_prediction_loss': False}"
passive_late,pace_style,2005,binary-role-allocation--passive_late--identity,greedy,exact_neural_policy_tree,92.0,0.0,8.0,8.0,0.0,8.0,0.6,0.0,2.0,0.2780719051126377,0.2780719051126377,0.0,1.0,0.8,0.3599492966436482,0.13775299414992342,,{'2': 1.0},"{'policy_dri': True, 'active_frontier_distance': True, 'oracle_normalized_return': True, 'response_signature_accuracy': True, 'belief_calibration': True, 'partner_response_prediction_loss': False}"
passive_late,pace_style,2005,binary-role-allocation--passive_late--identity,stochastic,exact_neural_policy_tree,89.32944917618484,0.22590139469013584,10.444649429125025,9.15740673673057,1.2872426923944555,10.67055082381516,0.5421296631634716,0.04518027893802717,1.8538896081045555,0.2589453520402916,0.2589453520402916,0.029481157057859163,0.7774540980154031,0.7710648824597125,0.3741991844764512,0.1185443865795899,,"{'0': 0.04664725624024868, '1': 0.05281598117090077, '2': 0.9005368134668275}","{'policy_dri': True, 'active_frontier_distance': True, 'oracle_normalized_return': True, 'response_signature_accuracy': True, 'belief_calibration': True, 'partner_response_prediction_loss': False}"
passive_late,pace_style,2006,binary-role-allocation--passive_late--identity,greedy,exact_neural_policy_tree,92.0,0.0,8.0,8.0,0.0,8.0,0.6,0.0,2.0,0.2780719051126377,0.2780719051126377,0.0,1.0,0.8,0.35761343262579715,0.13495851606130604,,{'2': 1.0},"{'policy_dri': True, 'active_frontier_distance': True, 'oracle_normalized_return': True, 'response_signature_accuracy': True, 'belief_calibration': True, 'partner_response_prediction_loss': False}"
passive_late,pace_style,2006,binary-role-allocation--passive_late--identity,stochastic,exact_neural_policy_tree,89.82863343751868,0.2059456703783734,9.965420892102948,8.849345913792664,1.1160749783102837,10.171366562481321,0.5575327043103668,0.04118913407567468,1.8846569954424943,0.2656009457731655,0.2656009457731655,0.02184894305830223,0.8190527864598897,0.77876622804523,0.36847315736935576,0.12449454264390858,,"{'0': 0.04289550520479679, '1': 0.02955174592800516, '2': 0.9275526247572445}","{'policy_dri': True, 'active_frontier_distance': True, 'oracle_normalized_return': True, 'response_signature_accuracy': True, 'belief_calibration': True, 'partner_response_prediction_loss': False}"
passive_late,pace_style,2007,binary-role-allocation--passive_late--identity,greedy,exact_neural_policy_tree,92.0,0.0,8.0,8.0,0.0,8.0,0.6,0.0,2.0,0.2780719051126377,0.2780719051126377,0.0,1.0,0.8,0.3541156018760668,0.12659651339054118,,{'2': 1.0},"{'policy_dri': True, 'active_frontier_distance': True, 'oracle_normalized_return': True, 'response_signature_accuracy': True, 'belief_calibration': True, 'partner_response_prediction_loss': False}"
passive_late,pace_style,2007,binary-role-allocation--passive_late--identity,stochastic,exact_neural_policy_tree,89.79604557352374,0.18999905140435916,10.0139553750719,8.90936567963402,1.1045896954378804,10.203954426476258,0.554531716018299,0.037999810280871835,1.8836719060343754,0.26355778291228005,0.26355778291228005,0.023225061609589936,0.8163371311269785,0.7772659386609372,0.3659667044951518,0.11200205230329183,,"{'0': 0.03849288821220398, '1': 0.03934247884479186, '2': 0.9221647135947917}","{'policy_dri': True, 'active_frontier_distance': True, 'oracle_normalized_return': True, 'response_signature_accuracy': True, 'belief_calibration': True, 'partner_response_prediction_loss': False}"
passive_late,pace_style,2008,binary-role-allocation--passive_late--identity,greedy,exact_neural_policy_tree,92.0,0.0,8.0,8.0,0.0,8.0,0.6,0.0,2.0,0.2780719051126377,0.2780719051126377,0.0,1.0,0.8,0.36260557246177777,0.14079634957015524,,{'2': 1.0},"{'policy_dri': True, 'active_frontier_distance': True, 'oracle_normalized_return': True, 'response_signature_accuracy': True, 'belief_calibration': True, 'partner_response_prediction_loss': False}"
passive_late,pace_style,2008,binary-role-allocation--passive_late--identity,stochastic,exact_neural_policy_tree,88.92343738725627,0.17727551744732256,10.899287095296408,9.257689101255023,1.6415979940413852,11.07656261274373,0.5371155449372489,0.03545510348946451,1.8490491447573596,0.2547931495565179,0.2547931495565179,0.03175303611961661,0.743619782271356,0.7685578510707725,0.37837599633153746,0.1257183088972073,,"{'0': 0.04283487983047962, '1': 0.06528125278597717, '2': 0.8918839459856915}","{'policy_dri': True, 'active_frontier_distance': True, 'oracle_normalized_return': True, 'response_signature_accuracy': True, 'belief_calibration': True, 'partner_response_prediction_loss': False}"
passive_late,pace_style,2009,binary-role-allocation--passive_late--identity,greedy,exact_neural_policy_tree,92.0,0.0,8.0,8.0,0.0,8.0,0.6,0.0,2.0,0.2780719051126377,0.2780719051126377,0.0,1.0,0.8,0.3671153707724343,0.15141911357641225,,{'2': 1.0},"{'policy_dri': True, 'active_frontier_distance': True, 'oracle_normalized_return': True, 'response_signature_accuracy': True, 'belief_calibration': True, 'partner_response_prediction_loss': False}"
passive_late,pace_style,2009,binary-role-allocation--passive_late--identity,stochastic,exact_neural_policy_tree,89.52259438877823,0.10818619823784133,10.369219412983934,8.848666365759717,1.520553047224217,10.477405611221776,0.5575666817120142,0.021637239647568265,1.892102083041264,0.26217129460939165,0.26217129460939165,0.02138835626370344,0.7935495323981859,0.7787832747733199,0.37738894922404154,0.13777369570156695,,"{'0': 0.03617522865533829, '1': 0.03554732748268427, '2': 0.92827737777929}","{'policy_dri': True, 'active_frontier_distance': True, 'oracle_normalized_return': True, 'response_signature_accuracy': True, 'belief_calibration': True, 'partner_response_prediction_loss': False}"
passive_late,pace_style,2010,binary-role-allocation--passive_late--identity,greedy,exact_neural_policy_tree,92.0,0.0,8.0,8.0,0.0,8.0,0.6,0.0,2.0,0.2780719051126377,0.2780719051126377,0.0,1.0,0.8,0.34704614111005794,0.11508144363760958,,{'2': 1.0},"{'policy_dri': True, 'active_frontier_distance': True, 'oracle_normalized_return': True, 'response_signature_accuracy': True, 'belief_calibration': True, 'partner_response_prediction_loss': False}"
passive_late,pace_style,2010,binary-role-allocation--passive_late--identity,stochastic,exact_neural_policy_tree,89.68635697128799,0.14766991091147727,10.165973117800531,8.848995593995495,1.3169775238050363,10.313643028712008,0.5575502203002253,0.029533982182295453,1.8935477815888706,0.26351429552081523,0.26351429552081523,0.021543559379956886,0.8071964142739994,0.7787750706033157,0.3589229196702528,0.1055495729191224,,"{'0': 0.03420795872807503, '1': 0.03803622186138601, '2': 0.9277557798637419}","{'policy_dri': True, 'active_frontier_distance': True, 'oracle_normalized_return': True, 'response_signature_accuracy': True, 'belief_calibration': True, 'partner_response_prediction_loss': False}"
active_only,mlp_ppo,2001,binary-role-allocation--active_only--identity,greedy,exact_neural_policy_tree,80.0,0.0,20.0,20.0,0.0,20.0,0.0,0.0,1.0,0.0,0.0,0.0,0.0,,,,,{'1': 1.0},"{'policy_dri': True, 'active_frontier_distance': True, 'oracle_normalized_return': True, 'response_signature_accuracy': False, 'belief_calibration': False, 'partner_response_prediction_loss': False}"
active_only,mlp_ppo,2001,binary-role-allocation--active_only--identity,stochastic,exact_neural_policy_tree,79.92606673920014,0.1595420224701433,19.914391238329724,19.617097632677233,0.2972936056524915,20.07393326079987,0.01914511836613837,0.03190840449402866,0.4857982241557188,0.0088728308267592,0.0088728308267592,1.455186945835514e-08,-0.010561894399980279,,,,,"{'0': 0.5601846575737, '1': 0.393832309357439, '2': 0.04598295739913995}","{'policy_dri': True, 'active_frontier_distance': True, 'oracle_normalized_return': True, 'response_signature_accuracy': False, 'belief_calibration': False, 'partner_response_prediction_loss': False}"
active_only,mlp_ppo,2002,binary-role-allocation--active_only--identity,greedy,exact_neural_policy_tree,80.0,0.0,20.0,20.0,0.0,20.0,0.0,0.0,1.0,0.0,0.0,0.0,0.0,,,,,{'1': 1.0},"{'policy_dri': True, 'active_frontier_distance': True, 'oracle_normalized_return': True, 'response_signature_accuracy': False, 'belief_calibration': False, 'partner_response_prediction_loss': False}"
active_only,mlp_ppo,2002,binary-role-allocation--active_only--identity,stochastic,exact_neural_policy_tree,79.9311231161281,0.11259930194798826,19.956277581923906,19.72976263861989,0.2265149433040179,20.068876883871894,0.013511868069005572,0.022519860389597652,0.5167953395507238,0.006262140481406048,0.006262140481406048,9.262452504774302e-09,-0.00983955483884204,,,,,"{'0': 0.5794765204191208, '1': 0.3242517159405405, '2': 0.09627181180509166}","{'policy_dri': True, 'active_frontier_distance': True, 'oracle_normalized_return': True, 'response_signature_accuracy': False, 'belief_calibration': False, 'partner_response_prediction_loss': False}"
active_only,mlp_ppo,2003,binary-role-allocation--active_only--identity,greedy,exact_neural_policy_tree,80.0,0.0,20.0,20.0,0.0,20.0,0.0,0.0,0.0,0.0,0.0,0.0,0.0,,,,,{'0': 1.0},"{'policy_dri': True, 'active_frontier_distance': True, 'oracle_normalized_return': True, 'response_signature_accuracy': False, 'belief_calibration': False, 'partner_response_prediction_loss': False}"
active_only,mlp_ppo,2003,binary-role-allocation--active_only--identity,stochastic,exact_neural_policy_tree,79.95838505276802,0.06656943433618462,19.97504551289579,19.84023209130384,0.1348134215919501,20.041614947231974,0.007988395434808027,0.013313886867236925,0.42335591006956724,0.003702217885626698,0.003702217885626698,1.2175858822785278e-08,-0.005944992461711048,,,,,"{'0': 0.6314049065113068, '1': 0.3138341502788877, '2': 0.05476087989533974}","{'policy_dri': True, 'active_frontier_distance': True, 'oracle_normalized_return': True, 'response_signature_accuracy': False, 'belief_calibration': False, 'partner_response_prediction_loss': False}"
active_only,mlp_ppo,2004,binary-role-allocation--active_only--identity,greedy,exact_neural_policy_tree,80.0,0.0,20.0,20.0,0.0,20.0,0.0,0.0,1.0,0.0,0.0,0.0,0.0,,,,,{'1': 1.0},"{'policy_dri': True, 'active_frontier_distance': True, 'oracle_normalized_return': True, 'response_signature_accuracy': False, 'belief_calibration': False, 'partner_response_prediction_loss': False}"
active_only,mlp_ppo,2004,binary-role-allocation--active_only--identity,stochastic,exact_neural_policy_tree,79.91866031134617,0.09518264591778429,19.98615704273604,19.771562700187438,0.214594342548601,20.081339688653824,0.011421864990628094,0.019036529183556857,0.7749492686505488,0.00529352393680398,0.00529352393680398,1.0099904988069052e-08,-0.011619955521975303,,,,,"{'0': 0.39307744801044464, '1': 0.4388959403675744, '2': 0.16802666414148726}","{'policy_dri': True, 'active_frontier_distance': True, 'oracle_normalized_return': True, 'response_signature_accuracy': False, 'belief_calibration': False, 'partner_response_prediction_loss': False}"
active_only,mlp_ppo,2005,binary-role-allocation--active_only--identity,greedy,exact_neural_policy_tree,80.0,0.0,20.0,20.0,0.0,20.0,0.0,0.0,1.0,0.0,0.0,0.0,0.0,,,,,{'1': 1.0},"{'policy_dri': True, 'active_frontier_distance': True, 'oracle_normalized_return': True, 'response_signature_accuracy': False, 'belief_calibration': False, 'partner_response_prediction_loss': False}"
active_only,mlp_ppo,2005,binary-role-allocation--active_only--identity,stochastic,exact_neural_policy_tree,79.93817547581774,0.08888760566212711,19.97293691852013,19.78666944898226,0.18626746953787077,20.061824524182256,0.01066652755088704,0.017777521132425422,0.7578718617114022,0.004943429169473714,0.004943429169473714,2.8598907224769006e-09,-0.008832074883179481,,,,,"{'0': 0.39093054831027985, '1': 0.46026701192517444, '2': 0.14880242489311388}","{'policy_dri': True, 'active_frontier_distance': True, 'oracle_normalized_return': True, 'response_signature_accuracy': False, 'belief_calibration': False, 'partner_response_prediction_loss': False}"
active_only,mlp_ppo,2006,binary-role-allocation--active_only--identity,greedy,exact_neural_policy_tree,87.0,5.0,8.0,8.0,0.0,13.0,0.6,1.0,1.0,0.27807190511263774,0.27807190511263774,0.0,1.0,,,,,{'1': 1.0},"{'policy_dri': True, 'active_frontier_distance': True, 'oracle_normalized_return': True, 'response_signature_accuracy': False, 'belief_calibration': False, 'partner_response_prediction_loss': False}"
active_only,mlp_ppo,2006,binary-role-allocation--active_only--identity,stochastic,exact_neural_policy_tree,84.0539752515525,3.1264915892822187,12.819533159165275,12.496419361385188,0.32311379778008664,15.946024748447494,0.3751790319307406,0.6252983178564437,0.8748160923734285,0.173877894510069,0.173877894510069,7.926321996190374e-09,0.5791393216503573,,,,,"{'0': 0.16545310243964195, '1': 0.7942776203135389, '2': 0.04026923602994481}","{'policy_dri': True, 'active_frontier_distance': True, 'oracle_normalized_return': True, 'response_signature_accuracy': False, 'belief_calibration': False, 'partner_response_prediction_loss': False}"
active_only,mlp_ppo,2007,binary-role-allocation--active_only--identity,greedy,exact_neural_policy_tree,87.0,5.0,8.0,8.0,0.0,13.0,0.6,1.0,1.0,0.27807190511263774,0.27807190511263774,0.0,1.0,,,,,{'1': 1.0},"{'policy_dri': True, 'active_frontier_distance': True, 'oracle_normalized_return': True, 'response_signature_accuracy': False, 'belief_calibration': False, 'partner_response_prediction_loss': False}"
active_only,mlp_ppo,2007,binary-role-allocation--active_only--identity,stochastic,exact_neural_policy_tree,84.46083804462978,3.4104816728600715,12.128680282510148,11.814842466763888,0.31383781574625935,15.539161955370218,0.4092578766618056,0.6820963345720144,0.8827549042511851,0.1896718272247871,0.1896718272247871,1.459973018548875e-08,0.6372625778042545,,,,,"{'0': 0.1304534189403057, '1': 0.8563381060310097, '2': 0.013208399110087669}","{'policy_dri': True, 'active_frontier_distance': True, 'oracle_normalized_return': True, 'response_signature_accuracy': False, 'belief_calibration': False, 'partner_response_prediction_loss': False}"
active_only,mlp_ppo,2008,binary-role-allocation--active_only--identity,greedy,exact_neural_policy_tree,80.0,0.0,20.0,20.0,0.0,20.0,0.0,0.0,0.0,0.0,0.0,0.0,0.0,,,,,{'0': 1.0},"{'policy_dri': True, 'active_frontier_distance': True, 'oracle_normalized_return': True, 'response_signature_accuracy': False, 'belief_calibration': False, 'partner_response_prediction_loss': False}"
active_only,mlp_ppo,2008,binary-role-allocation--active_only--identity,stochastic,exact_neural_policy_tree,79.88094034426442,0.16755102327228374,19.951508632463298,19.59787779131184,0.3536308411514568,20.119059655735583,0.02010611043440793,0.033510204654456754,0.22073974629602483,0.009318246448979169,0.009318246448979169,2.376589638494528e-09,-0.017008522247940455,,,,,"{'0': 0.8263904452323914, '1': 0.12647938795572483, '2': 0.04713017917014999}","{'policy_dri': True, 'active_frontier_distance': True, 'oracle_normalized_return': True, 'response_signature_accuracy': False, 'belief_calibration': False, 'partner_response_prediction_loss': False}"
active_only,mlp_ppo,2009,binary-role-allocation--active_only--identity,greedy,exact_neural_policy_tree,80.0,0.0,20.0,20.0,0.0,20.0,0.0,0.0,1.0,0.0,0.0,0.0,0.0,,,,,{'1': 1.0},"{'policy_dri': True, 'active_frontier_distance': True, 'oracle_normalized_return': True, 'response_signature_accuracy': False, 'belief_calibration': False, 'partner_response_prediction_loss': False}"
active_only,mlp_ppo,2009,binary-role-allocation--active_only--identity,stochastic,exact_neural_policy_tree,79.93215767694701,0.08458335754592756,19.983258965507055,19.796999911399517,0.18625905410753774,20.067842323052982,0.01015000443002414,0.016916671509185514,0.7429039517033983,0.004704051074723896,0.004704051074723896,2.931755319282374e-10,-0.00969176043614084,,,,,"{'0': 0.44838710129261017, '1': 0.36032184266235595, '2': 0.19129105452052114}","{'policy_dri': True, 'active_frontier_distance': True, 'oracle_normalized_return': True, 'response_signature_accuracy': False, 'belief_calibration': False, 'partner_response_prediction_loss': False}"
active_only,mlp_ppo,2010,binary-role-allocation--active_only--identity,greedy,exact_neural_policy_tree,80.0,0.0,20.0,20.0,0.0,20.0,0.0,0.0,1.0,0.0,0.0,0.0,0.0,,,,,{'1': 1.0},"{'policy_dri': True, 'active_frontier_distance': True, 'oracle_normalized_return': True, 'response_signature_accuracy': False, 'belief_calibration': False, 'partner_response_prediction_loss': False}"
active_only,mlp_ppo,2010,binary-role-allocation--active_only--identity,stochastic,exact_neural_policy_tree,79.95680721410834,0.05325403705993955,19.98993874883172,19.872190350785736,0.11774839804598258,20.04319278589166,0.0063904824607131875,0.010650807411987909,0.7526446505325868,0.0029616903080392797,0.0029616903080392797,3.8201530640747683e-10,-0.006170397984523187,,,,,"{'0': 0.40106935799121857, '1': 0.4452166374579351, '2': 0.15371400653732578}","{'policy_dri': True, 'active_frontier_distance': True, 'oracle_normalized_return': True, 'response_signature_accuracy': False, 'belief_calibration': False, 'partner_response_prediction_loss': False}"
active_only,gru_ppo_passive,2001,binary-role-allocation--active_only--identity,greedy,exact_neural_policy_tree,80.0,0.0,20.0,20.0,0.0,20.0,0.0,0.0,0.0,0.0,0.0,0.0,0.0,,,,,{'0': 1.0},"{'policy_dri': True, 'active_frontier_distance': True, 'oracle_normalized_return': True, 'response_signature_accuracy': False, 'belief_calibration': False, 'partner_response_prediction_loss': False}"
active_only,gru_ppo_passive,2001,binary-role-allocation--active_only--identity,stochastic,exact_neural_policy_tree,79.99999923059075,0.0,20.000000769409255,20.000000769409255,0.0,20.000000769409255,-3.8470462726536424e-08,0.0,0.4150447664621743,0.0,0.0,1.9235231407677134e-08,-1.0991560779010407e-07,,,,,"{'0': 0.6676511764526367, '1': 0.2496529575734776, '2': 0.08269590444434835}","{'policy_dri': True, 'active_frontier_distance': True, 'oracle_normalized_return': True, 'response_signature_accuracy': False, 'belief_calibration': False, 'partner_response_prediction_loss': False}"
active_only,gru_ppo_passive,2002,binary-role-allocation--active_only--identity,greedy,exact_neural_policy_tree,80.0,0.0,20.0,20.0,0.0,20.0,0.0,0.0,0.0,0.0,0.0,0.0,0.0,,,,,{'0': 1.0},"{'policy_dri': True, 'active_frontier_distance': True, 'oracle_normalized_return': True, 'response_signature_accuracy': False, 'belief_calibration': False, 'partner_response_prediction_loss': False}"
active_only,gru_ppo_passive,2002,binary-role-allocation--active_only--identity,stochastic,exact_neural_policy_tree,79.99999932851667,0.0,20.00000067148334,20.00000067148334,0.0,20.00000067148334,-3.3574166913297175e-08,0.0,0.4345388801814449,0.0,0.0,1.678708350105751e-08,-9.592619067331856e-08,,,,,"{'0': 0.6886518597602844, '1': 0.18815746744632023, '2': 0.12319070636756232}","{'policy_dri': True, 'active_frontier_distance': True, 'oracle_normalized_return': True, 'response_signature_accuracy': False, 'belief_calibration': False, 'partner_response_prediction_loss': False}"
active_only,gru_ppo_passive,2003,binary-role-allocation--active_only--identity,greedy,exact_neural_policy_tree,80.0,0.0,20.0,20.0,0.0,20.0,0.0,0.0,1.0,0.0,0.0,0.0,0.0,,,,,{'1': 1.0},"{'policy_dri': True, 'active_frontier_distance': True, 'oracle_normalized_return': True, 'response_signature_accuracy': False, 'belief_calibration': False, 'partner_response_prediction_loss': False}"
active_only,gru_ppo_passive,2003,binary-role-allocation--active_only--identity,stochastic,exact_neural_policy_tree,80.00000012914663,0.0,19.999999870853372,19.999999870853372,0.0,19.999999870853372,6.457331380715914e-09,0.0,0.5669201327883804,0.0,0.0,1.2417944945733797e-09,1.8449518230616898e-08,,,,,"{'0': 0.5727969259023666, '1': 0.28748600249222367, '2': 0.13971706514807836}","{'policy_dri': True, 'active_frontier_distance': True, 'oracle_normalized_return': True, 'response_signature_accuracy': False, 'belief_calibration': False, 'partner_response_prediction_loss': False}"
active_only,gru_ppo_passive,2004,binary-role-allocation--active_only--identity,greedy,exact_neural_policy_tree,80.0,0.0,20.0,20.0,0.0,20.0,0.0,0.0,1.0,0.0,0.0,0.0,0.0,,,,,{'1': 1.0},"{'policy_dri': True, 'active_frontier_distance': True, 'oracle_normalized_return': True, 'response_signature_accuracy': False, 'belief_calibration': False, 'partner_response_prediction_loss': False}"
active_only,gru_ppo_passive,2004,binary-role-allocation--active_only--identity,stochastic,exact_neural_policy_tree,80.00000055142753,0.0,19.99999944857247,19.99999944857247,0.0,19.99999944857247,2.7571376470802988e-08,0.0,0.5790663657850907,0.0,0.0,5.302187794292587e-09,7.877536185268192e-08,,,,,"{'0': 0.543089434504509, '1': 0.3347547100631383, '2': 0.12215582786097622}","{'policy_dri': True, 'active_frontier_distance': True, 'oracle_normalized_return': True, 'response_signature_accuracy': False, 'belief_calibration': False, 'partner_response_prediction_loss': False}"
active_only,gru_ppo_passive,2005,binary-role-allocation--active_only--identity,greedy,exact_neural_policy_tree,80.0,0.0,20.0,20.0,0.0,20.0,0.0,0.0,0.0,0.0,0.0,0.0,0.0,,,,,{'0': 1.0},"{'policy_dri': True, 'active_frontier_distance': True, 'oracle_normalized_return': True, 'response_signature_accuracy': False, 'belief_calibration': False, 'partner_response_prediction_loss': False}"
active_only,gru_ppo_passive,2005,binary-role-allocation--active_only--identity,stochastic,exact_neural_policy_tree,80.00000064888914,0.0,19.99999935111086,19.99999935111086,0.0,19.99999935111086,3.244445707650812e-08,0.0,0.19358991979063914,0.0,0.0,6.239318681394786e-09,9.269844879002318e-08,,,,,"{'0': 0.8439950942993164, '1': 0.11841982672181395, '2': 0.037585046534412594}","{'policy_dri': True, 'active_frontier_distance': True, 'oracle_normalized_return': True, 'response_signature_accuracy': False, 'belief_calibration': False, 'partner_response_prediction_loss': False}"
active_only,gru_ppo_passive,2006,binary-role-allocation--active_only--identity,greedy,exact_neural_policy_tree,80.0,0.0,20.0,20.0,0.0,20.0,0.0,0.0,0.0,0.0,0.0,0.0,0.0,,,,,{'0': 1.0},"{'policy_dri': True, 'active_frontier_distance': True, 'oracle_normalized_return': True, 'response_signature_accuracy': False, 'belief_calibration': False, 'partner_response_prediction_loss': False}"
active_only,gru_ppo_passive,2006,binary-role-allocation--active_only--identity,stochastic,exact_neural_policy_tree,79.9999995443028,0.0,20.00000045569721,20.00000045569721,0.0,20.00000045569721,-2.2784860576052778e-08,0.0,0.2799323693419341,0.0,0.0,1.139243033243531e-08,-6.509960063080403e-08,,,,,"{'0': 0.7791637480258942, '1': 0.16174018017599856, '2': 0.05909609458296776}","{'policy_dri': True, 'active_frontier_distance': True, 'oracle_normalized_return': True, 'response_signature_accuracy': False, 'belief_calibration': False, 'partner_response_prediction_loss': False}"
active_only,gru_ppo_passive,2007,binary-role-allocation--active_only--identity,greedy,exact_neural_policy_tree,80.0,0.0,20.0,20.0,0.0,20.0,0.0,0.0,1.0,0.0,0.0,0.0,0.0,,,,,{'1': 1.0},"{'policy_dri': True, 'active_frontier_distance': True, 'oracle_normalized_return': True, 'response_signature_accuracy': False, 'belief_calibration': False, 'partner_response_prediction_loss': False}"
active_only,gru_ppo_passive,2007,binary-role-allocation--active_only--identity,stochastic,exact_neural_policy_tree,80.00000015839073,0.0,19.99999984160927,19.99999984160927,0.0,19.99999984160927,7.919536493261603e-09,0.0,0.5085170982586799,0.0,0.0,1.5229877890859696e-09,2.2627247631135106e-08,,,,,"{'0': 0.6134689450263977, '1': 0.2645449958494517, '2': 0.12198605120461407}","{'policy_dri': True, 'active_frontier_distance': True, 'oracle_normalized_return': True, 'response_signature_accuracy': False, 'belief_calibration': False, 'partner_response_prediction_loss': False}"
active_only,gru_ppo_passive,2008,binary-role-allocation--active_only--identity,greedy,exact_neural_policy_tree,80.0,0.0,20.0,20.0,0.0,20.0,0.0,0.0,0.0,0.0,0.0,0.0,0.0,,,,,{'0': 1.0},"{'policy_dri': True, 'active_frontier_distance': True, 'oracle_normalized_return': True, 'response_signature_accuracy': False, 'belief_calibration': False, 'partner_response_prediction_loss': False}"
active_only,gru_ppo_passive,2008,binary-role-allocation--active_only--identity,stochastic,exact_neural_policy_tree,80.00000050002184,0.0,19.999999499978156,19.999999499978156,0.0,19.999999499978156,2.5001092218701614e-08,0.0,0.42888591127639697,0.0,0.0,4.807902336889512e-09,7.143169154590265e-08,,,,,"{'0': 0.657253235578537, '1': 0.25660756756434466, '2': 0.08613917185602614}","{'policy_dri': True, 'active_frontier_distance': True, 'oracle_normalized_return': True, 'response_signature_accuracy': False, 'belief_calibration': False, 'partner_response_prediction_loss': False}"
active_only,gru_ppo_passive,2009,binary-role-allocation--active_only--identity,greedy,exact_neural_policy_tree,80.0,0.0,20.0,20.0,0.0,20.0,0.0,0.0,2.0,0.0,0.0,0.0,0.0,,,,,{'2': 1.0},"{'policy_dri': True, 'active_frontier_distance': True, 'oracle_normalized_return': True, 'response_signature_accuracy': False, 'belief_calibration': False, 'partner_response_prediction_loss': False}"
active_only,gru_ppo_passive,2009,binary-role-allocation--active_only--identity,stochastic,exact_neural_policy_tree,80.00000181351778,0.0,19.999998186482216,19.999998186482216,0.0,19.999998186482216,9.067588919720038e-08,0.0,0.5476979879815153,0.0,0.0,1.7437671016087162e-08,2.5907396913485823e-07,,,,,"{'0': 0.6263572573661804, '1': 0.19958731593434553, '2': 0.17405533602358486}","{'policy_dri': True, 'active_frontier_distance': True, 'oracle_normalized_return': True, 'response_signature_accuracy': False, 'belief_calibration': False, 'partner_response_prediction_loss': False}"
active_only,gru_ppo_passive,2010,binary-role-allocation--active_only--identity,greedy,exact_neural_policy_tree,80.0,0.0,20.0,20.0,0.0,20.0,0.0,0.0,0.0,0.0,0.0,0.0,0.0,,,,,{'0': 1.0},"{'policy_dri': True, 'active_frontier_distance': True, 'oracle_normalized_return': True, 'response_signature_accuracy': False, 'belief_calibration': False, 'partner_response_prediction_loss': False}"
active_only,gru_ppo_passive,2010,binary-role-allocation--active_only--identity,stochastic,exact_neural_policy_tree,79.9999995079635,0.0,20.000000492036502,20.000000492036502,0.0,20.000000492036502,-2.4601825110437404e-08,0.0,0.46774052548814393,0.0,0.0,1.230091251080978e-08,-7.029092939449453e-08,,,,,"{'0': 0.6514573991298676, '1': 0.22934472545577123, '2': 0.11919790001618635}","{'policy_dri': True, 'active_frontier_distance': True, 'oracle_normalized_return': True, 'response_signature_accuracy': False, 'belief_calibration': False, 'partner_response_prediction_loss': False}"
active_only,gru_ppo_active,2001,binary-role-allocation--active_only--identity,greedy,exact_neural_policy_tree,80.0,0.0,20.0,20.0,0.0,20.0,0.0,0.0,0.0,0.0,0.0,0.0,0.0,,,,,{'0': 1.0},"{'policy_dri': True, 'active_frontier_distance': True, 'oracle_normalized_return': True, 'response_signature_accuracy': False, 'belief_calibration': False, 'partner_response_prediction_loss': False}"
active_only,gru_ppo_active,2001,binary-role-allocation--active_only--identity,stochastic,exact_neural_policy_tree,79.9244659335302,0.11027771990207268,19.965256346567735,19.73533496549143,0.22992138107630566,20.075534066469807,0.013233251725428552,0.022055543980414535,0.26931270419459413,0.0061330271329294375,0.0061330271329294375,1.4358234642641428e-08,-0.010790580924257094,,,,,"{'0': 0.7904778718948364, '1': 0.1497317013413733, '2': 0.05979050142661044}","{'policy_dri': True, 'active_frontier_distance': True, 'oracle_normalized_return': True, 'response_signature_accuracy': False, 'belief_calibration': False, 'partner_response_prediction_loss': False}"
active_only,gru_ppo_active,2002,binary-role-allocation--active_only--identity,greedy,exact_neural_policy_tree,80.0,0.0,20.0,20.0,0.0,20.0,0.0,0.0,2.0,0.0,0.0,0.0,0.0,,,,,{'2': 1.0},"{'policy_dri': True, 'active_frontier_distance': True, 'oracle_normalized_return': True, 'response_signature_accuracy': False, 'belief_calibration': False, 'partner_response_prediction_loss': False}"
active_only,gru_ppo_active,2002,binary-role-allocation--active_only--identity,stochastic,exact_neural_policy_tree,79.90458263598232,0.13269462399451407,19.962722740023164,19.681533099101408,0.281189640921756,20.095417364017678,0.015923345044929604,0.026538924798902814,0.7837375269250185,0.007379729378471931,0.007379729378471931,1.891233093742617e-09,-0.013631052002525377,,,,,"{'0': 0.4754576236009598, '1': 0.26534724554188566, '2': 0.2591951406915664}","{'policy_dri': True, 'active_frontier_distance': True, 'oracle_normalized_return': True, 'response_signature_accuracy': False, 'belief_calibration': False, 'partner_response_prediction_loss': False}"
active_only,gru_ppo_active,2003,binary-role-allocation--active_only--identity,greedy,exact_neural_policy_tree,80.0,0.0,20.0,20.0,0.0,20.0,0.0,0.0,0.0,0.0,0.0,0.0,0.0,,,,,{'0': 1.0},"{'policy_dri': True, 'active_frontier_distance': True, 'oracle_normalized_return': True, 'response_signature_accuracy': False, 'belief_calibration': False, 'partner_response_prediction_loss': False}"
active_only,gru_ppo_active,2003,binary-role-allocation--active_only--identity,stochastic,exact_neural_policy_tree,79.93810149922439,0.10054244982525842,19.961356050950346,19.75869793045284,0.20265812049750664,20.061898500775605,0.012065103477358008,0.020108489965051685,0.3155871094018149,0.005591606113520281,0.005591606113520281,1.826601342803188e-09,-0.008842642967944616,,,,,"{'0': 0.7333731949329376, '1': 0.2176664817356562, '2': 0.04896031383307931}","{'policy_dri': True, 'active_frontier_distance': True, 'oracle_normalized_return': True, 'response_signature_accuracy': False, 'belief_calibration': False, 'partner_response_prediction_loss': False}"
active_only,gru_ppo_active,2004,binary-role-allocation--active_only--identity,greedy,exact_neural_policy_tree,87.0,5.0,8.0,8.0,0.0,13.0,0.6,1.0,1.0,0.27807190511263774,0.27807190511263774,0.0,1.0,,,,,{'1': 1.0},"{'policy_dri': True, 'active_frontier_distance': True, 'oracle_normalized_return': True, 'response_signature_accuracy': False, 'belief_calibration': False, 'partner_response_prediction_loss': False}"
active_only,gru_ppo_active,2004,binary-role-allocation--active_only--identity,stochastic,exact_neural_policy_tree,86.103099618215,4.419019144966162,9.477881236818833,9.394353758023032,0.08352747879580136,13.896900381784995,0.5302823120988485,0.8838038289932325,0.9282232464365152,0.24576101447399204,0.24576101447399204,2.8274824938654923e-09,0.8718713740307139,,,,,"{'0': 0.0960862748324871, '1': 0.8796041744926927, '2': 0.024309535971911215}","{'policy_dri': True, 'active_frontier_distance': True, 'oracle_normalized_return': True, 'response_signature_accuracy': False, 'belief_calibration': False, 'partner_response_prediction_loss': False}"
active_only,gru_ppo_active,2005,binary-role-allocation--active_only--identity,greedy,exact_neural_policy_tree,80.0,0.0,20.0,20.0,0.0,20.0,0.0,0.0,0.0,0.0,0.0,0.0,0.0,,,,,{'0': 1.0},"{'policy_dri': True, 'active_frontier_distance': True, 'oracle_normalized_return': True, 'response_signature_accuracy': False, 'belief_calibration': False, 'partner_response_prediction_loss': False}"
active_only,gru_ppo_active,2005,binary-role-allocation--active_only--identity,stochastic,exact_neural_policy_tree,79.8977887394804,0.14600928407675753,19.956201976442834,19.649578177968742,0.30662379847409227,20.102211260519592,0.017521091101562903,0.029201856815351507,0.4293477590887556,0.008120215957471253,0.008120215957471253,4.420701542943034e-09,-0.014601608645656532,,,,,"{'0': 0.668404757976532, '1': 0.2338427709334765, '2': 0.09775249407763957}","{'policy_dri': True, 'active_frontier_distance': True, 'oracle_normalized_return': True, 'response_signature_accuracy': False, 'belief_calibration': False, 'partner_response_prediction_loss': False}"
active_only,gru_ppo_active,2006,binary-role-allocation--active_only--identity,greedy,exact_neural_policy_tree,80.0,0.0,20.0,20.0,0.0,20.0,0.0,0.0,1.0,0.0,0.0,0.0,0.0,,,,,{'1': 1.0},"{'policy_dri': True, 'active_frontier_distance': True, 'oracle_normalized_return': True, 'response_signature_accuracy': False, 'belief_calibration': False, 'partner_response_prediction_loss': False}"
active_only,gru_ppo_active,2006,binary-role-allocation--active_only--identity,stochastic,exact_neural_policy_tree,79.9354687731461,0.12600125001490667,19.938529976839,19.697596053469454,0.24093392336954622,20.064531226853905,0.015120197326527317,0.02520025000298133,0.7074257514333411,0.00700748152764377,0.00700748152764377,9.100911270992559e-09,-0.009218746693414508,,,,,"{'0': 0.47828617691993713, '1': 0.33600180007730734, '2': 0.18571197567801684}","{'policy_dri': True, 'active_frontier_distance': True, 'oracle_normalized_return': True, 'response_signature_accuracy': False, 'belief_calibration': False, 'partner_response_prediction_loss': False}"
active_only,gru_ppo_active,2007,binary-role-allocation--active_only--identity,greedy,exact_neural_policy_tree,87.0,5.0,8.0,8.0,0.0,13.0,0.6,1.0,1.0,0.27807190511263774,0.27807190511263774,0.0,1.0,,,,,{'1': 1.0},"{'policy_dri': True, 'active_frontier_distance': True, 'oracle_normalized_return': True, 'response_signature_accuracy': False, 'belief_calibration': False, 'partner_response_prediction_loss': False}"
active_only,gru_ppo_active,2007,binary-role-allocation--active_only--identity,stochastic,exact_neural_policy_tree,82.25128452342823,1.7868918097034536,15.961823666868318,15.711459082310952,0.25036458455736543,17.74871547657177,0.21442704588445238,0.3573783619406907,0.6617583051844191,0.09937688195088165,0.09937688195088165,5.523084222875268e-09,0.3216120747754608,,,,,"{'0': 0.43673136830329895, '1': 0.4647789007689072, '2': 0.09848970220775595}","{'policy_dri': True, 'active_frontier_distance': True, 'oracle_normalized_return': True, 'response_signature_accuracy': False, 'belief_calibration': False, 'partner_response_prediction_loss': False}"
active_only,gru_ppo_active,2008,binary-role-allocation--active_only--identity,greedy,exact_neural_policy_tree,80.0,0.0,20.0,20.0,0.0,20.0,0.0,0.0,1.0,0.0,0.0,0.0,0.0,,,,,{'1': 1.0},"{'policy_dri': True, 'active_frontier_distance': True, 'oracle_normalized_return': True, 'response_signature_accuracy': False, 'belief_calibration': False, 'partner_response_prediction_loss': False}"
active_only,gru_ppo_active,2008,binary-role-allocation--active_only--identity,stochastic,exact_neural_policy_tree,79.87020981755282,0.15469678351401925,19.97509339893316,19.628725701926896,0.346367697006265,20.12979018244718,0.01856371490365518,0.03093935670280385,0.45163079601643247,0.008603365861308124,0.008603365861308124,1.9400379393775555e-08,-0.01854145463531154,,,,,"{'0': 0.6089999675750732, '1': 0.3303690670694754, '2': 0.06063086447347856}","{'policy_dri': True, 'active_frontier_distance': True, 'oracle_normalized_return': True, 'response_signature_accuracy': False, 'belief_calibration': False, 'partner_response_prediction_loss': False}"
active_only,gru_ppo_active,2009,binary-role-allocation--active_only--identity,greedy,exact_neural_policy_tree,80.0,0.0,20.0,20.0,0.0,20.0,0.0,0.0,1.0,0.0,0.0,0.0,0.0,,,,,{'1': 1.0},"{'policy_dri': True, 'active_frontier_distance': True, 'oracle_normalized_return': True, 'response_signature_accuracy': False, 'belief_calibration': False, 'partner_response_prediction_loss': False}"
active_only,gru_ppo_active,2009,binary-role-allocation--active_only--identity,stochastic,exact_neural_policy_tree,79.89474773300691,0.11791485648181049,19.987337410511273,19.717003156313197,0.270334254198076,20.105252266993084,0.014149842184340145,0.0235829712963621,0.6991765572533409,0.006557761756596061,0.006557761756596061,1.1424331315625839e-08,-0.015036038141870125,,,,,"{'0': 0.4484214633703232, '1': 0.40398039719296674, '2': 0.14759808003018712}","{'policy_dri': True, 'active_frontier_distance': True, 'oracle_normalized_return': True, 'response_signature_accuracy': False, 'belief_calibration': False, 'partner_response_prediction_loss': False}"
active_only,gru_ppo_active,2010,binary-role-allocation--active_only--identity,greedy,exact_neural_policy_tree,87.0,5.0,8.0,8.0,0.0,13.0,0.6,1.0,1.0,0.27807190511263774,0.27807190511263774,0.0,1.0,,,,,{'1': 1.0},"{'policy_dri': True, 'active_frontier_distance': True, 'oracle_normalized_return': True, 'response_signature_accuracy': False, 'belief_calibration': False, 'partner_response_prediction_loss': False}"
active_only,gru_ppo_active,2010,binary-role-allocation--active_only--identity,stochastic,exact_neural_policy_tree,84.00814257523518,3.0744578424330955,12.917399582331726,12.62130167906956,0.2960979032621651,15.99185742476482,0.36893491604652195,0.6148915684866191,0.9436901788221373,0.17098406988677206,0.17098406988677206,4.816432603177008e-09,0.5725917964621691,,,,,"{'0': 0.16022735834121704, '1': 0.7358551545863276, '2': 0.1039175121179049}","{'policy_dri': True, 'active_frontier_distance': True, 'oracle_normalized_return': True, 'response_signature_accuracy': False, 'belief_calibration': False, 'partner_response_prediction_loss': False}"
active_only,odits_style,2001,binary-role-allocation--active_only--identity,greedy,exact_neural_policy_tree,87.0,5.0,8.0,8.0,0.0,13.0,0.6,1.0,1.0,0.27807190511263774,0.27807190511263774,0.0,1.0,,,,0.0002885639696614817,{'1': 1.0},"{'policy_dri': True, 'active_frontier_distance': True, 'oracle_normalized_return': True, 'response_signature_accuracy': False, 'belief_calibration': False, 'partner_response_prediction_loss': True}"
active_only,odits_style,2001,binary-role-allocation--active_only--identity,stochastic,exact_neural_policy_tree,86.38856966632952,4.663620640995887,8.947809692674594,8.807310419288141,0.14049927338645318,13.611430333670482,0.5596344790355929,0.9327241281991775,0.9585276729012577,0.2593643752728695,0.2593643752728695,4.06939712696351e-10,0.9126528094756452,,,,0.00040264880866785395,"{'0': 0.04896959848701954, '1': 0.9435331258925304, '2': 0.007497273504363635}","{'policy_dri': True, 'active_frontier_distance': True, 'oracle_normalized_return': True, 'response_signature_accuracy': False, 'belief_calibration': False, 'partner_response_prediction_loss': True}"
active_only,odits_style,2002,binary-role-allocation--active_only--identity,greedy,exact_neural_policy_tree,87.0,5.0,8.0,8.0,0.0,13.0,0.6,1.0,1.0,0.27807190511263774,0.27807190511263774,0.0,1.0,,,,0.00046260230010375386,{'1': 1.0},"{'policy_dri': True, 'active_frontier_distance': True, 'oracle_normalized_return': True, 'response_signature_accuracy': False, 'belief_calibration': False, 'partner_response_prediction_loss': True}"
active_only,odits_style,2002,binary-role-allocation--active_only--identity,stochastic,exact_neural_policy_tree,85.15695138435629,3.8204834141878936,11.022565201455823,10.830839320810997,0.19172588064482632,14.843048615643717,0.4584580339594502,0.7640966828375787,0.8508507633278322,0.2124738202868924,0.2124738202868924,4.664789020870385e-09,0.7367073406223271,,,,0.000607192072265925,"{'0': 0.1622794270515442, '1': 0.8245903340552736, '2': 0.013130214636279306}","{'policy_dri': True, 'active_frontier_distance': True, 'oracle_normalized_return': True, 'response_signature_accuracy': False, 'belief_calibration': False, 'partner_response_prediction_loss': True}"
active_only,odits_style,2003,binary-role-allocation--active_only--identity,greedy,exact_neural_policy_tree,87.0,5.0,8.0,8.0,0.0,13.0,0.6,1.0,1.0,0.27807190511263774,0.27807190511263774,0.0,1.0,,,,0.0015573491109535098,{'1': 1.0},"{'policy_dri': True, 'active_frontier_distance': True, 'oracle_normalized_return': True, 'response_signature_accuracy': False, 'belief_calibration': False, 'partner_response_prediction_loss': True}"
active_only,odits_style,2003,binary-role-allocation--active_only--identity,stochastic,exact_neural_policy_tree,82.08836162278098,1.777017073213943,16.134621304005083,15.735159049595495,0.39946225440958827,17.911638377219028,0.21324204752022524,0.35540341464278863,0.6924547701887743,0.09882770459325696,0.09882770459325696,2.4335535723315606e-10,0.2983373746829971,,,,0.001871442101625881,"{'0': 0.34925077855587006, '1': 0.6090436752303814, '2': 0.041705547479196456}","{'policy_dri': True, 'active_frontier_distance': True, 'oracle_normalized_return': True, 'response_signature_accuracy': False, 'belief_calibration': False, 'partner_response_prediction_loss': True}"
active_only,odits_style,2004,binary-role-allocation--active_only--identity,greedy,exact_neural_policy_tree,87.0,5.0,8.0,8.0,0.0,13.0,0.6,1.0,1.0,0.27807190511263774,0.27807190511263774,0.0,1.0,,,,0.0010804488265421242,{'1': 1.0},"{'policy_dri': True, 'active_frontier_distance': True, 'oracle_normalized_return': True, 'response_signature_accuracy': False, 'belief_calibration': False, 'partner_response_prediction_loss': True}"
active_only,odits_style,2004,binary-role-allocation--active_only--identity,stochastic,exact_neural_policy_tree,82.7859512804504,2.203463688789841,15.010585030759751,14.711688266225764,0.2988967645339873,17.21404871954959,0.2644155866887118,0.4406927377579682,0.5985169435762429,0.12254426915766227,0.12254426915766227,1.0762705587863408e-08,0.39799304006434355,,,,0.001315890501012918,"{'0': 0.422813355922699, '1': 0.5558564565104973, '2': 0.02133024353287275}","{'policy_dri': True, 'active_frontier_distance': True, 'oracle_normalized_return': True, 'response_signature_accuracy': False, 'belief_calibration': False, 'partner_response_prediction_loss': True}"
active_only,odits_style,2005,binary-role-allocation--active_only--identity,greedy,exact_neural_policy_tree,87.0,5.0,8.0,8.0,0.0,13.0,0.6,1.0,1.0,0.27807190511263774,0.27807190511263774,0.0,1.0,,,,0.0005800743674626574,{'1': 1.0},"{'policy_dri': True, 'active_frontier_distance': True, 'oracle_normalized_return': True, 'response_signature_accuracy': False, 'belief_calibration': False, 'partner_response_prediction_loss': True}"
active_only,odits_style,2005,binary-role-allocation--active_only--identity,stochastic,exact_neural_policy_tree,85.90849569074368,4.362563645648347,9.72894066360797,9.529848140277927,0.19909252333004268,14.091504309256317,0.5235075929861036,0.8725127291296695,0.9369724592113283,0.24262127682411402,0.24262127682411402,8.556095763513948e-09,0.8440708129633825,,,,0.0006389492983373092,"{'0': 0.07430308312177658, '1': 0.9144214635285148, '2': 0.011275497841406787}","{'policy_dri': True, 'active_frontier_distance': True, 'oracle_normalized_return': True, 'response_signature_accuracy': False, 'belief_calibration': False, 'partner_response_prediction_loss': True}"
active_only,odits_style,2006,binary-role-allocation--active_only--identity,greedy,exact_neural_policy_tree,87.0,5.0,8.0,8.0,0.0,13.0,0.6,1.0,1.0,0.27807190511263774,0.27807190511263774,0.0,1.0,,,,0.0005127004405949266,{'1': 1.0},"{'policy_dri': True, 'active_frontier_distance': True, 'oracle_normalized_return': True, 'response_signature_accuracy': False, 'belief_calibration': False, 'partner_response_prediction_loss': True}"
active_only,odits_style,2006,binary-role-allocation--active_only--identity,stochastic,exact_neural_policy_tree,85.36103199693171,3.9707382997121963,10.668229703356092,10.470229033954979,0.19800066940111272,14.638968003068289,0.47648854830225107,0.7941476599424393,0.8627311564339423,0.22083015274093715,0.22083015274093715,9.16600239298814e-09,0.7658617138473878,,,,0.0007424486792115355,"{'0': 0.14969333820044994, '1': 0.837882262491583, '2': 0.012424446971179646}","{'policy_dri': True, 'active_frontier_distance': True, 'oracle_normalized_return': True, 'response_signature_accuracy': False, 'belief_calibration': False, 'partner_response_prediction_loss': True}"
active_only,odits_style,2007,binary-role-allocation--active_only--identity,greedy,exact_neural_policy_tree,87.0,5.0,8.0,8.0,0.0,13.0,0.6,1.0,1.0,0.27807190511263774,0.27807190511263774,0.0,1.0,,,,0.001074669708032161,{'1': 1.0},"{'policy_dri': True, 'active_frontier_distance': True, 'oracle_normalized_return': True, 'response_signature_accuracy': False, 'belief_calibration': False, 'partner_response_prediction_loss': True}"
active_only,odits_style,2007,binary-role-allocation--active_only--identity,stochastic,exact_neural_policy_tree,83.05248394925974,2.395029539127362,14.552486511612901,14.251929654067373,0.3005568575455282,16.947516050740262,0.28740351729663133,0.4790059078254724,0.62765196439739,0.1331980853492376,0.1331980853492376,5.268971536853684e-09,0.436069135608534,,,,0.0012585094617008196,"{'0': 0.3939801827073097, '1': 0.5843877249852949, '2': 0.021632119706047608}","{'policy_dri': True, 'active_frontier_distance': True, 'oracle_normalized_return': True, 'response_signature_accuracy': False, 'belief_calibration': False, 'partner_response_prediction_loss': True}"
active_only,odits_style,2008,binary-role-allocation--active_only--identity,greedy,exact_neural_policy_tree,87.0,5.0,8.0,8.0,0.0,13.0,0.6,1.0,1.5,0.2780719051126377,0.2780719051126377,0.0,1.0,,,,0.001248566592039424,"{'1': 0.5, '2': 0.5}","{'policy_dri': True, 'active_frontier_distance': True, 'oracle_normalized_return': True, 'response_signature_accuracy': False, 'belief_calibration': False, 'partner_response_prediction_loss': True}"
active_only,odits_style,2008,binary-role-allocation--active_only--identity,stochastic,exact_neural_policy_tree,81.98887078814619,1.6260522834765614,16.385076928377256,16.097473121180357,0.2876038071968985,18.011129211853817,0.19512634394098213,0.3252104566953123,0.9481087873650447,0.09043189125581647,0.09043189125581647,1.3446883615145019e-08,0.28412439830659814,,,,0.0010638432469077465,"{'0': 0.3668181523680687, '1': 0.3182547680512285, '2': 0.3149270096569082}","{'policy_dri': True, 'active_frontier_distance': True, 'oracle_normalized_return': True, 'response_signature_accuracy': False, 'belief_calibration': False, 'partner_response_prediction_loss': True}"
active_only,odits_style,2009,binary-role-allocation--active_only--identity,greedy,exact_neural_policy_tree,87.0,5.0,8.0,8.0,0.0,13.0,0.6,1.0,1.0,0.27807190511263774,0.27807190511263774,0.0,1.0,,,,0.0001410738223057706,{'1': 1.0},"{'policy_dri': True, 'active_frontier_distance': True, 'oracle_normalized_return': True, 'response_signature_accuracy': False, 'belief_calibration': False, 'partner_response_prediction_loss': True}"
active_only,odits_style,2009,binary-role-allocation--active_only--identity,stochastic,exact_neural_policy_tree,83.14135782705979,2.4344154567191367,14.424226716221067,14.157401436967877,0.2668252792531902,16.858642172940204,0.29212992815160616,0.48688309134382735,0.8385812487390533,0.13538850877710842,0.13538850877710842,1.4104867246400588e-08,0.44876540386568464,,,,0.0005172547588699928,"{'0': 0.20257088541984558, '1': 0.7562768337306361, '2': 0.04115220750420854}","{'policy_dri': True, 'active_frontier_distance': True, 'oracle_normalized_return': True, 'response_signature_accuracy': False, 'belief_calibration': False, 'partner_response_prediction_loss': True}"
active_only,odits_style,2010,binary-role-allocation--active_only--identity,greedy,exact_neural_policy_tree,87.0,5.0,8.0,8.0,0.0,13.0,0.6,1.0,1.0,0.27807190511263774,0.27807190511263774,0.0,1.0,,,,0.0004728128842543811,{'1': 1.0},"{'policy_dri': True, 'active_frontier_distance': True, 'oracle_normalized_return': True, 'response_signature_accuracy': False, 'belief_calibration': False, 'partner_response_prediction_loss': True}"
active_only,odits_style,2010,binary-role-allocation--active_only--identity,stochastic,exact_neural_policy_tree,85.99106585492788,4.389949325712116,9.618984819359996,9.464119901296613,0.15486491806338343,14.00893414507211,0.5267940049351694,0.8779898651424232,0.9117441259551656,0.24414431446974127,0.24414431446974127,1.6509560675824165e-08,0.8558665507039832,,,,0.0005620952903453284,"{'0': 0.09794379957020283, '1': 0.8923681032049977, '2': 0.009688011375084014}","{'policy_dri': True, 'active_frontier_distance': True, 'oracle_normalized_return': True, 'response_signature_accuracy': False, 'belief_calibration': False, 'partner_response_prediction_loss': True}"
active_only,pace_aux,2001,binary-role-allocation--active_only--identity,greedy,exact_neural_policy_tree,87.0,5.0,8.0,8.0,0.0,13.0,0.6,1.0,1.0,0.27807190511263774,0.27807190511263774,0.0,1.0,0.8,0.3302378255759869,0.07151612192392354,,{'1': 1.0},"{'policy_dri': True, 'active_frontier_distance': True, 'oracle_normalized_return': True, 'response_signature_accuracy': True, 'belief_calibration': True, 'partner_response_prediction_loss': False}"
active_only,pace_aux,2001,binary-role-allocation--active_only--identity,stochastic,exact_neural_policy_tree,85.03751201028092,3.7955154374077895,11.166972552311284,10.890763437516375,0.2762091147949093,14.962487989719074,0.45546182812418123,0.7591030874815579,0.9552905208177657,0.21108524171288207,0.21108524171288207,4.685529507121909e-09,0.7196445728972743,0.7277309384268441,0.37742210506603335,0.0476690002563749,,"{'0': 0.17384931817650795, '1': 0.6970108915587254, '2': 0.1291398146295201}","{'policy_dri': True, 'active_frontier_distance': True, 'oracle_normalized_return': True, 'response_signature_accuracy': True, 'belief_calibration': True, 'partner_response_prediction_loss': False}"
active_only,pace_aux,2002,binary-role-allocation--active_only--identity,greedy,exact_neural_policy_tree,87.0,5.0,8.0,8.0,0.0,13.0,0.6,1.0,1.0,0.27807190511263774,0.27807190511263774,0.0,1.0,0.8,0.33800788091690587,0.09488684237003331,,{'1': 1.0},"{'policy_dri': True, 'active_frontier_distance': True, 'oracle_normalized_return': True, 'response_signature_accuracy': True, 'belief_calibration': True, 'partner_response_prediction_loss': False}"
active_only,pace_aux,2002,binary-role-allocation--active_only--identity,stochastic,exact_neural_policy_tree,84.1103562161054,3.1566702538587594,12.732973530035846,12.423990938316248,0.3089825917195981,15.889643783894606,0.37880045308418764,0.6313340507717519,0.8009985001120368,0.1755562622605798,0.1755562622605798,4.3502185657159265e-09,0.5871937451579144,0.6894002039209572,0.40155598036281515,0.06728202864483747,,"{'0': 0.2616785317659378, '1': 0.6756443911138146, '2': 0.06267705449911114}","{'policy_dri': True, 'active_frontier_distance': True, 'oracle_normalized_return': True, 'response_signature_accuracy': True, 'belief_calibration': True, 'partner_response_prediction_loss': False}"
active_only,pace_aux,2003,binary-role-allocation--active_only--identity,greedy,exact_neural_policy_tree,87.0,5.0,8.0,8.0,0.0,13.0,0.6,1.0,1.0,0.27807190511263774,0.27807190511263774,0.0,1.0,0.8,0.33005461940534186,0.06717548072338098,,{'1': 1.0},"{'policy_dri': True, 'active_frontier_distance': True, 'oracle_normalized_return': True, 'response_signature_accuracy': True, 'belief_calibration': True, 'partner_response_prediction_loss': False}"
active_only,pace_aux,2003,binary-role-allocation--active_only--identity,stochastic,exact_neural_policy_tree,84.67889265682928,3.554899782696837,11.76620756047388,11.468240298497147,0.2979672619767335,15.321107343170716,0.4265879850751427,0.7109799565393674,1.0788322909331283,0.19770355101180215,0.19770355101180215,2.144523494682296e-09,0.6684132366898966,0.713293981386049,0.3825970183504696,0.046316260821116464,,"{'0': 0.16544945165514946, '1': 0.5902687834535284, '2': 0.24428175373979993}","{'policy_dri': True, 'active_frontier_distance': True, 'oracle_normalized_return': True, 'response_signature_accuracy': True, 'belief_calibration': True, 'partner_response_prediction_loss': False}"
active_only,pace_aux,2004,binary-role-allocation--active_only--identity,greedy,exact_neural_policy_tree,87.0,5.0,8.0,8.0,0.0,13.0,0.6,1.0,1.0,0.27807190511263774,0.27807190511263774,0.0,1.0,0.8,0.3221934064665726,0.025378833711147353,,{'1': 1.0},"{'policy_dri': True, 'active_frontier_distance': True, 'oracle_normalized_return': True, 'response_signature_accuracy': True, 'belief_calibration': True, 'partner_response_prediction_loss': False}"
active_only,pace_aux,2004,binary-role-allocation--active_only--identity,stochastic,exact_neural_policy_tree,86.32127631738426,4.607527897995423,9.071195784620313,8.941934130755437,0.12926165386487654,13.678723682615736,0.5529032934622282,0.9215055795990846,1.003770125935322,0.2562448120910429,0.2562448120910429,1.0441773576128291e-08,0.9030394739120372,0.7764517010283367,0.33790084412853627,0.02321639087629235,,"{'0': 0.058186618611216545, '1': 0.8798567454366903, '2': 0.06195669024931582}","{'policy_dri': True, 'active_frontier_distance': True, 'oracle_normalized_return': True, 'response_signature_accuracy': True, 'belief_calibration': True, 'partner_response_prediction_loss': False}"
active_only,pace_aux,2005,binary-role-allocation--active_only--identity,greedy,exact_neural_policy_tree,87.0,5.0,8.0,8.0,0.0,13.0,0.6,1.0,1.0,0.27807190511263774,0.27807190511263774,0.0,1.0,0.8,0.3258682549410379,0.05266509503126149,,{'1': 1.0},"{'policy_dri': True, 'active_frontier_distance': True, 'oracle_normalized_return': True, 'response_signature_accuracy': True, 'belief_calibration': True, 'partner_response_prediction_loss': False}"
active_only,pace_aux,2005,binary-role-allocation--active_only--identity,stochastic,exact_neural_policy_tree,85.53836752156165,4.077379533594675,10.384252944843666,10.214289461951374,0.16996348289229246,14.461632478438341,0.4892855269024313,0.8154759067189349,0.9057760906511917,0.22676093895478988,0.22676093895478988,3.294024920351947e-09,0.7911953602230933,0.7446427805801453,0.361806495255659,0.0509819002664357,,"{'0': 0.12816694006323814, '1': 0.8378900634801913, '2': 0.033943013585500156}","{'policy_dri': True, 'active_frontier_distance': True, 'oracle_normalized_return': True, 'response_signature_accuracy': True, 'belief_calibration': True, 'partner_response_prediction_loss': False}"
active_only,pace_aux,2006,binary-role-allocation--active_only--identity,greedy,exact_neural_policy_tree,87.0,5.0,8.0,8.0,0.0,13.0,0.6,1.0,1.0,0.27807190511263774,0.27807190511263774,0.0,1.0,0.8,0.32909383737151887,0.06526992022991174,,{'1': 1.0},"{'policy_dri': True, 'active_frontier_distance': True, 'oracle_normalized_return': True, 'response_signature_accuracy': True, 'belief_calibration': True, 'partner_response_prediction_loss': False}"
active_only,pace_aux,2006,binary-role-allocation--active_only--identity,stochastic,exact_neural_policy_tree,85.218115945815,3.9111079165146143,10.870776137670386,10.61334134901916,0.25743478865122604,14.781884054185001,0.46933293254904196,0.7822215833029228,0.9891195539567457,0.21751384588926748,0.21751384588926748,3.3524445655417003e-09,0.7454451351164286,0.7346664837072328,0.37238545912487014,0.06146014926569402,,"{'0': 0.11760871112346649, '1': 0.7756630586617448, '2': 0.10672824764750047}","{'policy_dri': True, 'active_frontier_distance': True, 'oracle_normalized_return': True, 'response_signature_accuracy': True, 'belief_calibration': True, 'partner_response_prediction_loss': False}"
active_only,pace_aux,2007,binary-role-allocation--active_only--identity,greedy,exact_neural_policy_tree,87.0,5.0,8.0,8.0,0.0,13.0,0.6,1.0,1.0,0.27807190511263774,0.27807190511263774,0.0,1.0,0.8,0.3269837661834487,0.05783162564039235,,{'1': 1.0},"{'policy_dri': True, 'active_frontier_distance': True, 'oracle_normalized_return': True, 'response_signature_accuracy': True, 'belief_calibration': True, 'partner_response_prediction_loss': False}"
active_only,pace_aux,2007,binary-role-allocation--active_only--identity,stochastic,exact_neural_policy_tree,86.18786017333218,4.493632646364028,9.318507180303781,9.215278613533041,0.10322856677074022,13.81213982666781,0.539236069323348,0.8987265292728057,0.9677922067972451,0.24991059817015787,0.24991059817015787,2.9184550889208655e-08,0.8839800247617404,0.7696178829020095,0.3463530630354536,0.050115749202250134,,"{'0': 0.06882826052606106, '1': 0.8945509686313036, '2': 0.03662061908297074}","{'policy_dri': True, 'active_frontier_distance': True, 'oracle_normalized_return': True, 'response_signature_accuracy': True, 'belief_calibration': True, 'partner_response_prediction_loss': False}"
active_only,pace_aux,2008,binary-role-allocation--active_only--identity,greedy,exact_neural_policy_tree,87.0,5.0,8.0,8.0,0.0,13.0,0.6,1.0,1.0,0.27807190511263774,0.27807190511263774,0.0,1.0,0.8,0.32330326984358093,0.04046063423156743,,{'1': 1.0},"{'policy_dri': True, 'active_frontier_distance': True, 'oracle_normalized_return': True, 'response_signature_accuracy': True, 'belief_calibration': True, 'partner_response_prediction_loss': False}"
active_only,pace_aux,2008,binary-role-allocation--active_only--identity,stochastic,exact_neural_policy_tree,86.55260756678958,4.7389632256767955,8.708429207533625,8.626488175131058,0.08194103240256645,13.447392433210421,0.5686755912434471,0.9477926451353591,1.0214992524276654,0.2635545064845353,0.2635545064845353,8.004291524460059e-10,0.9360867952556536,0.784337791459492,0.33338558831702864,0.040995097373881545,,"{'0': 0.036781477741897106, '1': 0.9049377837640771, '2': 0.058280734331794065}","{'policy_dri': True, 'active_frontier_distance': True, 'oracle_normalized_return': True, 'response_signature_accuracy': True, 'belief_calibration': True, 'partner_response_prediction_loss': False}"
active_only,pace_aux,2009,binary-role-allocation--active_only--identity,greedy,exact_neural_policy_tree,87.0,5.0,8.0,8.0,0.0,13.0,0.6,1.0,1.0,0.27807190511263774,0.27807190511263774,0.0,1.0,0.8,0.3328945899894328,0.07970575541257852,,{'1': 1.0},"{'policy_dri': True, 'active_frontier_distance': True, 'oracle_normalized_return': True, 'response_signature_accuracy': True, 'belief_calibration': True, 'partner_response_prediction_loss': False}"
active_only,pace_aux,2009,binary-role-allocation--active_only--identity,stochastic,exact_neural_policy_tree,85.69254884643725,4.169958244940726,10.13749290862203,9.992101521803821,0.14539138681820774,14.307451153562756,0.5003949239098089,0.8339916489881452,0.9338357302031286,0.23190964668216363,0.23190964668216363,1.2592899639729538e-08,0.8132212637767496,0.7501975274379826,0.363958248431577,0.061845116389735985,,"{'0': 0.11753644794225693, '1': 0.8310915048785137, '2': 0.05137211266230743}","{'policy_dri': True, 'active_frontier_distance': True, 'oracle_normalized_return': True, 'response_signature_accuracy': True, 'belief_calibration': True, 'partner_response_prediction_loss': False}"
active_only,pace_aux,2010,binary-role-allocation--active_only--identity,greedy,exact_neural_policy_tree,87.0,5.0,8.0,8.0,0.0,13.0,0.6,1.0,1.0,0.27807190511263774,0.27807190511263774,0.0,1.0,0.8,0.3394083319742882,0.09768858850002293,,{'1': 1.0},"{'policy_dri': True, 'active_frontier_distance': True, 'oracle_normalized_return': True, 'response_signature_accuracy': True, 'belief_calibration': True, 'partner_response_prediction_loss': False}"
active_only,pace_aux,2010,binary-role-allocation--active_only--identity,stochastic,exact_neural_policy_tree,83.96699496091193,3.079971213286056,12.953033825802002,12.60806989387425,0.34496393192775265,16.03300503908806,0.3695965053062875,0.6159942426572113,0.8873177464768274,0.1712906925941072,0.1712906925941072,7.74769984920235e-09,0.5667135658445618,0.684798292941183,0.4072956993408481,0.05326277074690944,,"{'0': 0.270393043756485, '1': 0.5718962465862811, '2': 0.15771074994527323}","{'policy_dri': True, 'active_frontier_distance': True, 'oracle_normalized_return': True, 'response_signature_accuracy': True, 'belief_calibration': True, 'partner_response_prediction_loss': False}"
active_only,pace_style,2001,binary-role-allocation--active_only--identity,greedy,exact_neural_policy_tree,80.0,0.0,20.0,20.0,0.0,20.0,0.0,0.0,2.0,0.0,0.0,0.0,0.0,0.5,0.5002909662696113,0.011834712699055672,,{'2': 1.0},"{'policy_dri': True, 'active_frontier_distance': True, 'oracle_normalized_return': True, 'response_signature_accuracy': True, 'belief_calibration': True, 'partner_response_prediction_loss': False}"
active_only,pace_style,2001,binary-role-allocation--active_only--identity,stochastic,exact_neural_policy_tree,79.86829846538558,0.15408796813726072,19.977613566477157,19.63018912750395,0.3474244389732064,20.131701534614418,0.018490543624802493,0.030817593627452143,1.7700423523453097,0.008569506970972699,0.008569506970972699,2.413782458365449e-09,-0.018814504944917383,0.5010966120279582,0.5001710655272935,0.010157192355846445,,"{'0': 0.0632520504295826, '1': 0.10345357189886263, '2': 0.8332943902232235}","{'policy_dri': True, 'active_frontier_distance': True, 'oracle_normalized_return': True, 'response_signature_accuracy': True, 'belief_calibration': True, 'partner_response_prediction_loss': False}"
active_only,pace_style,2002,binary-role-allocation--active_only--identity,greedy,exact_neural_policy_tree,80.0,0.0,20.0,20.0,0.0,20.0,0.0,0.0,2.0,0.0,0.0,0.0,0.0,0.5,0.500913871050105,0.018776491284370422,,{'2': 1.0},"{'policy_dri': True, 'active_frontier_distance': True, 'oracle_normalized_return': True, 'response_signature_accuracy': True, 'belief_calibration': True, 'partner_response_prediction_loss': False}"
active_only,pace_style,2002,binary-role-allocation--active_only--identity,stochastic,exact_neural_policy_tree,79.8984868397593,0.13039086208813344,19.971122298152572,19.687063499962818,0.2840587981897542,20.101513160240707,0.0156468250018591,0.02607817241762669,1.7742630793550587,0.007251607086025292,0.007251607086025292,1.5086291709065716e-08,-0.014501880034385652,0.5043874117757947,0.5004926206825602,0.01267115585114631,,"{'0': 0.060516806319355965, '1': 0.10470346490366411, '2': 0.8347798072256971}","{'policy_dri': True, 'active_frontier_distance': True, 'oracle_normalized_return': True, 'response_signature_accuracy': True, 'belief_calibration': True, 'partner_response_prediction_loss': False}"
active_only,pace_style,2003,binary-role-allocation--active_only--identity,greedy,exact_neural_policy_tree,80.0,0.0,20.0,20.0,0.0,20.0,0.0,0.0,2.0,0.0,0.0,0.0,0.0,0.5,0.5015389135864494,0.024989888072013855,,{'2': 1.0},"{'policy_dri': True, 'active_frontier_distance': True, 'oracle_normalized_return': True, 'response_signature_accuracy': True, 'belief_calibration': True, 'partner_response_prediction_loss': False}"
active_only,pace_style,2003,binary-role-allocation--active_only--identity,stochastic,exact_neural_policy_tree,79.90212202173356,0.12432055655179317,19.97355742171464,19.701629158964746,0.27192826274989557,20.097877978266435,0.014918542051762707,0.024864111310358632,1.7936341407710539,0.006914010801004102,0.006914010801004102,1.4474143755344597e-08,-0.013982568323776994,0.4999999619971529,0.5015371054415583,0.026304395194857777,,"{'0': 0.05730007216334343, '1': 0.0917655643711644, '2': 0.8509342881999448}","{'policy_dri': True, 'active_frontier_distance': True, 'oracle_normalized_return': True, 'response_signature_accuracy': True, 'belief_calibration': True, 'partner_response_prediction_loss': False}"
active_only,pace_style,2004,binary-role-allocation--active_only--identity,greedy,exact_neural_policy_tree,80.0,0.0,20.0,20.0,0.0,20.0,0.0,0.0,2.0,0.0,0.0,0.0,0.0,0.5,0.5014998226187778,0.019542967900633812,,{'2': 1.0},"{'policy_dri': True, 'active_frontier_distance': True, 'oracle_normalized_return': True, 'response_signature_accuracy': True, 'belief_calibration': True, 'partner_response_prediction_loss': False}"
active_only,pace_style,2004,binary-role-allocation--active_only--identity,stochastic,exact_neural_policy_tree,79.8402621319508,0.2997638754187513,19.859973992630458,19.280567358224914,0.5794066344055437,20.15973786804921,0.03597163208875429,0.059952775083750263,1.7765656544851802,0.016671182384327913,0.016671182384327913,6.338749209817013e-09,-0.022819695435600806,0.5079462419745534,0.5001158898884207,0.011224321977699736,,"{'0': 0.06950680166482925, '1': 0.08442080810815343, '2': 0.8460724231885133}","{'policy_dri': True, 'active_frontier_distance': True, 'oracle_normalized_return': True, 'response_signature_accuracy': True, 'belief_calibration': True, 'partner_response_prediction_loss': False}"
active_only,pace_style,2005,binary-role-allocation--active_only--identity,greedy,exact_neural_policy_tree,80.0,0.0,20.0,20.0,0.0,20.0,0.0,0.0,2.0,0.0,0.0,0.0,0.0,0.5,0.5007189999621123,0.015684165060520172,,{'2': 1.0},"{'policy_dri': True, 'active_frontier_distance': True, 'oracle_normalized_return': True, 'response_signature_accuracy': True, 'belief_calibration': True, 'partner_response_prediction_loss': False}"
active_only,pace_style,2005,binary-role-allocation--active_only--identity,stochastic,exact_neural_policy_tree,79.85453100951865,0.18012204708572918,19.965346943395616,19.567708849017155,0.3976380943784612,20.145468990481344,0.021614557549142255,0.03602440941714584,1.7790954741195375,0.01001737615718339,0.01001737615718339,1.694252794016223e-08,-0.020781284354478253,0.5059598790001963,0.5002612185823876,0.009074528699709039,,"{'0': 0.06403548642992973, '1': 0.0928337292228931, '2': 0.8431308724483222}","{'policy_dri': True, 'active_frontier_distance': True, 'oracle_normalized_return': True, 'response_signature_accuracy': True, 'belief_calibration': True, 'partner_response_prediction_loss': False}"
active_only,pace_style,2006,binary-role-allocation--active_only--identity,greedy,exact_neural_policy_tree,80.0,0.0,20.0,20.0,0.0,20.0,0.0,0.0,2.0,0.0,0.0,0.0,0.0,0.5,0.5014064784970715,0.020871708169579506,,{'2': 1.0},"{'policy_dri': True, 'active_frontier_distance': True, 'oracle_normalized_return': True, 'response_signature_accuracy': True, 'belief_calibration': True, 'partner_response_prediction_loss': False}"
active_only,pace_style,2006,binary-role-allocation--active_only--identity,stochastic,exact_neural_policy_tree,79.86878216550835,0.22741275428063945,19.90380508021102,19.45421104738142,0.449594032829598,20.131217834491657,0.027289447630928977,0.045482550856127894,1.8014459375613547,0.012647419565945912,0.012647419565945912,1.5938989952143295e-08,-0.018745404927378622,0.5073989937214987,0.5008846333814002,0.013004905876684458,,"{'0': 0.05790024250745773, '1': 0.08275374318922521, '2': 0.8593460971860649}","{'policy_dri': True, 'active_frontier_distance': True, 'oracle_normalized_return': True, 'response_signature_accuracy': True, 'belief_calibration': True, 'partner_response_prediction_loss': False}"
active_only,pace_style,2007,binary-role-allocation--active_only--identity,greedy,exact_neural_policy_tree,80.0,0.0,20.0,20.0,0.0,20.0,0.0,0.0,2.0,0.0,0.0,0.0,0.0,0.5,0.5025691223727788,0.028767336159944534,,{'2': 1.0},"{'policy_dri': True, 'active_frontier_distance': True, 'oracle_normalized_return': True, 'response_signature_accuracy': True, 'belief_calibration': True, 'partner_response_prediction_loss': False}"
active_only,pace_style,2007,binary-role-allocation--active_only--identity,stochastic,exact_neural_policy_tree,79.87001825357166,0.21236868440088363,19.917613062027463,19.49031742629318,0.4272956357342821,20.129981746428346,0.025484128685340935,0.04247373688017672,1.7316091461399503,0.011810752931523638,0.011810752931523638,2.1815916367744322e-08,-0.018568820918334592,0.5054792158590445,0.501456610290346,0.020797737380716885,,"{'0': 0.07441389746963978, '1': 0.11956328580630017, '2': 0.8060229301668252}","{'policy_dri': True, 'active_frontier_distance': True, 'oracle_normalized_return': True, 'response_signature_accuracy': True, 'belief_calibration': True, 'partner_response_prediction_loss': False}"
active_only,pace_style,2008,binary-role-allocation--active_only--identity,greedy,exact_neural_policy_tree,80.0,0.0,20.0,20.0,0.0,20.0,0.0,0.0,2.0,0.0,0.0,0.0,0.0,0.5,0.5005036342969074,0.015022799372673035,,{'2': 1.0},"{'policy_dri': True, 'active_frontier_distance': True, 'oracle_normalized_return': True, 'response_signature_accuracy': True, 'belief_calibration': True, 'partner_response_prediction_loss': False}"
active_only,pace_style,2008,binary-role-allocation--active_only--identity,stochastic,exact_neural_policy_tree,79.86013055142885,0.15138435060581806,19.988485097965334,19.636677504600772,0.3518075933645619,20.13986944857115,0.018166124769961378,0.03027687012116361,1.811314177487732,0.008419146955439865,0.008419146955439865,5.187044546554998e-10,-0.019981349795878196,0.49999999846726206,0.5005214966951014,0.015465604446843473,,"{'0': 0.054451918229460716, '1': 0.07978198065882014, '2': 0.865766098414456}","{'policy_dri': True, 'active_frontier_distance': True, 'oracle_normalized_return': True, 'response_signature_accuracy': True, 'belief_calibration': True, 'partner_response_prediction_loss': False}"
active_only,pace_style,2009,binary-role-allocation--active_only--identity,greedy,exact_neural_policy_tree,80.0,0.0,20.0,20.0,0.0,20.0,0.0,0.0,2.0,0.0,0.0,0.0,0.0,0.5,0.5018560191320969,0.030340630561113358,,{'2': 1.0},"{'policy_dri': True, 'active_frontier_distance': True, 'oracle_normalized_return': True, 'response_signature_accuracy': True, 'belief_calibration': True, 'partner_response_prediction_loss': False}"
active_only,pace_style,2009,binary-role-allocation--active_only--identity,stochastic,exact_neural_policy_tree,79.88461699092737,0.11989419627688344,19.995488812795745,19.712253457360173,0.283235355435572,20.11538300907263,0.014387327131991335,0.023978839255376687,1.8280357340951303,0.006667841514132299,0.006667841514132299,4.534377938963727e-09,-0.016483287010375745,0.4999999880833247,0.5018014560605171,0.030265240252677683,,"{'0': 0.051216842606663704, '1': 0.06953053353401144, '2': 0.8792526002805596}","{'policy_dri': True, 'active_frontier_distance': True, 'oracle_normalized_return': True, 'response_signature_accuracy': True, 'belief_calibration': True, 'partner_response_prediction_loss': False}"
active_only,pace_style,2010,binary-role-allocation--active_only--identity,greedy,exact_neural_policy_tree,80.0,0.0,20.0,20.0,0.0,20.0,0.0,0.0,2.0,0.0,0.0,0.0,0.0,0.5,0.501457686079894,0.02235116809606552,,{'2': 1.0},"{'policy_dri': True, 'active_frontier_distance': True, 'oracle_normalized_return': True, 'response_signature_accuracy': True, 'belief_calibration': True, 'partner_response_prediction_loss': False}"
active_only,pace_style,2010,binary-role-allocation--active_only--identity,stochastic,exact_neural_policy_tree,79.89074353809991,0.1527856738610774,19.95647078803901,19.633315721916016,0.32315506612299316,20.109256461900088,0.018334213904199183,0.03055713477221548,1.813934306056546,0.008497080680893583,0.008497080680893583,1.2876755788385208e-08,-0.015608065985726885,0.5049594723296039,0.5007964647239239,0.016684464630413065,,"{'0': 0.052817946299910545, '1': 0.08042993526189343, '2': 0.8667521853973261}","{'policy_dri': True, 'active_frontier_distance': True, 'oracle_normalized_return': True, 'response_signature_accuracy': True, 'belief_calibration': True, 'partner_response_prediction_loss': False}"
active_only,talents_style,2001,binary-role-allocation--active_only--identity,greedy,exact_neural_policy_tree,87.0,5.0,8.0,8.0,0.0,13.0,0.6,1.0,1.0,0.27807190511263774,0.27807190511263774,0.0,1.0,0.5,0.49387342744463797,0.015397727489471436,0.0009935905400197953,{'1': 1.0},"{'policy_dri': True, 'active_frontier_distance': True, 'oracle_normalized_return': True, 'response_signature_accuracy': True, 'belief_calibration': True, 'partner_response_prediction_loss': True}"
active_only,talents_style,2001,binary-role-allocation--active_only--identity,stochastic,exact_neural_policy_tree,82.97077101139189,2.3394769133848343,14.68975207522328,14.385256195703393,0.3044958795198873,17.029228988608114,0.28073719021483035,0.46789538267696684,0.7520010157119675,0.13010856045439081,0.13010856045439081,7.57525957346854e-09,0.4243958587702699,0.5000000185056623,0.4972897615389642,0.01508735108265924,0.001148484577117294,"{'0': 0.27081548050045967, '1': 0.7063681020698127, '2': 0.02281645682107739}","{'policy_dri': True, 'active_frontier_distance': True, 'oracle_normalized_return': True, 'response_signature_accuracy': True, 'belief_calibration': True, 'partner_response_prediction_loss': True}"
active_only,talents_style,2002,binary-role-allocation--active_only--identity,greedy,exact_neural_policy_tree,87.0,5.0,8.0,8.0,0.0,13.0,0.6,1.0,1.0,0.27807190511263774,0.27807190511263774,0.0,1.0,0.5,0.5393013054262839,0.12891623377799988,0.0003414694729144685,{'1': 1.0},"{'policy_dri': True, 'active_frontier_distance': True, 'oracle_normalized_return': True, 'response_signature_accuracy': True, 'belief_calibration': True, 'partner_response_prediction_loss': True}"
active_only,talents_style,2002,binary-role-allocation--active_only--identity,stochastic,exact_neural_policy_tree,86.15999457134532,4.5467581389003335,9.293247289754351,9.087780463082705,0.20546682667164617,13.840005428654685,0.5456109768458648,0.9093516277800667,0.9432465692145905,0.2528651395540814,0.2528651395540814,3.4197053308778006e-11,0.8799992244779032,0.4999999886111707,0.5374961269168145,0.12502397188944642,0.0005284097985913835,"{'0': 0.069540792144835, '1': 0.9176718461400901, '2': 0.012787361537250146}","{'policy_dri': True, 'active_frontier_distance': True, 'oracle_normalized_return': True, 'response_signature_accuracy': True, 'belief_calibration': True, 'partner_response_prediction_loss': True}"
active_only,talents_style,2003,binary-role-allocation--active_only--identity,greedy,exact_neural_policy_tree,87.0,5.0,8.0,8.0,0.0,13.0,0.6,1.0,1.0,0.27807190511263774,0.27807190511263774,0.0,1.0,0.5,0.49463294667699964,0.028735697269439697,0.0008761557401157916,{'1': 1.0},"{'policy_dri': True, 'active_frontier_distance': True, 'oracle_normalized_return': True, 'response_signature_accuracy': True, 'belief_calibration': True, 'partner_response_prediction_loss': True}"
active_only,talents_style,2003,binary-role-allocation--active_only--identity,stochastic,exact_neural_policy_tree,84.78023899807664,3.6202260061169405,11.599534995806419,11.311459494821069,0.2880755009853502,15.21976100192336,0.43442702525894655,0.7240452012233881,0.7947945905122838,0.20133662849185058,0.20133662849185058,1.8360593502840207e-08,0.68289128543952,0.500000047097886,0.49617748725104927,0.02482902083264593,0.0011173769335696274,"{'0': 0.2236809991300106, '1': 0.7578436021778674, '2': 0.018475494167208232}","{'policy_dri': True, 'active_frontier_distance': True, 'oracle_normalized_return': True, 'response_signature_accuracy': True, 'belief_calibration': True, 'partner_response_prediction_loss': True}"
active_only,talents_style,2004,binary-role-allocation--active_only--identity,greedy,exact_neural_policy_tree,87.0,5.0,8.0,8.0,0.0,13.0,0.6,1.0,1.0,0.27807190511263774,0.27807190511263774,0.0,1.0,0.5,0.5314458877217714,0.051621049642562866,0.0008413911564275622,{'1': 1.0},"{'policy_dri': True, 'active_frontier_distance': True, 'oracle_normalized_return': True, 'response_signature_accuracy': True, 'belief_calibration': True, 'partner_response_prediction_loss': True}"
active_only,talents_style,2004,binary-role-allocation--active_only--identity,stochastic,exact_neural_policy_tree,84.41388241726929,3.3951646553700128,12.190952927360694,11.851603810931547,0.33934911642914756,15.586117582730708,0.40741980945342265,0.6790329310740025,0.8007695812069325,0.18881998077796622,0.18881998077796622,9.770965622072444e-09,0.6305546310384703,0.49999997628039206,0.5215578004093068,0.041819616877607046,0.0010238148151870282,"{'0': 0.21714899688959122, '1': 0.7649323233958427, '2': 0.01791862890554487}","{'policy_dri': True, 'active_frontier_distance': True, 'oracle_normalized_return': True, 'response_signature_accuracy': True, 'belief_calibration': True, 'partner_response_prediction_loss': True}"
active_only,talents_style,2005,binary-role-allocation--active_only--identity,greedy,exact_neural_policy_tree,87.0,5.0,8.0,8.0,0.0,13.0,0.6,1.0,1.0,0.27807190511263774,0.27807190511263774,0.0,1.0,0.5,0.48881429921586145,0.03999984264373779,0.0007688963378313929,{'1': 1.0},"{'policy_dri': True, 'active_frontier_distance': True, 'oracle_normalized_return': True, 'response_signature_accuracy': True, 'belief_calibration': True, 'partner_response_prediction_loss': True}"
active_only,talents_style,2005,binary-role-allocation--active_only--identity,stochastic,exact_neural_policy_tree,84.42600746305288,3.438211561409691,12.135780975537422,11.748293714246822,0.38748726129059996,15.573992536947113,0.4125853142876589,0.6876423122819382,0.849351860483074,0.19121400781229786,0.19121400781229786,1.4054135398191045e-08,0.6322867804361262,0.5000000343374729,0.49311109493882155,0.03868296746255728,0.0009878033731902838,"{'0': 0.17406293004751205, '1': 0.8025224255849097, '2': 0.023414717449082093}","{'policy_dri': True, 'active_frontier_distance': True, 'oracle_normalized_return': True, 'response_signature_accuracy': True, 'belief_calibration': True, 'partner_response_prediction_loss': True}"
active_only,talents_style,2006,binary-role-allocation--active_only--identity,greedy,exact_neural_policy_tree,87.0,5.0,8.0,8.0,0.0,13.0,0.6,1.0,1.0,0.27807190511263774,0.27807190511263774,0.0,1.0,0.5,0.5130389664718287,0.0416242778301239,0.0007698263216298074,{'1': 1.0},"{'policy_dri': True, 'active_frontier_distance': True, 'oracle_normalized_return': True, 'response_signature_accuracy': True, 'belief_calibration': True, 'partner_response_prediction_loss': True}"
active_only,talents_style,2006,binary-role-allocation--active_only--identity,stochastic,exact_neural_policy_tree,83.4261814352619,2.636036434998306,13.937782129739793,13.67351274696308,0.2642693827767122,16.573818564738097,0.316324362651846,0.5272072869996612,0.6089386551370966,0.14660153468526096,0.14660153468526096,1.836144381838468e-09,0.4894544907516994,0.49999999992181676,0.5075390193926403,0.03319994469667886,0.0008569226615977423,"{'0': 0.403653085231781, '1': 0.5837551934952431, '2': 0.012591730820926728}","{'policy_dri': True, 'active_frontier_distance': True, 'oracle_normalized_return': True, 'response_signature_accuracy': True, 'belief_calibration': True, 'partner_response_prediction_loss': True}"
active_only,talents_style,2007,binary-role-allocation--active_only--identity,greedy,exact_neural_policy_tree,87.0,5.0,8.0,8.0,0.0,13.0,0.6,1.0,1.0,0.27807190511263774,0.27807190511263774,0.0,1.0,0.8,0.4823755630279756,0.2848835170269013,0.0004263671871740371,{'1': 1.0},"{'policy_dri': True, 'active_frontier_distance': True, 'oracle_normalized_return': True, 'response_signature_accuracy': True, 'belief_calibration': True, 'partner_response_prediction_loss': True}"
active_only,talents_style,2007,binary-role-allocation--active_only--identity,stochastic,exact_neural_policy_tree,85.13634556862348,3.9126824767820807,10.95097195459444,10.60956271768655,0.3414092369078894,14.86365443137652,0.4695218641156725,0.7825364953564161,0.877454127557215,0.21760141408392536,0.21760141408392536,6.3650340809983366e-09,0.7337636526604976,0.7347609651560134,0.48577737856691644,0.21936260726077672,0.0005909075113662353,"{'0': 0.1455587726086378, '1': 0.8314283934218638, '2': 0.023012867067675614}","{'policy_dri': True, 'active_frontier_distance': True, 'oracle_normalized_return': True, 'response_signature_accuracy': True, 'belief_calibration': True, 'partner_response_prediction_loss': True}"
active_only,talents_style,2008,binary-role-allocation--active_only--identity,greedy,exact_neural_policy_tree,87.0,5.0,8.0,8.0,0.0,13.0,0.6,1.0,1.0,0.27807190511263774,0.27807190511263774,0.0,1.0,0.5,0.4997758904666958,0.03531894087791443,0.001078751462046057,{'1': 1.0},"{'policy_dri': True, 'active_frontier_distance': True, 'oracle_normalized_return': True, 'response_signature_accuracy': True, 'belief_calibration': True, 'partner_response_prediction_loss': True}"
active_only,talents_style,2008,binary-role-allocation--active_only--identity,stochastic,exact_neural_policy_tree,83.89459889560639,2.991630306239863,13.113770798153743,12.820088818899098,0.2936819792546448,16.105401104393607,0.3589955590550451,0.5983260612479725,0.7208134794196943,0.16637766772976437,0.16637766772976437,1.4941103563772028e-08,0.5563712708009133,0.500000032388369,0.5003399579610973,0.029606017565073972,0.0011525260698276852,"{'0': 0.2962416596710682, '1': 0.6867033566256462, '2': 0.017055061397024042}","{'policy_dri': True, 'active_frontier_distance': True, 'oracle_normalized_return': True, 'response_signature_accuracy': True, 'belief_calibration': True, 'partner_response_prediction_loss': True}"
active_only,talents_style,2009,binary-role-allocation--active_only--identity,greedy,exact_neural_policy_tree,87.0,5.0,8.0,8.0,0.0,13.0,0.6,1.0,1.0,0.27807190511263774,0.27807190511263774,0.0,1.0,0.5,0.5032656962522599,0.02263203263282776,0.0010118942009285092,{'1': 1.0},"{'policy_dri': True, 'active_frontier_distance': True, 'oracle_normalized_return': True, 'response_signature_accuracy': True, 'belief_calibration': True, 'partner_response_prediction_loss': True}"
active_only,talents_style,2009,binary-role-allocation--active_only--identity,stochastic,exact_neural_policy_tree,82.13611927548106,1.7995755295287392,16.064305194990194,15.681020126794362,0.38328506819583197,17.863880724518932,0.21594899366028192,0.3599151059057478,0.59978400198123,0.10008227917802806,0.10008227917802806,1.34390705401717e-08,0.3051598964972949,0.5000000297178412,0.5011287307864553,0.017583000917046787,0.0012030468530531246,"{'0': 0.43458814918994904, '1': 0.5310398394052055, '2': 0.034372081288012245}","{'policy_dri': True, 'active_frontier_distance': True, 'oracle_normalized_return': True, 'response_signature_accuracy': True, 'belief_calibration': True, 'partner_response_prediction_loss': True}"
active_only,talents_style,2010,binary-role-allocation--active_only--identity,greedy,exact_neural_policy_tree,87.0,5.0,8.0,8.0,0.0,13.0,0.6,1.0,1.0,0.27807190511263774,0.27807190511263774,0.0,1.0,0.5,0.5077936363378485,0.04332798719406128,0.0007871734851505607,{'1': 1.0},"{'policy_dri': True, 'active_frontier_distance': True, 'oracle_normalized_return': True, 'response_signature_accuracy': True, 'belief_calibration': True, 'partner_response_prediction_loss': True}"
active_only,talents_style,2010,binary-role-allocation--active_only--identity,stochastic,exact_neural_policy_tree,84.88584168114227,3.7044260797588167,11.409732239098911,11.109378836883039,0.3003534022158725,15.114158318857728,0.44453105815584804,0.7408852159517633,0.8681332269072055,0.2060193634694948,0.2060193634694948,1.3733694216055115e-08,0.6979773830203239,0.5000000390773076,0.5063923516616269,0.04101477505350548,0.0013131597440731336,"{'0': 0.15244696289300919, '1': 0.8269729901371956, '2': 0.020580118385004932}","{'policy_dri': True, 'active_frontier_distance': True, 'oracle_normalized_return': True, 'response_signature_accuracy': True, 'belief_calibration': True, 'partner_response_prediction_loss': True}"
active_only,tom_selector_style,2001,binary-role-allocation--active_only--identity,greedy,exact_neural_policy_tree,80.0,0.0,20.0,20.0,0.0,20.0,0.0,0.0,0.0,0.0,0.0,0.0,0.0,0.5,0.5002582084325589,0.011362433433532715,,{'0': 1.0},"{'policy_dri': True, 'active_frontier_distance': True, 'oracle_normalized_return': True, 'response_signature_accuracy': True, 'belief_calibration': True, 'partner_response_prediction_loss': False}"
active_only,tom_selector_style,2001,binary-role-allocation--active_only--identity,stochastic,exact_neural_policy_tree,79.95305999810542,0.07136973002269202,19.97557027187189,19.8287125710629,0.1468577008089902,20.046940001894583,0.008564371446854934,0.014273946004538404,0.150494630645234,0.0039691833589569165,0.0039691833589569165,7.392561370081058e-10,-0.006705714556369051,0.4999999981790266,0.5002321829932093,0.010052714530551954,0.006520699764470526,"{'0': 0.8810653388500214, '1': 0.08737468396645942, '2': 0.03155997333938729}","{'policy_dri': True, 'active_frontier_distance': True, 'oracle_normalized_return': True, 'response_signature_accuracy': True, 'belief_calibration': True, 'partner_response_prediction_loss': True}"
active_only,tom_selector_style,2002,binary-role-allocation--active_only--identity,greedy,exact_neural_policy_tree,80.0,0.0,20.0,20.0,0.0,20.0,0.0,0.0,0.0,0.0,0.0,0.0,0.0,0.5,0.5000000114919496,7.581710815429688e-05,,{'0': 1.0},"{'policy_dri': True, 'active_frontier_distance': True, 'oracle_normalized_return': True, 'response_signature_accuracy': True, 'belief_calibration': True, 'partner_response_prediction_loss': False}"
active_only,tom_selector_style,2002,binary-role-allocation--active_only--identity,stochastic,exact_neural_policy_tree,79.89968813071653,0.09930690858694567,20.001004960696527,19.76166245772436,0.23934250297216764,20.100311869283473,0.011916877113782042,0.019861381717389135,0.32753939254856357,0.0055228922523237085,0.0055228922523237085,9.24679780314741e-09,-0.014330267040496178,0.4999999758656125,0.500002741474287,0.00017323214242032092,0.006143079035930711,"{'0': 0.7417284846305847, '1': 0.18900354202356992, '2': 0.06926792526249678}","{'policy_dri': True, 'active_frontier_distance': True, 'oracle_normalized_return': True, 'response_signature_accuracy': True, 'belief_calibration': True, 'partner_response_prediction_loss': True}"
active_only,tom_selector_style,2003,binary-role-allocation--active_only--identity,greedy,exact_neural_policy_tree,80.0,0.0,20.0,20.0,0.0,20.0,0.0,0.0,0.0,0.0,0.0,0.0,0.0,0.5,0.5000082103714236,0.0020261406898498535,,{'0': 1.0},"{'policy_dri': True, 'active_frontier_distance': True, 'oracle_normalized_return': True, 'response_signature_accuracy': True, 'belief_calibration': True, 'partner_response_prediction_loss': False}"
active_only,tom_selector_style,2003,binary-role-allocation--active_only--identity,stochastic,exact_neural_policy_tree,79.91818906005952,0.08488905330337165,19.99692188663711,19.7962653005378,0.20065658609930992,20.081810939940482,0.010186734973109957,0.01697781066067433,0.2376532268003853,0.00472105215505536,0.00472105215505536,9.34167411614997e-09,-0.011687277134354548,0.49546853799943025,0.5000394665355669,0.006326121904676574,0.00483473536463366,"{'0': 0.7988002598285675, '1': 0.16474615638906898, '2': 0.036453535205658166}","{'policy_dri': True, 'active_frontier_distance': True, 'oracle_normalized_return': True, 'response_signature_accuracy': True, 'belief_calibration': True, 'partner_response_prediction_loss': True}"
active_only,tom_selector_style,2004,binary-role-allocation--active_only--identity,greedy,exact_neural_policy_tree,80.0,0.0,20.0,20.0,0.0,20.0,0.0,0.0,0.0,0.0,0.0,0.0,0.0,0.5,0.5000004311864643,0.00046432018280029297,,{'0': 1.0},"{'policy_dri': True, 'active_frontier_distance': True, 'oracle_normalized_return': True, 'response_signature_accuracy': True, 'belief_calibration': True, 'partner_response_prediction_loss': False}"
active_only,tom_selector_style,2004,binary-role-allocation--active_only--identity,stochastic,exact_neural_policy_tree,79.9400528176846,0.08248466070012862,19.977462521615262,19.802036872595536,0.17542564901972568,20.05994718231539,0.009898156370223177,0.016496932140025726,0.25503740977223205,0.004587333348690856,0.004587333348690856,5.603446578267282e-10,-0.008563883187913948,0.5000000014763448,0.5000178661038227,0.0006826686451462116,0.0048588528857282836,"{'0': 0.7982914447784424, '1': 0.14837970649846793, '2': 0.05332885163688204}","{'policy_dri': True, 'active_frontier_distance': True, 'oracle_normalized_return': True, 'response_signature_accuracy': True, 'belief_calibration': True, 'partner_response_prediction_loss': True}"
active_only,tom_selector_style,2005,binary-role-allocation--active_only--identity,greedy,exact_neural_policy_tree,80.0,0.0,20.0,20.0,0.0,20.0,0.0,0.0,0.0,0.0,0.0,0.0,0.0,0.5,0.5010375364913955,0.022776484489440918,,{'0': 1.0},"{'policy_dri': True, 'active_frontier_distance': True, 'oracle_normalized_return': True, 'response_signature_accuracy': True, 'belief_calibration': True, 'partner_response_prediction_loss': False}"
active_only,tom_selector_style,2005,binary-role-allocation--active_only--identity,stochastic,exact_neural_policy_tree,79.91396272258153,0.07405370723455629,20.01198357018391,19.822272682282296,0.18971088790161517,20.086037277418466,0.008886365885885183,0.014810741446911257,0.16778800951959,0.004118451090273318,0.004118451090273318,1.518889645314447e-08,-0.012291039631209952,0.49661489354622873,0.5009042536451879,0.023141290215802857,0.005460508486156052,"{'0': 0.8645156025886536, '1': 0.10318094326762606, '2': 0.03230353312598197}","{'policy_dri': True, 'active_frontier_distance': True, 'oracle_normalized_return': True, 'response_signature_accuracy': True, 'belief_calibration': True, 'partner_response_prediction_loss': True}"
active_only,tom_selector_style,2006,binary-role-allocation--active_only--identity,greedy,exact_neural_policy_tree,80.0,0.0,20.0,20.0,0.0,20.0,0.0,0.0,0.0,0.0,0.0,0.0,0.0,0.5,0.5001811749086871,0.00951772928237915,,{'0': 1.0},"{'policy_dri': True, 'active_frontier_distance': True, 'oracle_normalized_return': True, 'response_signature_accuracy': True, 'belief_calibration': True, 'partner_response_prediction_loss': False}"
active_only,tom_selector_style,2006,binary-role-allocation--active_only--identity,stochastic,exact_neural_policy_tree,79.91368413515198,0.09647209586575613,19.98984376898226,19.76846599635504,0.22137777262722125,20.086315864848018,0.01157670018224799,0.019294419173151226,0.25395333146098675,0.005365235897519966,0.005365235897519966,9.361222544597532e-09,-0.012330837835431143,0.4956083947132569,0.5001502938865005,0.012051692849684381,0.006319678325228348,"{'0': 0.7981852889060974, '1': 0.149675993370104, '2': 0.052138669045441365}","{'policy_dri': True, 'active_frontier_distance': True, 'oracle_normalized_return': True, 'response_signature_accuracy': True, 'belief_calibration': True, 'partner_response_prediction_loss': True}"
active_only,tom_selector_style,2007,binary-role-allocation--active_only--identity,greedy,exact_neural_policy_tree,80.0,0.0,20.0,20.0,0.0,20.0,0.0,0.0,0.0,0.0,0.0,0.0,0.0,0.5,0.500070875684437,0.005952954292297363,,{'0': 1.0},"{'policy_dri': True, 'active_frontier_distance': True, 'oracle_normalized_return': True, 'response_signature_accuracy': True, 'belief_calibration': True, 'partner_response_prediction_loss': False}"
active_only,tom_selector_style,2007,binary-role-allocation--active_only--identity,stochastic,exact_neural_policy_tree,79.89426543507322,0.09615538018421321,20.009579184742563,19.769226766552855,0.24035241818970832,20.105734564926777,0.011538661672357264,0.019231076036842643,0.2654456077023138,0.005347621950930828,0.005347621950930828,3.086586855629698e-09,-0.015104937846682478,0.49999999213399254,0.5000631592113108,0.004765603664058704,0.005402072965150999,"{'0': 0.7848830819129944, '1': 0.16478819637119418, '2': 0.05032870566555982}","{'policy_dri': True, 'active_frontier_distance': True, 'oracle_normalized_return': True, 'response_signature_accuracy': True, 'belief_calibration': True, 'partner_response_prediction_loss': True}"
active_only,tom_selector_style,2008,binary-role-allocation--active_only--identity,greedy,exact_neural_policy_tree,80.0,0.0,20.0,20.0,0.0,20.0,0.0,0.0,0.0,0.0,0.0,0.0,0.0,0.5,0.504679527866049,0.048371076583862305,,{'0': 1.0},"{'policy_dri': True, 'active_frontier_distance': True, 'oracle_normalized_return': True, 'response_signature_accuracy': True, 'belief_calibration': True, 'partner_response_prediction_loss': False}"
active_only,tom_selector_style,2008,binary-role-allocation--active_only--identity,stochastic,exact_neural_policy_tree,79.92033921414492,0.09651031988828412,19.983150465966798,19.768373933181685,0.21477653278511255,20.079660785855083,0.011581303340915738,0.01930206397765683,0.3337245877908084,0.005367361702873052,0.005367361702873052,1.249121570548675e-08,-0.011380112265011835,0.4958634391826999,0.5034258726088859,0.03951704572497383,0.0058593931749016115,"{'0': 0.7292336821556091, '1': 0.2078079179893303, '2': 0.06295833490073904}","{'policy_dri': True, 'active_frontier_distance': True, 'oracle_normalized_return': True, 'response_signature_accuracy': True, 'belief_calibration': True, 'partner_response_prediction_loss': True}"
active_only,tom_selector_style,2009,binary-role-allocation--active_only--identity,greedy,exact_neural_policy_tree,80.0,0.0,20.0,20.0,0.0,20.0,0.0,0.0,0.0,0.0,0.0,0.0,0.0,0.5,0.5000892881203711,0.006681621074676514,,{'0': 1.0},"{'policy_dri': True, 'active_frontier_distance': True, 'oracle_normalized_return': True, 'response_signature_accuracy': True, 'belief_calibration': True, 'partner_response_prediction_loss': False}"
active_only,tom_selector_style,2009,binary-role-allocation--active_only--identity,stochastic,exact_neural_policy_tree,79.91615958617292,0.09530351436026785,19.988536899466805,19.77127054875161,0.21726635071519595,20.083840413827073,0.011436472562419553,0.01906070287205357,0.27865774842008817,0.005300245960417863,0.005300245960417863,9.776766799185914e-09,-0.011977201975296583,0.499999974569773,0.5000730131603536,0.005321492051059307,0.006425289473320286,"{'0': 0.7844511568546295, '1': 0.15243983619227783, '2': 0.0631089561139052}","{'policy_dri': True, 'active_frontier_distance': True, 'oracle_normalized_return': True, 'response_signature_accuracy': True, 'belief_calibration': True, 'partner_response_prediction_loss': True}"
active_only,tom_selector_style,2010,binary-role-allocation--active_only--identity,greedy,exact_neural_policy_tree,80.0,0.0,20.0,20.0,0.0,20.0,0.0,0.0,0.0,0.0,0.0,0.0,0.0,0.5,0.5043028885743484,0.046383678913116455,,{'0': 1.0},"{'policy_dri': True, 'active_frontier_distance': True, 'oracle_normalized_return': True, 'response_signature_accuracy': True, 'belief_calibration': True, 'partner_response_prediction_loss': False}"
active_only,tom_selector_style,2010,binary-role-allocation--active_only--identity,stochastic,exact_neural_policy_tree,79.91242796923052,0.09621130046774956,19.991360730301732,19.769094720332166,0.22226600996956591,20.087572030769483,0.011545263983391684,0.01924226009354991,0.2210815522967563,0.0053507319228863065,0.0053507319228863065,1.7706295802418697e-08,-0.012510290109925595,0.5000000461726819,0.5035561665190336,0.038338264500976216,0.0049957498795303165,"{'0': 0.8249858319759369, '1': 0.12894696789684634, '2': 0.04606729219995498}","{'policy_dri': True, 'active_frontier_distance': True, 'oracle_normalized_return': True, 'response_signature_accuracy': True, 'belief_calibration': True, 'partner_response_prediction_loss': True}"
active_boundary,mlp_ppo,2001,binary-role-allocation--active_boundary--identity,greedy,exact_neural_policy_tree,80.0,0.0,20.0,20.0,0.0,20.0,0.0,0.0,1.0,0.0,0.0,0.0,,,,,,{'1': 1.0},"{'policy_dri': True, 'active_frontier_distance': True, 'oracle_normalized_return': False, 'response_signature_accuracy': False, 'belief_calibration': False, 'partner_response_prediction_loss': False}"
active_boundary,mlp_ppo,2001,binary-role-allocation--active_boundary--identity,stochastic,exact_neural_policy_tree,79.89485317777499,0.1199351289887687,19.985211693236234,19.880065887824962,0.10514580541127216,20.105146822225002,0.005996705608751896,0.009994594082397392,0.5971335291380024,0.0027792158173197373,0.0027792158173197373,1.7974897111844498e-08,,,,,,"{'0': 0.5468553602695465, '1': 0.30915585200427725, '2': 0.14398883856686256}","{'policy_dri': True, 'active_frontier_distance': True, 'oracle_normalized_return': False, 'response_signature_accuracy': False, 'belief_calibration': False, 'partner_response_prediction_loss': False}"
active_boundary,mlp_ppo,2002,binary-role-allocation--active_boundary--identity,greedy,exact_neural_policy_tree,80.0,0.0,20.0,20.0,0.0,20.0,0.0,0.0,0.0,0.0,0.0,0.0,,,,,,{'0': 1.0},"{'policy_dri': True, 'active_frontier_distance': True, 'oracle_normalized_return': False, 'response_signature_accuracy': False, 'belief_calibration': False, 'partner_response_prediction_loss': False}"
active_boundary,mlp_ppo,2002,binary-role-allocation--active_boundary--identity,stochastic,exact_neural_policy_tree,79.942849548125,0.06384172442253663,19.993308727452472,19.936158423365068,0.05715030408740418,20.05715045187501,0.003192078831746592,0.0053201437018780525,0.11351295883192174,0.00147938249465423,0.00147938249465423,2.6125404420948813e-09,,,,,,"{'0': 0.9050987064838409, '1': 0.07628964297915675, '2': 0.0186116579263825}","{'policy_dri': True, 'active_frontier_distance': True, 'oracle_normalized_return': False, 'response_signature_accuracy': False, 'belief_calibration': False, 'partner_response_prediction_loss': False}"
active_boundary,mlp_ppo,2003,binary-role-allocation--active_boundary--identity,greedy,exact_neural_policy_tree,80.0,0.0,20.0,20.0,0.0,20.0,0.0,0.0,0.0,0.0,0.0,0.0,,,,,,{'0': 1.0},"{'policy_dri': True, 'active_frontier_distance': True, 'oracle_normalized_return': False, 'response_signature_accuracy': False, 'belief_calibration': False, 'partner_response_prediction_loss': False}"
active_boundary,mlp_ppo,2003,binary-role-allocation--active_boundary--identity,stochastic,exact_neural_policy_tree,79.94838913933388,0.05709931419641874,19.994511546469703,19.94290096198527,0.051610584484432565,20.05161086066612,0.002854951900736502,0.004758276183034895,0.1600554319292019,0.0013231429232686029,0.0013231429232686029,4.8822486456625496e-09,,,,,,"{'0': 0.887239620089531, '1': 0.06546535550990511, '2': 0.04729503820964839}","{'policy_dri': True, 'active_frontier_distance': True, 'oracle_normalized_return': False, 'response_signature_accuracy': False, 'belief_calibration': False, 'partner_response_prediction_loss': False}"
active_boundary,mlp_ppo,2004,binary-role-allocation--active_boundary--identity,greedy,exact_neural_policy_tree,80.0,0.0,20.0,20.0,0.0,20.0,0.0,0.0,0.0,0.0,0.0,0.0,,,,,,{'0': 1.0},"{'policy_dri': True, 'active_frontier_distance': True, 'oracle_normalized_return': False, 'response_signature_accuracy': False, 'belief_calibration': False, 'partner_response_prediction_loss': False}"
active_boundary,mlp_ppo,2004,binary-role-allocation--active_boundary--identity,stochastic,exact_neural_policy_tree,79.90535494422784,0.0985698179508539,19.996075237821312,19.901428619670106,0.09464661815120579,20.094645055772165,0.004928569016494677,0.008214151495904492,0.3287112716901745,0.002284124755349984,0.002284124755349984,2.7619220333507597e-08,,,,,,"{'0': 0.7140630856156349, '1': 0.2431624008406517, '2': 0.04277443542476141}","{'policy_dri': True, 'active_frontier_distance': True, 'oracle_normalized_return': False, 'response_signature_accuracy': False, 'belief_calibration': False, 'partner_response_prediction_loss': False}"
active_boundary,mlp_ppo,2005,binary-role-allocation--active_boundary--identity,greedy,exact_neural_policy_tree,80.0,0.0,20.0,20.0,0.0,20.0,0.0,0.0,0.0,0.0,0.0,0.0,,,,,,{'0': 1.0},"{'policy_dri': True, 'active_frontier_distance': True, 'oracle_normalized_return': False, 'response_signature_accuracy': False, 'belief_calibration': False, 'partner_response_prediction_loss': False}"
active_boundary,mlp_ppo,2005,binary-role-allocation--active_boundary--identity,stochastic,exact_neural_policy_tree,79.91526520228072,0.09134016608551515,19.99339463163377,19.90865876351047,0.0847358681232997,20.084734797719285,0.004567061824476503,0.007611680507126263,0.42053285548397906,0.0021165944997253282,0.0021165944997253282,1.892224843777309e-08,,,,,,"{'0': 0.659191407263279, '1': 0.2610842229490614, '2': 0.07972431626745885}","{'policy_dri': True, 'active_frontier_distance': True, 'oracle_normalized_return': False, 'response_signature_accuracy': False, 'belief_calibration': False, 'partner_response_prediction_loss': False}"
active_boundary,mlp_ppo,2006,binary-role-allocation--active_boundary--identity,greedy,exact_neural_policy_tree,80.0,0.0,20.0,20.0,0.0,20.0,0.0,0.0,0.0,0.0,0.0,0.0,,,,,,{'0': 1.0},"{'policy_dri': True, 'active_frontier_distance': True, 'oracle_normalized_return': False, 'response_signature_accuracy': False, 'belief_calibration': False, 'partner_response_prediction_loss': False}"
active_boundary,mlp_ppo,2006,binary-role-allocation--active_boundary--identity,stochastic,exact_neural_policy_tree,79.93522069968435,0.08324094054874949,19.9815383597669,19.916758601950157,0.06477975781674417,20.06477930031565,0.00416206990249215,0.006936745045729124,0.2448536946538629,0.0019289139101465488,0.0019289139101465488,8.08755314775401e-09,,,,,,"{'0': 0.7880647629499435, '1': 0.17901673369614093, '2': 0.03291848047886097}","{'policy_dri': True, 'active_frontier_distance': True, 'oracle_normalized_return': False, 'response_signature_accuracy': False, 'belief_calibration': False, 'partner_response_prediction_loss': False}"
active_boundary,mlp_ppo,2007,binary-role-allocation--active_boundary--identity,greedy,exact_neural_policy_tree,80.0,0.0,20.0,20.0,0.0,20.0,0.0,0.0,1.0,0.0,0.0,0.0,,,,,,{'1': 1.0},"{'policy_dri': True, 'active_frontier_distance': True, 'oracle_normalized_return': False, 'response_signature_accuracy': False, 'belief_calibration': False, 'partner_response_prediction_loss': False}"
active_boundary,mlp_ppo,2007,binary-role-allocation--active_boundary--identity,stochastic,exact_neural_policy_tree,79.91218858502086,0.09189369617085737,19.99591771880828,19.90810799100968,0.08780972779860008,20.087811414979136,0.004594600449516051,0.007657808014238114,0.5645842423797033,0.002129421263506017,0.002129421263506017,2.98254199604382e-08,,,,,,"{'0': 0.5600058436393738, '1': 0.31540423905960274, '2': 0.12459000166005031}","{'policy_dri': True, 'active_frontier_distance': True, 'oracle_normalized_return': False, 'response_signature_accuracy': False, 'belief_calibration': False, 'partner_response_prediction_loss': False}"
active_boundary,mlp_ppo,2008,binary-role-allocation--active_boundary--identity,greedy,exact_neural_policy_tree,80.0,0.0,20.0,20.0,0.0,20.0,0.0,0.0,0.0,0.0,0.0,0.0,,,,,,{'0': 1.0},"{'policy_dri': True, 'active_frontier_distance': True, 'oracle_normalized_return': False, 'response_signature_accuracy': False, 'belief_calibration': False, 'partner_response_prediction_loss': False}"
active_boundary,mlp_ppo,2008,binary-role-allocation--active_boundary--identity,stochastic,exact_neural_policy_tree,79.9168343729308,0.08988050480608131,19.993285122263117,19.91012088983483,0.08316423242828819,20.0831656270692,0.0044939555082585516,0.007490042067173443,0.1832780816610012,0.002082770266992718,0.002082770266992718,2.4654001109049957e-08,,,,,,"{'0': 0.8749044984579086, '1': 0.06691306088727259, '2': 0.058182510386864304}","{'policy_dri': True, 'active_frontier_distance': True, 'oracle_normalized_return': False, 'response_signature_accuracy': False, 'belief_calibration': False, 'partner_response_prediction_loss': False}"
active_boundary,mlp_ppo,2009,binary-role-allocation--active_boundary--identity,greedy,exact_neural_policy_tree,80.0,0.0,20.0,20.0,0.0,20.0,0.0,0.0,0.0,0.0,0.0,0.0,,,,,,{'0': 1.0},"{'policy_dri': True, 'active_frontier_distance': True, 'oracle_normalized_return': False, 'response_signature_accuracy': False, 'belief_calibration': False, 'partner_response_prediction_loss': False}"
active_boundary,mlp_ppo,2009,binary-role-allocation--active_boundary--identity,stochastic,exact_neural_policy_tree,79.92904105853236,0.07545993433822422,19.995499007129407,19.924541274766543,0.07095773236286362,20.07095894146763,0.0037729362616728324,0.006288327861518685,0.23671206421413088,0.001748607308425379,0.001748607308425379,2.137415450256697e-08,,,,,,"{'0': 0.8139297366142273, '1': 0.1354285834678912, '2': 0.050641740373119866}","{'policy_dri': True, 'active_frontier_distance': True, 'oracle_normalized_return': False, 'response_signature_accuracy': False, 'belief_calibration': False, 'partner_response_prediction_loss': False}"
active_boundary,mlp_ppo,2010,binary-role-allocation--active_boundary--identity,greedy,exact_neural_policy_tree,80.0,0.0,20.0,20.0,0.0,20.0,0.0,0.0,0.0,0.0,0.0,0.0,,,,,,{'0': 1.0},"{'policy_dri': True, 'active_frontier_distance': True, 'oracle_normalized_return': False, 'response_signature_accuracy': False, 'belief_calibration': False, 'partner_response_prediction_loss': False}"
active_boundary,mlp_ppo,2010,binary-role-allocation--active_boundary--identity,stochastic,exact_neural_policy_tree,79.95238553140527,0.050748314680594334,19.99686615391414,19.949250387074112,0.04761576684002833,20.047614468594734,0.0025374806462943765,0.004229026223382861,0.4107562548835379,0.0011759733787073757,0.0011759733787073757,2.2949951256495924e-08,,,,,,"{'0': 0.6636814177036285, '1': 0.2618807798846758, '2': 0.07443773749943113}","{'policy_dri': True, 'active_frontier_distance': True, 'oracle_normalized_return': False, 'response_signature_accuracy': False, 'belief_calibration': False, 'partner_response_prediction_loss': False}"
active_boundary,gru_ppo_passive,2001,binary-role-allocation--active_boundary--identity,greedy,exact_neural_policy_tree,80.0,0.0,20.0,20.0,0.0,20.0,0.0,0.0,0.0,0.0,0.0,0.0,,,,,,{'0': 1.0},"{'policy_dri': True, 'active_frontier_distance': True, 'oracle_normalized_return': False, 'response_signature_accuracy': False, 'belief_calibration': False, 'partner_response_prediction_loss': False}"
active_boundary,gru_ppo_passive,2001,binary-role-allocation--active_boundary--identity,stochastic,exact_neural_policy_tree,79.99999923059075,0.0,20.000000769409255,20.000000769409255,0.0,20.000000769409255,-3.8470462726536424e-08,0.0,0.4150447664621743,0.0,0.0,1.9235231407677134e-08,,,,,,"{'0': 0.6676511764526367, '1': 0.2496529575734776, '2': 0.08269590444434835}","{'policy_dri': True, 'active_frontier_distance': True, 'oracle_normalized_return': False, 'response_signature_accuracy': False, 'belief_calibration': False, 'partner_response_prediction_loss': False}"
active_boundary,gru_ppo_passive,2002,binary-role-allocation--active_boundary--identity,greedy,exact_neural_policy_tree,80.0,0.0,20.0,20.0,0.0,20.0,0.0,0.0,0.0,0.0,0.0,0.0,,,,,,{'0': 1.0},"{'policy_dri': True, 'active_frontier_distance': True, 'oracle_normalized_return': False, 'response_signature_accuracy': False, 'belief_calibration': False, 'partner_response_prediction_loss': False}"
active_boundary,gru_ppo_passive,2002,binary-role-allocation--active_boundary--identity,stochastic,exact_neural_policy_tree,79.99999932851667,0.0,20.00000067148334,20.00000067148334,0.0,20.00000067148334,-3.3574166913297175e-08,0.0,0.4345388801814449,0.0,0.0,1.678708350105751e-08,,,,,,"{'0': 0.6886518597602844, '1': 0.18815746744632023, '2': 0.12319070636756232}","{'policy_dri': True, 'active_frontier_distance': True, 'oracle_normalized_return': False, 'response_signature_accuracy': False, 'belief_calibration': False, 'partner_response_prediction_loss': False}"
active_boundary,gru_ppo_passive,2003,binary-role-allocation--active_boundary--identity,greedy,exact_neural_policy_tree,80.0,0.0,20.0,20.0,0.0,20.0,0.0,0.0,1.0,0.0,0.0,0.0,,,,,,{'1': 1.0},"{'policy_dri': True, 'active_frontier_distance': True, 'oracle_normalized_return': False, 'response_signature_accuracy': False, 'belief_calibration': False, 'partner_response_prediction_loss': False}"
active_boundary,gru_ppo_passive,2003,binary-role-allocation--active_boundary--identity,stochastic,exact_neural_policy_tree,80.00000012914663,0.0,19.999999870853372,19.999999870853372,0.0,19.999999870853372,6.457331380715914e-09,0.0,0.5669201327883804,0.0,0.0,2.2830113881355326e-09,,,,,,"{'0': 0.5727969259023666, '1': 0.28748600249222367, '2': 0.13971706514807836}","{'policy_dri': True, 'active_frontier_distance': True, 'oracle_normalized_return': False, 'response_signature_accuracy': False, 'belief_calibration': False, 'partner_response_prediction_loss': False}"
active_boundary,gru_ppo_passive,2004,binary-role-allocation--active_boundary--identity,greedy,exact_neural_policy_tree,80.0,0.0,20.0,20.0,0.0,20.0,0.0,0.0,1.0,0.0,0.0,0.0,,,,,,{'1': 1.0},"{'policy_dri': True, 'active_frontier_distance': True, 'oracle_normalized_return': False, 'response_signature_accuracy': False, 'belief_calibration': False, 'partner_response_prediction_loss': False}"
active_boundary,gru_ppo_passive,2004,binary-role-allocation--active_boundary--identity,stochastic,exact_neural_policy_tree,80.00000055142753,0.0,19.99999944857247,19.99999944857247,0.0,19.99999944857247,2.7571376470802988e-08,0.0,0.5790663657850907,0.0,0.0,9.747953650276932e-09,,,,,,"{'0': 0.543089434504509, '1': 0.3347547100631383, '2': 0.12215582786097622}","{'policy_dri': True, 'active_frontier_distance': True, 'oracle_normalized_return': False, 'response_signature_accuracy': False, 'belief_calibration': False, 'partner_response_prediction_loss': False}"
active_boundary,gru_ppo_passive,2005,binary-role-allocation--active_boundary--identity,greedy,exact_neural_policy_tree,80.0,0.0,20.0,20.0,0.0,20.0,0.0,0.0,0.0,0.0,0.0,0.0,,,,,,{'0': 1.0},"{'policy_dri': True, 'active_frontier_distance': True, 'oracle_normalized_return': False, 'response_signature_accuracy': False, 'belief_calibration': False, 'partner_response_prediction_loss': False}"
active_boundary,gru_ppo_passive,2005,binary-role-allocation--active_boundary--identity,stochastic,exact_neural_policy_tree,80.00000064888914,0.0,19.99999935111086,19.99999935111086,0.0,19.99999935111086,3.244445707650812e-08,0.0,0.19358991979063914,0.0,0.0,1.1470847821058303e-08,,,,,,"{'0': 0.8439950942993164, '1': 0.11841982672181395, '2': 0.037585046534412594}","{'policy_dri': True, 'active_frontier_distance': True, 'oracle_normalized_return': False, 'response_signature_accuracy': False, 'belief_calibration': False, 'partner_response_prediction_loss': False}"
active_boundary,gru_ppo_passive,2006,binary-role-allocation--active_boundary--identity,greedy,exact_neural_policy_tree,80.0,0.0,20.0,20.0,0.0,20.0,0.0,0.0,0.0,0.0,0.0,0.0,,,,,,{'0': 1.0},"{'policy_dri': True, 'active_frontier_distance': True, 'oracle_normalized_return': False, 'response_signature_accuracy': False, 'belief_calibration': False, 'partner_response_prediction_loss': False}"
active_boundary,gru_ppo_passive,2006,binary-role-allocation--active_boundary--identity,stochastic,exact_neural_policy_tree,79.9999995443028,0.0,20.00000045569721,20.00000045569721,0.0,20.00000045569721,-2.2784860576052778e-08,0.0,0.2799323693419341,0.0,0.0,1.139243033243531e-08,,,,,,"{'0': 0.7791637480258942, '1': 0.16174018017599856, '2': 0.05909609458296776}","{'policy_dri': True, 'active_frontier_distance': True, 'oracle_normalized_return': False, 'response_signature_accuracy': False, 'belief_calibration': False, 'partner_response_prediction_loss': False}"
active_boundary,gru_ppo_passive,2007,binary-role-allocation--active_boundary--identity,greedy,exact_neural_policy_tree,80.0,0.0,20.0,20.0,0.0,20.0,0.0,0.0,1.0,0.0,0.0,0.0,,,,,,{'1': 1.0},"{'policy_dri': True, 'active_frontier_distance': True, 'oracle_normalized_return': False, 'response_signature_accuracy': False, 'belief_calibration': False, 'partner_response_prediction_loss': False}"
active_boundary,gru_ppo_passive,2007,binary-role-allocation--active_boundary--identity,stochastic,exact_neural_policy_tree,80.00000015839073,0.0,19.99999984160927,19.99999984160927,0.0,19.99999984160927,7.919536493261603e-09,0.0,0.5085170982586799,0.0,0.0,2.7999789908954986e-09,,,,,,"{'0': 0.6134689450263977, '1': 0.2645449958494517, '2': 0.12198605120461407}","{'policy_dri': True, 'active_frontier_distance': True, 'oracle_normalized_return': False, 'response_signature_accuracy': False, 'belief_calibration': False, 'partner_response_prediction_loss': False}"
active_boundary,gru_ppo_passive,2008,binary-role-allocation--active_boundary--identity,greedy,exact_neural_policy_tree,80.0,0.0,20.0,20.0,0.0,20.0,0.0,0.0,0.0,0.0,0.0,0.0,,,,,,{'0': 1.0},"{'policy_dri': True, 'active_frontier_distance': True, 'oracle_normalized_return': False, 'response_signature_accuracy': False, 'belief_calibration': False, 'partner_response_prediction_loss': False}"
active_boundary,gru_ppo_passive,2008,binary-role-allocation--active_boundary--identity,stochastic,exact_neural_policy_tree,80.00000050002184,0.0,19.999999499978156,19.999999499978156,0.0,19.999999499978156,2.5001092218701614e-08,0.0,0.42888591127639697,0.0,0.0,8.839220894980451e-09,,,,,,"{'0': 0.657253235578537, '1': 0.25660756756434466, '2': 0.08613917185602614}","{'policy_dri': True, 'active_frontier_distance': True, 'oracle_normalized_return': False, 'response_signature_accuracy': False, 'belief_calibration': False, 'partner_response_prediction_loss': False}"
active_boundary,gru_ppo_passive,2009,binary-role-allocation--active_boundary--identity,greedy,exact_neural_policy_tree,80.0,0.0,20.0,20.0,0.0,20.0,0.0,0.0,2.0,0.0,0.0,0.0,,,,,,{'2': 1.0},"{'policy_dri': True, 'active_frontier_distance': True, 'oracle_normalized_return': False, 'response_signature_accuracy': False, 'belief_calibration': False, 'partner_response_prediction_loss': False}"
active_boundary,gru_ppo_passive,2009,binary-role-allocation--active_boundary--identity,stochastic,exact_neural_policy_tree,80.00000181351778,0.0,19.999998186482216,19.999998186482216,0.0,19.999998186482216,9.067588919720038e-08,0.0,0.5476979879815153,0.0,0.0,3.2058768086431124e-08,,,,,,"{'0': 0.6263572573661804, '1': 0.19958731593434553, '2': 0.17405533602358486}","{'policy_dri': True, 'active_frontier_distance': True, 'oracle_normalized_return': False, 'response_signature_accuracy': False, 'belief_calibration': False, 'partner_response_prediction_loss': False}"
active_boundary,gru_ppo_passive,2010,binary-role-allocation--active_boundary--identity,greedy,exact_neural_policy_tree,80.0,0.0,20.0,20.0,0.0,20.0,0.0,0.0,0.0,0.0,0.0,0.0,,,,,,{'0': 1.0},"{'policy_dri': True, 'active_frontier_distance': True, 'oracle_normalized_return': False, 'response_signature_accuracy': False, 'belief_calibration': False, 'partner_response_prediction_loss': False}"
active_boundary,gru_ppo_passive,2010,binary-role-allocation--active_boundary--identity,stochastic,exact_neural_policy_tree,79.9999995079635,0.0,20.000000492036502,20.000000492036502,0.0,20.000000492036502,-2.4601825110437404e-08,0.0,0.46774052548814393,0.0,0.0,1.230091251080978e-08,,,,,,"{'0': 0.6514573991298676, '1': 0.22934472545577123, '2': 0.11919790001618635}","{'policy_dri': True, 'active_frontier_distance': True, 'oracle_normalized_return': False, 'response_signature_accuracy': False, 'belief_calibration': False, 'partner_response_prediction_loss': False}"
active_boundary,gru_ppo_active,2001,binary-role-allocation--active_boundary--identity,greedy,exact_neural_policy_tree,80.0,0.0,20.0,20.0,0.0,20.0,0.0,0.0,0.0,0.0,0.0,0.0,,,,,,{'0': 1.0},"{'policy_dri': True, 'active_frontier_distance': True, 'oracle_normalized_return': False, 'response_signature_accuracy': False, 'belief_calibration': False, 'partner_response_prediction_loss': False}"
active_boundary,gru_ppo_active,2001,binary-role-allocation--active_boundary--identity,stochastic,exact_neural_policy_tree,79.89046571817441,0.11974209585283024,19.989792185972757,19.88025777532179,0.1095344106509657,20.10953428182559,0.005987111233910447,0.009978507987735854,0.28316166480612237,0.0027747427263313806,0.0027747427263313806,2.2773325041621507e-09,,,,,,"{'0': 0.742706686258316, '1': 0.23142494979470757, '2': 0.02586835750570739}","{'policy_dri': True, 'active_frontier_distance': True, 'oracle_normalized_return': False, 'response_signature_accuracy': False, 'belief_calibration': False, 'partner_response_prediction_loss': False}"
active_boundary,gru_ppo_active,2002,binary-role-allocation--active_boundary--identity,greedy,exact_neural_policy_tree,80.0,0.0,20.0,20.0,0.0,20.0,0.0,0.0,1.0,0.0,0.0,0.0,,,,,,{'1': 1.0},"{'policy_dri': True, 'active_frontier_distance': True, 'oracle_normalized_return': False, 'response_signature_accuracy': False, 'belief_calibration': False, 'partner_response_prediction_loss': False}"
active_boundary,gru_ppo_active,2002,binary-role-allocation--active_boundary--identity,stochastic,exact_neural_policy_tree,79.86035636757101,0.15260559788351324,19.987038034545467,19.847395811592207,0.13964222295325968,20.13964363242898,0.0076302094203896335,0.012717133156959437,0.6389738340102724,0.0035362774445268043,0.0035362774445268043,2.4916246022142548e-08,,,,,,"{'0': 0.4801930785179138, '1': 0.40064014990147184, '2': 0.11916684205440028}","{'policy_dri': True, 'active_frontier_distance': True, 'oracle_normalized_return': False, 'response_signature_accuracy': False, 'belief_calibration': False, 'partner_response_prediction_loss': False}"
active_boundary,gru_ppo_active,2003,binary-role-allocation--active_boundary--identity,greedy,exact_neural_policy_tree,80.0,0.0,20.0,20.0,0.0,20.0,0.0,0.0,1.0,0.0,0.0,0.0,,,,,,{'1': 1.0},"{'policy_dri': True, 'active_frontier_distance': True, 'oracle_normalized_return': False, 'response_signature_accuracy': False, 'belief_calibration': False, 'partner_response_prediction_loss': False}"
active_boundary,gru_ppo_active,2003,binary-role-allocation--active_boundary--identity,stochastic,exact_neural_policy_tree,79.87343859112528,0.13985379762382122,19.9867076112509,19.86014740634119,0.12656020490970832,20.12656140887472,0.006992629682940432,0.011654483135318435,0.7364651758578112,0.003240784328541104,0.003240784328541104,2.1283295609728227e-08,,,,,,"{'0': 0.414860263466835, '1': 0.43381441760501993, '2': 0.15132537912639554}","{'policy_dri': True, 'active_frontier_distance': True, 'oracle_normalized_return': False, 'response_signature_accuracy': False, 'belief_calibration': False, 'partner_response_prediction_loss': False}"
active_boundary,gru_ppo_active,2004,binary-role-allocation--active_boundary--identity,greedy,exact_neural_policy_tree,80.0,0.0,20.0,20.0,0.0,20.0,0.0,0.0,0.0,0.0,0.0,0.0,,,,,,{'0': 1.0},"{'policy_dri': True, 'active_frontier_distance': True, 'oracle_normalized_return': False, 'response_signature_accuracy': False, 'belief_calibration': False, 'partner_response_prediction_loss': False}"
active_boundary,gru_ppo_active,2004,binary-role-allocation--active_boundary--identity,stochastic,exact_neural_policy_tree,79.91146696517198,0.10780323424519508,19.98072980058282,19.892195568413655,0.08853423216916667,20.088533034828018,0.005390221579317256,0.008983602853766258,0.20925800642927178,0.002498087560322112,0.002498087560322112,2.1166201166640124e-08,,,,,,"{'0': 0.8127968460321426, '1': 0.16514818177232793, '2': 0.022054912328471923}","{'policy_dri': True, 'active_frontier_distance': True, 'oracle_normalized_return': False, 'response_signature_accuracy': False, 'belief_calibration': False, 'partner_response_prediction_loss': False}"
active_boundary,gru_ppo_active,2005,binary-role-allocation--active_boundary--identity,greedy,exact_neural_policy_tree,80.0,0.0,20.0,20.0,0.0,20.0,0.0,0.0,2.0,0.0,0.0,0.0,,,,,,{'2': 1.0},"{'policy_dri': True, 'active_frontier_distance': True, 'oracle_normalized_return': False, 'response_signature_accuracy': False, 'belief_calibration': False, 'partner_response_prediction_loss': False}"
active_boundary,gru_ppo_active,2005,binary-role-allocation--active_boundary--identity,stochastic,exact_neural_policy_tree,79.86237240766118,0.14637852482673594,19.991249067512076,19.85362246051653,0.1376266069955463,20.137627592338813,0.007318876974173527,0.012198210402227995,1.137893870892553,0.003391979605512333,0.003391979605512333,1.7418572608913557e-08,,,,,,"{'0': 0.3056688457727432, '1': 0.2507685360962869, '2': 0.44356266739813305}","{'policy_dri': True, 'active_frontier_distance': True, 'oracle_normalized_return': False, 'response_signature_accuracy': False, 'belief_calibration': False, 'partner_response_prediction_loss': False}"
active_boundary,gru_ppo_active,2006,binary-role-allocation--active_boundary--identity,greedy,exact_neural_policy_tree,80.0,0.0,20.0,20.0,0.0,20.0,0.0,0.0,0.0,0.0,0.0,0.0,,,,,,{'0': 1.0},"{'policy_dri': True, 'active_frontier_distance': True, 'oracle_normalized_return': False, 'response_signature_accuracy': False, 'belief_calibration': False, 'partner_response_prediction_loss': False}"
active_boundary,gru_ppo_active,2006,binary-role-allocation--active_boundary--identity,stochastic,exact_neural_policy_tree,79.89159923122871,0.11955643918362621,19.988844329587664,19.880443255888704,0.10840107369896046,20.10840076877129,0.0059778372055648175,0.009963036598635518,0.2976533259459117,0.0027704405676895125,0.0027704405676895125,5.390410572236443e-09,,,,,,"{'0': 0.7575430572032928, '1': 0.18726052915473548, '2': 0.05519639839558811}","{'policy_dri': True, 'active_frontier_distance': True, 'oracle_normalized_return': False, 'response_signature_accuracy': False, 'belief_calibration': False, 'partner_response_prediction_loss': False}"
active_boundary,gru_ppo_active,2007,binary-role-allocation--active_boundary--identity,greedy,exact_neural_policy_tree,80.0,0.0,20.0,20.0,0.0,20.0,0.0,0.0,0.0,0.0,0.0,0.0,,,,,,{'0': 1.0},"{'policy_dri': True, 'active_frontier_distance': True, 'oracle_normalized_return': False, 'response_signature_accuracy': False, 'belief_calibration': False, 'partner_response_prediction_loss': False}"
active_boundary,gru_ppo_active,2007,binary-role-allocation--active_boundary--identity,stochastic,exact_neural_policy_tree,79.89655501036256,0.11958924470495759,19.983855744932477,19.880410948499446,0.10344479643303117,20.103444989637435,0.005979452575027721,0.0099657703920798,0.29716212055854735,0.0027712007588407478,0.0027712007588407478,3.4154035903106775e-09,,,,,,"{'0': 0.7487062886357307, '1': 0.2054253214904313, '2': 0.045868399534058024}","{'policy_dri': True, 'active_frontier_distance': True, 'oracle_normalized_return': False, 'response_signature_accuracy': False, 'belief_calibration': False, 'partner_response_prediction_loss': False}"
active_boundary,gru_ppo_active,2008,binary-role-allocation--active_boundary--identity,greedy,exact_neural_policy_tree,80.0,0.0,20.0,20.0,0.0,20.0,0.0,0.0,1.0,0.0,0.0,0.0,,,,,,{'1': 1.0},"{'policy_dri': True, 'active_frontier_distance': True, 'oracle_normalized_return': False, 'response_signature_accuracy': False, 'belief_calibration': False, 'partner_response_prediction_loss': False}"
active_boundary,gru_ppo_active,2008,binary-role-allocation--active_boundary--identity,stochastic,exact_neural_policy_tree,79.85373627787709,0.15157851367149283,19.994685208451425,19.848423170693643,0.1462620377577828,20.146263722122917,0.007578841465317865,0.012631542805957735,0.5262458576249089,0.003512477172564501,0.003512477172564501,2.977565024357362e-08,,,,,,"{'0': 0.5414784997701645, '1': 0.3907973112712753, '2': 0.0677242731768168}","{'policy_dri': True, 'active_frontier_distance': True, 'oracle_normalized_return': False, 'response_signature_accuracy': False, 'belief_calibration': False, 'partner_response_prediction_loss': False}"
active_boundary,gru_ppo_active,2009,binary-role-allocation--active_boundary--identity,greedy,exact_neural_policy_tree,80.0,0.0,20.0,20.0,0.0,20.0,0.0,0.0,1.5,0.0,0.0,0.0,,,,,,"{'1': 0.5, '2': 0.5}","{'policy_dri': True, 'active_frontier_distance': True, 'oracle_normalized_return': False, 'response_signature_accuracy': False, 'belief_calibration': False, 'partner_response_prediction_loss': False}"
active_boundary,gru_ppo_active,2009,binary-role-allocation--active_boundary--identity,stochastic,exact_neural_policy_tree,79.85913705540925,0.1442845232140801,19.996578421376675,19.855713246634593,0.14086517474208193,20.140862944590754,0.007214337668270332,0.012023710267840009,0.694493460717274,0.0033434560207006537,0.0033434560207006537,3.94238781379853e-08,,,,,,"{'0': 0.5026434361934662, '1': 0.3002194438806611, '2': 0.1971370084183064}","{'policy_dri': True, 'active_frontier_distance': True, 'oracle_normalized_return': False, 'response_signature_accuracy': False, 'belief_calibration': False, 'partner_response_prediction_loss': False}"
active_boundary,gru_ppo_active,2010,binary-role-allocation--active_boundary--identity,greedy,exact_neural_policy_tree,80.0,0.0,20.0,20.0,0.0,20.0,0.0,0.0,1.0,0.0,0.0,0.0,,,,,,{'1': 1.0},"{'policy_dri': True, 'active_frontier_distance': True, 'oracle_normalized_return': False, 'response_signature_accuracy': False, 'belief_calibration': False, 'partner_response_prediction_loss': False}"
active_boundary,gru_ppo_active,2010,binary-role-allocation--active_boundary--identity,stochastic,exact_neural_policy_tree,79.85559930056566,0.1600437409247818,19.984356958509565,19.839957973140805,0.14439898536875972,20.144400699434346,0.008002101342959733,0.013336978410398484,0.584395493635378,0.0037086389950256237,0.0037086389950256237,3.0300684997945876e-08,,,,,,"{'0': 0.5122427344322205, '1': 0.3911192089067396, '2': 0.09663814236431917}","{'policy_dri': True, 'active_frontier_distance': True, 'oracle_normalized_return': False, 'response_signature_accuracy': False, 'belief_calibration': False, 'partner_response_prediction_loss': False}"
active_boundary,odits_style,2001,binary-role-allocation--active_boundary--identity,greedy,exact_neural_policy_tree,80.0,0.0,20.0,20.0,0.0,20.0,0.0,0.0,1.0,0.0,0.0,0.0,,,,,0.00608850154094398,{'1': 1.0},"{'policy_dri': True, 'active_frontier_distance': True, 'oracle_normalized_return': False, 'response_signature_accuracy': False, 'belief_calibration': False, 'partner_response_prediction_loss': True}"
active_boundary,odits_style,2001,binary-role-allocation--active_boundary--identity,stochastic,exact_neural_policy_tree,79.94241810277586,0.09568967957527694,19.961892217648863,19.9043113199771,0.05758089767176244,20.05758189722414,0.004784434001144966,0.007974139964606412,0.5498607961093899,0.0022173842915929258,0.0022173842915929258,1.7669756625424184e-08,,,,,0.007697843819762409,"{'0': 0.5407911986112595, '1': 0.3685569066233288, '2': 0.09065194474303057}","{'policy_dri': True, 'active_frontier_distance': True, 'oracle_normalized_return': False, 'response_signature_accuracy': False, 'belief_calibration': False, 'partner_response_prediction_loss': True}"
active_boundary,odits_style,2002,binary-role-allocation--active_boundary--identity,greedy,exact_neural_policy_tree,80.0,0.0,20.0,20.0,0.0,20.0,0.0,0.0,0.0,0.0,0.0,0.0,,,,,,{'0': 1.0},"{'policy_dri': True, 'active_frontier_distance': True, 'oracle_normalized_return': False, 'response_signature_accuracy': False, 'belief_calibration': False, 'partner_response_prediction_loss': False}"
active_boundary,odits_style,2002,binary-role-allocation--active_boundary--identity,stochastic,exact_neural_policy_tree,79.93769941306635,0.11218535555578303,19.950115231377858,19.887814580678306,0.062300650699551596,20.06230058693364,0.0056092709660847005,0.009348779629648587,0.1663107822266421,0.0025996329620946008,0.0025996329620946008,1.127232668601371e-09,,,,,0.0073520217245701255,"{'0': 0.857820451259613, '1': 0.1180483088775406, '2': 0.024131236674550766}","{'policy_dri': True, 'active_frontier_distance': True, 'oracle_normalized_return': False, 'response_signature_accuracy': False, 'belief_calibration': False, 'partner_response_prediction_loss': True}"
active_boundary,odits_style,2003,binary-role-allocation--active_boundary--identity,greedy,exact_neural_policy_tree,80.0,0.0,20.0,20.0,0.0,20.0,0.0,0.0,0.0,0.0,0.0,0.0,,,,,,{'0': 1.0},"{'policy_dri': True, 'active_frontier_distance': True, 'oracle_normalized_return': False, 'response_signature_accuracy': False, 'belief_calibration': False, 'partner_response_prediction_loss': False}"
active_boundary,odits_style,2003,binary-role-allocation--active_boundary--identity,stochastic,exact_neural_policy_tree,79.9320766921141,0.14332407053990423,19.924599237346,19.856675087276596,0.06792415006940544,20.067923307885906,0.00716624563617021,0.01194367254499202,0.31452992633309346,0.0033211997786274355,0.0033211997786274355,1.4887841599171183e-08,,,,,0.009362349912152668,"{'0': 0.7297522872686386, '1': 0.2259654149112793, '2': 0.04428225571090706}","{'policy_dri': True, 'active_frontier_distance': True, 'oracle_normalized_return': False, 'response_signature_accuracy': False, 'belief_calibration': False, 'partner_response_prediction_loss': True}"
active_boundary,odits_style,2004,binary-role-allocation--active_boundary--identity,greedy,exact_neural_policy_tree,80.0,0.0,20.0,20.0,0.0,20.0,0.0,0.0,0.0,0.0,0.0,0.0,,,,,,{'0': 1.0},"{'policy_dri': True, 'active_frontier_distance': True, 'oracle_normalized_return': False, 'response_signature_accuracy': False, 'belief_calibration': False, 'partner_response_prediction_loss': False}"
active_boundary,odits_style,2004,binary-role-allocation--active_boundary--identity,stochastic,exact_neural_policy_tree,79.91521306124646,0.1926307494807762,19.89215618927276,19.80736954320056,0.08478664607219955,20.08478693875354,0.009631522839971929,0.01605256245673135,0.3767064613574691,0.00446376662428289,0.00446376662428289,5.173923957518796e-09,,,,,0.009969580298309527,"{'0': 0.6778197288513184, '1': 0.26765411020802804, '2': 0.054526175574720524}","{'policy_dri': True, 'active_frontier_distance': True, 'oracle_normalized_return': False, 'response_signature_accuracy': False, 'belief_calibration': False, 'partner_response_prediction_loss': True}"
active_boundary,odits_style,2005,binary-role-allocation--active_boundary--identity,greedy,exact_neural_policy_tree,80.0,0.0,20.0,20.0,0.0,20.0,0.0,0.0,1.0,0.0,0.0,0.0,,,,,0.010335964150726795,{'1': 1.0},"{'policy_dri': True, 'active_frontier_distance': True, 'oracle_normalized_return': False, 'response_signature_accuracy': False, 'belief_calibration': False, 'partner_response_prediction_loss': True}"
active_boundary,odits_style,2005,binary-role-allocation--active_boundary--identity,stochastic,exact_neural_policy_tree,79.89780980610504,0.150458744791394,19.95173144910356,19.84954323672297,0.1021882123805895,20.102190193894952,0.0075228381638515526,0.012538228732616168,0.8065835700959342,0.0034865291504165893,0.0034865291504165893,3.5028556059455935e-08,,,,,0.013419927795354737,"{'0': 0.3812379986047745, '1': 0.43094063084595297, '2': 0.1878214696249906}","{'policy_dri': True, 'active_frontier_distance': True, 'oracle_normalized_return': False, 'response_signature_accuracy': False, 'belief_calibration': False, 'partner_response_prediction_loss': True}"
active_boundary,odits_style,2006,binary-role-allocation--active_boundary--identity,greedy,exact_neural_policy_tree,80.0,0.0,20.0,20.0,0.0,20.0,0.0,0.0,1.0,0.0,0.0,0.0,,,,,0.010185330174863338,{'1': 1.0},"{'policy_dri': True, 'active_frontier_distance': True, 'oracle_normalized_return': False, 'response_signature_accuracy': False, 'belief_calibration': False, 'partner_response_prediction_loss': True}"
active_boundary,odits_style,2006,binary-role-allocation--active_boundary--identity,stochastic,exact_neural_policy_tree,79.92075110859984,0.12886571071131628,19.95038318068884,19.87113460281215,0.07924857787669026,20.079248891400155,0.006443269859392586,0.010738809225943023,0.6932594792787558,0.002986161140099146,0.002986161140099146,5.542364199505799e-09,,,,,0.012006594330237576,"{'0': 0.40051817893981934, '1': 0.505704194193952, '2': 0.09377764254240192}","{'policy_dri': True, 'active_frontier_distance': True, 'oracle_normalized_return': False, 'response_signature_accuracy': False, 'belief_calibration': False, 'partner_response_prediction_loss': True}"
active_boundary,odits_style,2007,binary-role-allocation--active_boundary--identity,greedy,exact_neural_policy_tree,80.0,0.0,20.0,20.0,0.0,20.0,0.0,0.0,1.5,0.0,0.0,0.0,,,,,0.015497451415285468,"{'1': 0.5, '2': 0.5}","{'policy_dri': True, 'active_frontier_distance': True, 'oracle_normalized_return': False, 'response_signature_accuracy': False, 'belief_calibration': False, 'partner_response_prediction_loss': True}"
active_boundary,odits_style,2007,binary-role-allocation--active_boundary--identity,stochastic,exact_neural_policy_tree,79.89037036060314,0.1505886946135687,19.959040944783293,19.849413459240658,0.10962748554263513,20.10962963939686,0.007529327037967093,0.012549057884464058,0.8835610988357157,0.003489540433301688,0.003489540433301688,3.807512325811935e-08,,,,,0.014147250402517112,"{'0': 0.35290753841400146, '1': 0.41062403972170447, '2': 0.23646852955700556}","{'policy_dri': True, 'active_frontier_distance': True, 'oracle_normalized_return': False, 'response_signature_accuracy': False, 'belief_calibration': False, 'partner_response_prediction_loss': True}"
active_boundary,odits_style,2008,binary-role-allocation--active_boundary--identity,greedy,exact_neural_policy_tree,80.0,0.0,20.0,20.0,0.0,20.0,0.0,0.0,1.5,0.0,0.0,0.0,,,,,0.011266847606748343,"{'1': 0.5, '2': 0.5}","{'policy_dri': True, 'active_frontier_distance': True, 'oracle_normalized_return': False, 'response_signature_accuracy': False, 'belief_calibration': False, 'partner_response_prediction_loss': True}"
active_boundary,odits_style,2008,binary-role-allocation--active_boundary--identity,stochastic,exact_neural_policy_tree,79.8984700579207,0.11823106420597633,19.98329887787332,19.881769027150092,0.10152985072322807,20.101529942079296,0.00591154864249539,0.009852588683831362,0.7229936412328992,0.002739728105604201,0.002739728105604201,1.6149623883192013e-09,,,,,0.01128626866388542,"{'0': 0.49434709548950195, '1': 0.28831217692370353, '2': 0.21734073215459782}","{'policy_dri': True, 'active_frontier_distance': True, 'oracle_normalized_return': False, 'response_signature_accuracy': False, 'belief_calibration': False, 'partner_response_prediction_loss': True}"
active_boundary,odits_style,2009,binary-role-allocation--active_boundary--identity,greedy,exact_neural_policy_tree,80.0,0.0,20.0,20.0,0.0,20.0,0.0,0.0,0.0,0.0,0.0,0.0,,,,,,{'0': 1.0},"{'policy_dri': True, 'active_frontier_distance': True, 'oracle_normalized_return': False, 'response_signature_accuracy': False, 'belief_calibration': False, 'partner_response_prediction_loss': False}"
active_boundary,odits_style,2009,binary-role-allocation--active_boundary--identity,stochastic,exact_neural_policy_tree,79.9291133420636,0.10802461479309165,19.962862043143303,19.891976686192546,0.07088535695075748,20.070886657936395,0.0054011656903727,0.009002051232757638,0.3794452005055905,0.0025032175362144854,0.0025032175362144854,2.2998394131309213e-08,,,,,0.008882624899139283,"{'0': 0.701014906167984, '1': 0.2185251172570053, '2': 0.08046004162429261}","{'policy_dri': True, 'active_frontier_distance': True, 'oracle_normalized_return': False, 'response_signature_accuracy': False, 'belief_calibration': False, 'partner_response_prediction_loss': True}"
active_boundary,odits_style,2010,binary-role-allocation--active_boundary--identity,greedy,exact_neural_policy_tree,80.0,0.0,20.0,20.0,0.0,20.0,0.0,0.0,0.0,0.0,0.0,0.0,,,,,,{'0': 1.0},"{'policy_dri': True, 'active_frontier_distance': True, 'oracle_normalized_return': False, 'response_signature_accuracy': False, 'belief_calibration': False, 'partner_response_prediction_loss': False}"
active_boundary,odits_style,2010,binary-role-allocation--active_boundary--identity,stochastic,exact_neural_policy_tree,79.94689615957637,0.09737546291767846,19.95572837750595,19.902624697115783,0.053103680390165664,20.053103840423628,0.00486876514421084,0.008114621909806538,0.32570722925262213,0.0022564483737286542,0.0022564483737286542,2.8290186479247732e-09,,,,,0.00823462982460345,"{'0': 0.7182701975107193, '1': 0.23775239172928558, '2': 0.04397741876166827}","{'policy_dri': True, 'active_frontier_distance': True, 'oracle_normalized_return': False, 'response_signature_accuracy': False, 'belief_calibration': False, 'partner_response_prediction_loss': True}"
active_boundary,pace_aux,2001,binary-role-allocation--active_boundary--identity,greedy,exact_neural_policy_tree,80.0,0.0,20.0,20.0,0.0,20.0,0.0,0.0,0.0,0.0,0.0,0.0,,0.5,0.5000428671658614,0.004629641771316528,,{'0': 1.0},"{'policy_dri': True, 'active_frontier_distance': True, 'oracle_normalized_return': False, 'response_signature_accuracy': True, 'belief_calibration': True, 'partner_response_prediction_loss': False}"
active_boundary,pace_aux,2001,binary-role-allocation--active_boundary--identity,stochastic,exact_neural_policy_tree,79.89526479471789,0.14159248432215304,19.96314272095996,19.85840756052323,0.10473516043673214,20.104735205282115,0.0070796219738385345,0.011799373693512754,0.43825987101758673,0.003281074322091031,0.003281074322091031,7.927618820248424e-10,,0.5031231283645584,0.5003363984855768,0.01119803855325785,,"{'0': 0.604765385389328, '1': 0.3522093626882955, '2': 0.043025254164645636}","{'policy_dri': True, 'active_frontier_distance': True, 'oracle_normalized_return': False, 'response_signature_accuracy': True, 'belief_calibration': True, 'partner_response_prediction_loss': False}"
active_boundary,pace_aux,2002,binary-role-allocation--active_boundary--identity,greedy,exact_neural_policy_tree,80.0,0.0,20.0,20.0,0.0,20.0,0.0,0.0,0.0,0.0,0.0,0.0,,0.5,0.500014794431441,0.002719774842262268,,{'0': 1.0},"{'policy_dri': True, 'active_frontier_distance': True, 'oracle_normalized_return': False, 'response_signature_accuracy': True, 'belief_calibration': True, 'partner_response_prediction_loss': False}"
active_boundary,pace_aux,2002,binary-role-allocation--active_boundary--identity,stochastic,exact_neural_policy_tree,79.89059575915823,0.1376410595470866,19.97176318129469,19.862359129010017,0.10940405228467398,20.109404240841776,0.006882043549499173,0.01147008829559055,0.241828880100044,0.003189509304165031,0.003189509304165031,3.333250157753622e-09,,0.5000000047285197,0.5003971092578077,0.00938782521496817,,"{'0': 0.7959125638008118, '1': 0.16634601115404277, '2': 0.037741434473000615}","{'policy_dri': True, 'active_frontier_distance': True, 'oracle_normalized_return': False, 'response_signature_accuracy': True, 'belief_calibration': True, 'partner_response_prediction_loss': False}"
active_boundary,pace_aux,2003,binary-role-allocation--active_boundary--identity,greedy,exact_neural_policy_tree,80.0,0.0,20.0,20.0,0.0,20.0,0.0,0.0,0.0,0.0,0.0,0.0,,0.5,0.5002851319425388,0.0119401216506958,,{'0': 1.0},"{'policy_dri': True, 'active_frontier_distance': True, 'oracle_normalized_return': False, 'response_signature_accuracy': True, 'belief_calibration': True, 'partner_response_prediction_loss': False}"
active_boundary,pace_aux,2003,binary-role-allocation--active_boundary--identity,stochastic,exact_neural_policy_tree,79.86166222447382,0.1801292502639402,19.95820852526224,19.81987198575668,0.13833653950555913,20.13833777552618,0.009006400712165963,0.015010770855328351,0.46621298119220367,0.004174073648950412,0.004174073648950412,2.184996405319918e-08,,0.5035149670368255,0.500217308659848,0.011413818500674022,,"{'0': 0.6629571169614792, '1': 0.20787290848690004, '2': 0.1291700363526518}","{'policy_dri': True, 'active_frontier_distance': True, 'oracle_normalized_return': False, 'response_signature_accuracy': True, 'belief_calibration': True, 'partner_response_prediction_loss': False}"
active_boundary,pace_aux,2004,binary-role-allocation--active_boundary--identity,greedy,exact_neural_policy_tree,80.0,0.0,20.0,20.0,0.0,20.0,0.0,0.0,0.0,0.0,0.0,0.0,,0.5,0.5001323433057865,0.008134603500366211,,{'0': 1.0},"{'policy_dri': True, 'active_frontier_distance': True, 'oracle_normalized_return': False, 'response_signature_accuracy': True, 'belief_calibration': True, 'partner_response_prediction_loss': False}"
active_boundary,pace_aux,2004,binary-role-allocation--active_boundary--identity,stochastic,exact_neural_policy_tree,79.85874796306719,0.18878606305695456,19.95246597387586,19.811212625582215,0.14125334829364533,20.141252036932816,0.009439368720889263,0.01573217192141288,0.46298375640228295,0.004374675017746825,0.004374675017746825,2.3181803379432395e-08,,0.5006794791997814,0.5004294139434748,0.014052272031818802,,"{'0': 0.6449160575866699, '1': 0.24718399728829404, '2': 0.10789987955699448}","{'policy_dri': True, 'active_frontier_distance': True, 'oracle_normalized_return': False, 'response_signature_accuracy': True, 'belief_calibration': True, 'partner_response_prediction_loss': False}"
active_boundary,pace_aux,2005,binary-role-allocation--active_boundary--identity,greedy,exact_neural_policy_tree,80.0,0.0,20.0,20.0,0.0,20.0,0.0,0.0,0.0,0.0,0.0,0.0,,0.5,0.5001868819640594,0.009666502475738525,,{'0': 1.0},"{'policy_dri': True, 'active_frontier_distance': True, 'oracle_normalized_return': False, 'response_signature_accuracy': True, 'belief_calibration': True, 'partner_response_prediction_loss': False}"
active_boundary,pace_aux,2005,binary-role-allocation--active_boundary--identity,stochastic,exact_neural_policy_tree,79.86836035746643,0.168649705794771,19.962989936738794,19.831350863163905,0.13163907357488824,20.131639642533564,0.008432456841804737,0.01405414214956425,0.27219283910972436,0.0039080620822531525,0.0039080620822531525,1.0057863454149623e-08,,0.5032890436155061,0.5001803601332487,0.011737852750227429,,"{'0': 0.7787456214427948, '1': 0.17031597490055372, '2': 0.0509384321045853}","{'policy_dri': True, 'active_frontier_distance': True, 'oracle_normalized_return': False, 'response_signature_accuracy': True, 'belief_calibration': True, 'partner_response_prediction_loss': False}"
active_boundary,pace_aux,2006,binary-role-allocation--active_boundary--identity,greedy,exact_neural_policy_tree,80.0,0.0,20.0,20.0,0.0,20.0,0.0,0.0,1.0,0.0,0.0,0.0,,0.5,0.5017258738832372,0.027534544467926025,,{'1': 1.0},"{'policy_dri': True, 'active_frontier_distance': True, 'oracle_normalized_return': False, 'response_signature_accuracy': True, 'belief_calibration': True, 'partner_response_prediction_loss': False}"
active_boundary,pace_aux,2006,binary-role-allocation--active_boundary--identity,stochastic,exact_neural_policy_tree,79.90065171383817,0.12141296059598629,19.97793532556584,19.878587332435494,0.09934799313034759,20.099348286161828,0.006070633378225309,0.01011774671633219,0.5213442901920446,0.0028134611048576254,0.0028134611048576254,5.180113653900725e-09,,0.5025824904710516,0.500510495107847,0.012419152884362905,,"{'0': 0.6012236773967743, '1': 0.2762083843175549, '2': 0.12256795293724489}","{'policy_dri': True, 'active_frontier_distance': True, 'oracle_normalized_return': False, 'response_signature_accuracy': True, 'belief_calibration': True, 'partner_response_prediction_loss': False}"
active_boundary,pace_aux,2007,binary-role-allocation--active_boundary--identity,greedy,exact_neural_policy_tree,80.0,0.0,20.0,20.0,0.0,20.0,0.0,0.0,0.0,0.0,0.0,0.0,,0.5,0.500585467830132,0.01710948348045349,,{'0': 1.0},"{'policy_dri': True, 'active_frontier_distance': True, 'oracle_normalized_return': False, 'response_signature_accuracy': True, 'belief_calibration': True, 'partner_response_prediction_loss': False}"
active_boundary,pace_aux,2007,binary-role-allocation--active_boundary--identity,stochastic,exact_neural_policy_tree,79.87394977617858,0.15429184873335203,19.971758375088076,19.84570730754881,0.1260510675392652,20.126050223821426,0.007714634622559479,0.012857654061112668,0.22714119292901874,0.003575352360052843,0.003575352360052843,1.491496511505722e-08,,0.5033547496774947,0.5003918842470304,0.015009238844809758,,"{'0': 0.7970443069934845, '1': 0.1787701087122286, '2': 0.024185542108395054}","{'policy_dri': True, 'active_frontier_distance': True, 'oracle_normalized_return': False, 'response_signature_accuracy': True, 'belief_calibration': True, 'partner_response_prediction_loss': False}"
active_boundary,pace_aux,2008,binary-role-allocation--active_boundary--identity,greedy,exact_neural_policy_tree,80.0,0.0,20.0,20.0,0.0,20.0,0.0,0.0,0.0,0.0,0.0,0.0,,0.5,0.5001229580741602,0.00784088671207428,,{'0': 1.0},"{'policy_dri': True, 'active_frontier_distance': True, 'oracle_normalized_return': False, 'response_signature_accuracy': True, 'belief_calibration': True, 'partner_response_prediction_loss': False}"
active_boundary,pace_aux,2008,binary-role-allocation--active_boundary--identity,stochastic,exact_neural_policy_tree,79.8554421559904,0.16127749772783365,19.983280346281756,19.838722671925385,0.14455767435637057,20.14455784400959,0.008063866403730736,0.01343979147731947,0.3679525866668343,0.003737228420414817,0.003737228420414817,2.9990735592784133e-09,,0.5030940325146722,0.5000291228770063,0.007240529506758242,,"{'0': 0.7053931951522827, '1': 0.22126103999392244, '2': 0.07334577333645595}","{'policy_dri': True, 'active_frontier_distance': True, 'oracle_normalized_return': False, 'response_signature_accuracy': True, 'belief_calibration': True, 'partner_response_prediction_loss': False}"
active_boundary,pace_aux,2009,binary-role-allocation--active_boundary--identity,greedy,exact_neural_policy_tree,80.0,0.0,20.0,20.0,0.0,20.0,0.0,0.0,1.0,0.0,0.0,0.0,,0.5,0.5007062842979332,0.017233610153198242,,{'1': 1.0},"{'policy_dri': True, 'active_frontier_distance': True, 'oracle_normalized_return': False, 'response_signature_accuracy': True, 'belief_calibration': True, 'partner_response_prediction_loss': False}"
active_boundary,pace_aux,2009,binary-role-allocation--active_boundary--identity,stochastic,exact_neural_policy_tree,79.86735440535942,0.13807494437730683,19.99457065026327,19.861924153877055,0.13264649638621506,20.13264559464058,0.006903792306147238,0.01150624536477557,0.6835748687052382,0.0031995635692765997,0.0031995635692765997,1.5940761389366858e-08,,0.5030283941455492,0.5001564162896186,0.007992484263785404,,"{'0': 0.4544377028942108, '1': 0.407549635331776, '2': 0.13801261668673107}","{'policy_dri': True, 'active_frontier_distance': True, 'oracle_normalized_return': False, 'response_signature_accuracy': True, 'belief_calibration': True, 'partner_response_prediction_loss': False}"
active_boundary,pace_aux,2010,binary-role-allocation--active_boundary--identity,greedy,exact_neural_policy_tree,80.0,0.0,20.0,20.0,0.0,20.0,0.0,0.0,1.0,0.0,0.0,0.0,,0.5,0.504527575502019,0.04516630992293358,,{'1': 1.0},"{'policy_dri': True, 'active_frontier_distance': True, 'oracle_normalized_return': False, 'response_signature_accuracy': True, 'belief_calibration': True, 'partner_response_prediction_loss': False}"
active_boundary,pace_aux,2010,binary-role-allocation--active_boundary--identity,stochastic,exact_neural_policy_tree,79.83225223466007,0.20549556235539268,19.96225220298453,19.794504161886444,0.16774804109808628,20.16774776533992,0.010274791905677816,0.017124630196282725,0.6614684397816998,0.004761878543029741,0.004761878543029741,4.8747616806261065e-09,,0.5045144640660414,0.5014183164622159,0.02029520121547046,,"{'0': 0.47696058452129364, '1': 0.3846103635998967, '2': 0.13842903809090149}","{'policy_dri': True, 'active_frontier_distance': True, 'oracle_normalized_return': False, 'response_signature_accuracy': True, 'belief_calibration': True, 'partner_response_prediction_loss': False}"
active_boundary,pace_style,2001,binary-role-allocation--active_boundary--identity,greedy,exact_neural_policy_tree,80.0,0.0,20.0,20.0,0.0,20.0,0.0,0.0,2.0,0.0,0.0,0.0,,0.5,0.5007190242695436,0.014716526493430138,,{'2': 1.0},"{'policy_dri': True, 'active_frontier_distance': True, 'oracle_normalized_return': False, 'response_signature_accuracy': True, 'belief_calibration': True, 'partner_response_prediction_loss': False}"
active_boundary,pace_style,2001,binary-role-allocation--active_boundary--identity,stochastic,exact_neural_policy_tree,79.88939159239885,0.1182398458578145,19.99236856174333,19.88175975721131,0.1106088045320206,20.110608407601145,0.00591201213943453,0.009853320488151207,1.7676398427439888,0.0027399315998255912,0.0027399315998255912,7.016812834831579e-09,,0.5013082060548282,0.5007203510796643,0.014367531668216915,,"{'0': 0.06562618166208267, '1': 0.10110775423875867, '2': 0.8332660442526151}","{'policy_dri': True, 'active_frontier_distance': True, 'oracle_normalized_return': False, 'response_signature_accuracy': True, 'belief_calibration': True, 'partner_response_prediction_loss': False}"
active_boundary,pace_style,2002,binary-role-allocation--active_boundary--identity,greedy,exact_neural_policy_tree,80.0,0.0,20.0,20.0,0.0,20.0,0.0,0.0,2.0,0.0,0.0,0.0,,0.5,0.5004540753554095,0.01252564787864685,,{'2': 1.0},"{'policy_dri': True, 'active_frontier_distance': True, 'oracle_normalized_return': False, 'response_signature_accuracy': True, 'belief_calibration': True, 'partner_response_prediction_loss': False}"
active_boundary,pace_style,2002,binary-role-allocation--active_boundary--identity,stochastic,exact_neural_policy_tree,79.87000450751401,0.13906226104084146,19.990933231445148,19.860937675403665,0.12999555604148227,20.12999549248599,0.006953116229816736,0.011588521753403455,1.7855746892368298,0.0032224423214081426,0.0032224423214081426,1.123513019596018e-09,,0.5003381570033347,0.500296336413498,0.011373434947196559,,"{'0': 0.06758355163037777, '1': 0.07925820114686524, '2': 0.8531582440449822}","{'policy_dri': True, 'active_frontier_distance': True, 'oracle_normalized_return': False, 'response_signature_accuracy': True, 'belief_calibration': True, 'partner_response_prediction_loss': False}"
active_boundary,pace_style,2003,binary-role-allocation--active_boundary--identity,greedy,exact_neural_policy_tree,80.0,0.0,20.0,20.0,0.0,20.0,0.0,0.0,2.0,0.0,0.0,0.0,,0.5,0.5002644415879132,0.011087577790021896,,{'2': 1.0},"{'policy_dri': True, 'active_frontier_distance': True, 'oracle_normalized_return': False, 'response_signature_accuracy': True, 'belief_calibration': True, 'partner_response_prediction_loss': False}"
active_boundary,pace_style,2003,binary-role-allocation--active_boundary--identity,stochastic,exact_neural_policy_tree,79.87962062562872,0.12574489566481253,19.994634478706462,19.874254283964394,0.12038019474206862,20.120379374371275,0.006287285801780307,0.010478741305401044,1.7477207481553487,0.0029138435579753553,0.0029138435579753553,1.450224377686553e-08,,0.5004164608572668,0.5002266998608571,0.009587435851523884,,"{'0': 0.07331930100917816, '1': 0.1056405677892158, '2': 0.8210400901830665}","{'policy_dri': True, 'active_frontier_distance': True, 'oracle_normalized_return': False, 'response_signature_accuracy': True, 'belief_calibration': True, 'partner_response_prediction_loss': False}"
active_boundary,pace_style,2004,binary-role-allocation--active_boundary--identity,greedy,exact_neural_policy_tree,80.0,0.0,20.0,20.0,0.0,20.0,0.0,0.0,2.0,0.0,0.0,0.0,,0.5,0.5006146741658379,0.014022260904312134,,{'2': 1.0},"{'policy_dri': True, 'active_frontier_distance': True, 'oracle_normalized_return': False, 'response_signature_accuracy': True, 'belief_calibration': True, 'partner_response_prediction_loss': False}"
active_boundary,pace_style,2004,binary-role-allocation--active_boundary--identity,stochastic,exact_neural_policy_tree,79.80866222031531,0.21274720869005712,19.978590570994633,19.787252113923714,0.1913384570709198,20.19133777968469,0.010637394303814319,0.01772893405750476,1.7470626745663345,0.0049299184689866726,0.0049299184689866726,1.1974609878455204e-08,,0.5023595721119561,0.5004006035680382,0.012072510674234982,,"{'0': 0.08251067996025085, '1': 0.08791589777454104, '2': 0.8295733883958967}","{'policy_dri': True, 'active_frontier_distance': True, 'oracle_normalized_return': False, 'response_signature_accuracy': True, 'belief_calibration': True, 'partner_response_prediction_loss': False}"
active_boundary,pace_style,2005,binary-role-allocation--active_boundary--identity,greedy,exact_neural_policy_tree,80.0,0.0,20.0,20.0,0.0,20.0,0.0,0.0,2.0,0.0,0.0,0.0,,0.5,0.5025248939005679,0.0332702174782753,,{'2': 1.0},"{'policy_dri': True, 'active_frontier_distance': True, 'oracle_normalized_return': False, 'response_signature_accuracy': True, 'belief_calibration': True, 'partner_response_prediction_loss': False}"
active_boundary,pace_style,2005,binary-role-allocation--active_boundary--identity,stochastic,exact_neural_policy_tree,79.83493597083395,0.17496596482256632,19.990098064343485,19.825033414298467,0.1650646500450179,20.16506402916605,0.00874832928507665,0.014580497068547192,1.7186983870369865,0.004054426597340145,0.004054426597340145,1.0975693181022136e-08,,0.499999984743276,0.5024030024499345,0.033451199265824794,,"{'0': 0.08483532071113586, '1': 0.1116309094528452, '2': 0.8035337387920707}","{'policy_dri': True, 'active_frontier_distance': True, 'oracle_normalized_return': False, 'response_signature_accuracy': True, 'belief_calibration': True, 'partner_response_prediction_loss': False}"
active_boundary,pace_style,2006,binary-role-allocation--active_boundary--identity,greedy,exact_neural_policy_tree,80.0,0.0,20.0,20.0,0.0,20.0,0.0,0.0,2.0,0.0,0.0,0.0,,0.5,0.5006304159164164,0.017078980803489685,,{'2': 1.0},"{'policy_dri': True, 'active_frontier_distance': True, 'oracle_normalized_return': False, 'response_signature_accuracy': True, 'belief_calibration': True, 'partner_response_prediction_loss': False}"
active_boundary,pace_style,2006,binary-role-allocation--active_boundary--identity,stochastic,exact_neural_policy_tree,79.88061445700694,0.1278240957588526,19.9915614472342,19.872175511741172,0.11938593549302823,20.119385542993054,0.0063912244129413764,0.010652007979904383,1.7528941269707985,0.0029620241522470316,0.0029620241522470316,6.9384848460723576e-09,,0.4999999902495145,0.500586952766507,0.016344868131034584,,"{'0': 0.08087274432182312, '1': 0.08536034513555786, '2': 0.8337668909176204}","{'policy_dri': True, 'active_frontier_distance': True, 'oracle_normalized_return': False, 'response_signature_accuracy': True, 'belief_calibration': True, 'partner_response_prediction_loss': False}"
active_boundary,pace_style,2007,binary-role-allocation--active_boundary--identity,greedy,exact_neural_policy_tree,80.0,0.0,20.0,20.0,0.0,20.0,0.0,0.0,2.0,0.0,0.0,0.0,,0.5,0.5022076923517587,0.027347588911652565,,{'2': 1.0},"{'policy_dri': True, 'active_frontier_distance': True, 'oracle_normalized_return': False, 'response_signature_accuracy': True, 'belief_calibration': True, 'partner_response_prediction_loss': False}"
active_boundary,pace_style,2007,binary-role-allocation--active_boundary--identity,stochastic,exact_neural_policy_tree,79.85205372316189,0.16475394392833526,19.98319233290978,19.835246692045168,0.14794564086461293,20.147946276838116,0.008237665397741623,0.01372949532736127,1.7454194440805109,0.003817786921914406,0.003817786921914406,1.1242529431467177e-08,,0.5000000159065718,0.5017301017154038,0.024728215093876904,,"{'0': 0.07559816911816597, '1': 0.10338428128050742, '2': 0.8210175814000016}","{'policy_dri': True, 'active_frontier_distance': True, 'oracle_normalized_return': False, 'response_signature_accuracy': True, 'belief_calibration': True, 'partner_response_prediction_loss': False}"
active_boundary,pace_style,2008,binary-role-allocation--active_boundary--identity,greedy,exact_neural_policy_tree,80.0,0.0,20.0,20.0,0.0,20.0,0.0,0.0,2.0,0.0,0.0,0.0,,0.5,0.5000972594039861,0.006574448198080063,,{'2': 1.0},"{'policy_dri': True, 'active_frontier_distance': True, 'oracle_normalized_return': False, 'response_signature_accuracy': True, 'belief_calibration': True, 'partner_response_prediction_loss': False}"
active_boundary,pace_style,2008,binary-role-allocation--active_boundary--identity,stochastic,exact_neural_policy_tree,79.84940706245106,0.15379137332575732,19.996801564223173,19.84620885322085,0.15059271100232152,20.15059293754893,0.0076895573389574425,0.012815947777146444,1.7686889569589084,0.0035637550142151864,0.0035637550142151864,4.004816066853285e-09,,0.5000000054817983,0.5001357250371956,0.007148697539865911,,"{'0': 0.057582106441259384, '1': 0.11614685281323381, '2': 0.8262710520728371}","{'policy_dri': True, 'active_frontier_distance': True, 'oracle_normalized_return': False, 'response_signature_accuracy': True, 'belief_calibration': True, 'partner_response_prediction_loss': False}"
active_boundary,pace_style,2009,binary-role-allocation--active_boundary--identity,greedy,exact_neural_policy_tree,80.0,0.0,20.0,20.0,0.0,20.0,0.0,0.0,2.0,0.0,0.0,0.0,,0.5,0.5002177159246468,0.010110791772603989,,{'2': 1.0},"{'policy_dri': True, 'active_frontier_distance': True, 'oracle_normalized_return': False, 'response_signature_accuracy': True, 'belief_calibration': True, 'partner_response_prediction_loss': False}"
active_boundary,pace_style,2009,binary-role-allocation--active_boundary--identity,stochastic,exact_neural_policy_tree,79.89885387505666,0.10192319168318724,19.999222933260146,19.898076134729283,0.10114679853086272,20.101146124943334,0.005096193263535831,0.00849359930693227,1.828159187891229,0.002361831340542035,0.002361831340542035,1.190745773145888e-08,,0.49999998332817763,0.5002004583257136,0.009958454859746946,,"{'0': 0.0528658963739872, '1': 0.06610895200204298, '2': 0.8810251179445934}","{'policy_dri': True, 'active_frontier_distance': True, 'oracle_normalized_return': False, 'response_signature_accuracy': True, 'belief_calibration': True, 'partner_response_prediction_loss': False}"
active_boundary,pace_style,2010,binary-role-allocation--active_boundary--identity,greedy,exact_neural_policy_tree,80.0,0.0,20.0,20.0,0.0,20.0,0.0,0.0,2.0,0.0,0.0,0.0,,0.5,0.5008782807989797,0.017587628215551376,,{'2': 1.0},"{'policy_dri': True, 'active_frontier_distance': True, 'oracle_normalized_return': False, 'response_signature_accuracy': True, 'belief_calibration': True, 'partner_response_prediction_loss': False}"
active_boundary,pace_style,2010,binary-role-allocation--active_boundary--identity,stochastic,exact_neural_policy_tree,79.85840722456243,0.1508273201291148,19.990765455308456,19.849170355598197,0.1415950997102584,20.14159277543757,0.007541482220090145,0.012568943344092899,1.7771667774271163,0.00349507002094472,0.00349507002094472,4.1087724446069283e-08,,0.5021179601491272,0.5006604809340703,0.014743461465292262,,"{'0': 0.06039576418697834, '1': 0.10204146177165788, '2': 0.8375626578277292}","{'policy_dri': True, 'active_frontier_distance': True, 'oracle_normalized_return': False, 'response_signature_accuracy': True, 'belief_calibration': True, 'partner_response_prediction_loss': False}"
active_too_expensive,mlp_ppo,2001,binary-role-allocation--active_too_expensive--identity,greedy,exact_neural_policy_tree,80.0,0.0,20.0,20.0,0.0,20.0,0.0,0.0,1.0,0.0,0.0,0.0,,,,,,{'1': 1.0},"{'policy_dri': True, 'active_frontier_distance': True, 'oracle_normalized_return': False, 'response_signature_accuracy': False, 'belief_calibration': False, 'partner_response_prediction_loss': False}"
active_too_expensive,mlp_ppo,2001,binary-role-allocation--active_too_expensive--identity,stochastic,exact_neural_policy_tree,79.89926841484223,0.1088682211815963,19.991863363976186,19.912905536668124,0.07895782730806289,20.10073158515778,0.004354723166593822,0.00725788141210642,0.6529382052438736,0.002018212911346033,0.002018212911346033,2.217929040085233e-09,,,,,,"{'0': 0.4624822288751602, '1': 0.42209734836714613, '2': 0.11542042843836374}","{'policy_dri': True, 'active_frontier_distance': True, 'oracle_normalized_return': False, 'response_signature_accuracy': False, 'belief_calibration': False, 'partner_response_prediction_loss': False}"
active_too_expensive,mlp_ppo,2002,binary-role-allocation--active_too_expensive--identity,greedy,exact_neural_policy_tree,80.0,0.0,20.0,20.0,0.0,20.0,0.0,0.0,0.0,0.0,0.0,0.0,,,,,,{'0': 1.0},"{'policy_dri': True, 'active_frontier_distance': True, 'oracle_normalized_return': False, 'response_signature_accuracy': False, 'belief_calibration': False, 'partner_response_prediction_loss': False}"
active_too_expensive,mlp_ppo,2002,binary-role-allocation--active_too_expensive--identity,stochastic,exact_neural_policy_tree,79.94425600449277,0.05919105393683746,19.996552941570393,19.95264631953028,0.04390662204011164,20.055743995507232,0.00236768402348595,0.003946070262455831,0.18454883592003993,0.0010972912755894191,0.0010972912755894191,1.6345931638365055e-08,,,,,,"{'0': 0.8401858508586884, '1': 0.1350793786305584, '2': 0.024734728644740772}","{'policy_dri': True, 'active_frontier_distance': True, 'oracle_normalized_return': False, 'response_signature_accuracy': False, 'belief_calibration': False, 'partner_response_prediction_loss': False}"
active_too_expensive,mlp_ppo,2003,binary-role-allocation--active_too_expensive--identity,greedy,exact_neural_policy_tree,80.0,0.0,20.0,20.0,0.0,20.0,0.0,0.0,0.0,0.0,0.0,0.0,,,,,,{'0': 1.0},"{'policy_dri': True, 'active_frontier_distance': True, 'oracle_normalized_return': False, 'response_signature_accuracy': False, 'belief_calibration': False, 'partner_response_prediction_loss': False}"
active_too_expensive,mlp_ppo,2003,binary-role-allocation--active_too_expensive--identity,stochastic,exact_neural_policy_tree,79.95292876997848,0.05201136247394603,19.995059867547575,19.958390543708806,0.036669323838768975,20.04707123002152,0.0020804728145597195,0.003467424164929735,0.19066596601968763,0.0009641932433756081,0.0009641932433756081,7.151041114536772e-09,,,,,,"{'0': 0.8287274688482285, '1': 0.15187905965265175, '2': 0.019393453183517945}","{'policy_dri': True, 'active_frontier_distance': True, 'oracle_normalized_return': False, 'response_signature_accuracy': False, 'belief_calibration': False, 'partner_response_prediction_loss': False}"
active_too_expensive,mlp_ppo,2004,binary-role-allocation--active_too_expensive--identity,greedy,exact_neural_policy_tree,80.0,0.0,20.0,20.0,0.0,20.0,0.0,0.0,0.0,0.0,0.0,0.0,,,,,,{'0': 1.0},"{'policy_dri': True, 'active_frontier_distance': True, 'oracle_normalized_return': False, 'response_signature_accuracy': False, 'belief_calibration': False, 'partner_response_prediction_loss': False}"
active_too_expensive,mlp_ppo,2004,binary-role-allocation--active_too_expensive--identity,stochastic,exact_neural_policy_tree,79.90293880019092,0.09896015344813916,19.99810104636094,19.92083254241284,0.07726850394810114,20.09706119980908,0.003958372879358052,0.006597343563209277,0.28315621182471573,0.0018345358933042003,0.0018345358933042003,1.2985288999699764e-08,,,,,,"{'0': 0.7853762805461884, '1': 0.14609129360004264, '2': 0.06853245911233657}","{'policy_dri': True, 'active_frontier_distance': True, 'oracle_normalized_return': False, 'response_signature_accuracy': False, 'belief_calibration': False, 'partner_response_prediction_loss': False}"
active_too_expensive,mlp_ppo,2005,binary-role-allocation--active_too_expensive--identity,greedy,exact_neural_policy_tree,80.0,0.0,20.0,20.0,0.0,20.0,0.0,0.0,1.0,0.0,0.0,0.0,,,,,,{'1': 1.0},"{'policy_dri': True, 'active_frontier_distance': True, 'oracle_normalized_return': False, 'response_signature_accuracy': False, 'belief_calibration': False, 'partner_response_prediction_loss': False}"
active_too_expensive,mlp_ppo,2005,binary-role-allocation--active_too_expensive--identity,stochastic,exact_neural_policy_tree,79.91308992080084,0.09220148574817515,19.99470859345099,19.926240049060514,0.0684685443904769,20.086910079199164,0.003687997546974309,0.006146765716545009,0.48701870998217744,0.0017092428530807184,0.0017092428530807184,2.416123380024112e-08,,,,,,"{'0': 0.6182664632797241, '1': 0.27644848722427956, '2': 0.10528511137894894}","{'policy_dri': True, 'active_frontier_distance': True, 'oracle_normalized_return': False, 'response_signature_accuracy': False, 'belief_calibration': False, 'partner_response_prediction_loss': False}"
active_too_expensive,mlp_ppo,2006,binary-role-allocation--active_too_expensive--identity,greedy,exact_neural_policy_tree,80.0,0.0,20.0,20.0,0.0,20.0,0.0,0.0,0.0,0.0,0.0,0.0,,,,,,{'0': 1.0},"{'policy_dri': True, 'active_frontier_distance': True, 'oracle_normalized_return': False, 'response_signature_accuracy': False, 'belief_calibration': False, 'partner_response_prediction_loss': False}"
active_too_expensive,mlp_ppo,2006,binary-role-allocation--active_too_expensive--identity,stochastic,exact_neural_policy_tree,79.9326905946511,0.07482187852444609,19.992487526824448,19.940141448450436,0.052346078374011284,20.067309405348894,0.002992927577478177,0.004988125234963073,0.20136922185172398,0.001387057487026605,0.001387057487026605,2.0473013767646864e-08,,,,,,"{'0': 0.8225406110286713, '1': 0.1535494512179329, '2': 0.023909885316895547}","{'policy_dri': True, 'active_frontier_distance': True, 'oracle_normalized_return': False, 'response_signature_accuracy': False, 'belief_calibration': False, 'partner_response_prediction_loss': False}"
active_too_expensive,mlp_ppo,2007,binary-role-allocation--active_too_expensive--identity,greedy,exact_neural_policy_tree,80.0,0.0,20.0,20.0,0.0,20.0,0.0,0.0,0.0,0.0,0.0,0.0,,,,,,{'0': 1.0},"{'policy_dri': True, 'active_frontier_distance': True, 'oracle_normalized_return': False, 'response_signature_accuracy': False, 'belief_calibration': False, 'partner_response_prediction_loss': False}"
active_too_expensive,mlp_ppo,2007,binary-role-allocation--active_too_expensive--identity,stochastic,exact_neural_policy_tree,79.9107964643512,0.09085651254281402,19.99834702310599,19.927316544610445,0.071030478495544,20.089203535648803,0.0036341727694777504,0.006057100836187601,0.44015376201311135,0.0016843095689780376,0.0016843095689780376,3.4253682864645047e-08,,,,,,"{'0': 0.7013987302780151, '1': 0.15704895289532803, '2': 0.1415524045588917}","{'policy_dri': True, 'active_frontier_distance': True, 'oracle_normalized_return': False, 'response_signature_accuracy': False, 'belief_calibration': False, 'partner_response_prediction_loss': False}"
active_too_expensive,mlp_ppo,2008,binary-role-allocation--active_too_expensive--identity,greedy,exact_neural_policy_tree,80.0,0.0,20.0,20.0,0.0,20.0,0.0,0.0,0.0,0.0,0.0,0.0,,,,,,{'0': 1.0},"{'policy_dri': True, 'active_frontier_distance': True, 'oracle_normalized_return': False, 'response_signature_accuracy': False, 'belief_calibration': False, 'partner_response_prediction_loss': False}"
active_too_expensive,mlp_ppo,2008,binary-role-allocation--active_too_expensive--identity,stochastic,exact_neural_policy_tree,79.90896301567092,0.09476150910345921,19.99627547522562,19.924190310884832,0.0720851643407876,20.09103698432908,0.0037904844557584026,0.006317433940230614,0.17168039815397262,0.0017567008911831637,0.0017567008911831637,9.406197316586953e-09,,,,,,"{'0': 0.8537871539592743, '1': 0.12074524574423867, '2': 0.025467576204866973}","{'policy_dri': True, 'active_frontier_distance': True, 'oracle_normalized_return': False, 'response_signature_accuracy': False, 'belief_calibration': False, 'partner_response_prediction_loss': False}"
active_too_expensive,mlp_ppo,2009,binary-role-allocation--active_too_expensive--identity,greedy,exact_neural_policy_tree,80.0,0.0,20.0,20.0,0.0,20.0,0.0,0.0,2.0,0.0,0.0,0.0,,,,,,{'2': 1.0},"{'policy_dri': True, 'active_frontier_distance': True, 'oracle_normalized_return': False, 'response_signature_accuracy': False, 'belief_calibration': False, 'partner_response_prediction_loss': False}"
active_too_expensive,mlp_ppo,2009,binary-role-allocation--active_too_expensive--identity,stochastic,exact_neural_policy_tree,79.91264954323397,0.09159465933594586,19.995755797430085,19.926723925591816,0.06903187183826986,20.087350456766032,0.00366380372040922,0.006106310622396391,0.7218186764458868,0.0016979934279793005,0.0016979934279793005,6.772854454562654e-09,,,,,,"{'0': 0.5039349943399429, '1': 0.27031130018028426, '2': 0.22575368813280125}","{'policy_dri': True, 'active_frontier_distance': True, 'oracle_normalized_return': False, 'response_signature_accuracy': False, 'belief_calibration': False, 'partner_response_prediction_loss': False}"
active_too_expensive,mlp_ppo,2010,binary-role-allocation--active_too_expensive--identity,greedy,exact_neural_policy_tree,80.0,0.0,20.0,20.0,0.0,20.0,0.0,0.0,0.0,0.0,0.0,0.0,,,,,,{'0': 1.0},"{'policy_dri': True, 'active_frontier_distance': True, 'oracle_normalized_return': False, 'response_signature_accuracy': False, 'belief_calibration': False, 'partner_response_prediction_loss': False}"
active_too_expensive,mlp_ppo,2010,binary-role-allocation--active_too_expensive--identity,stochastic,exact_neural_policy_tree,79.92808674408943,0.07451585959643126,19.997397396314142,19.94038799854865,0.05700939776549063,20.071913255910573,0.0029806000725674407,0.004967723973095418,0.4949777853538106,0.0013813844692723645,0.0013813844692723645,1.3396308021965821e-08,,,,,,"{'0': 0.5910689979791641, '1': 0.3228842873104408, '2': 0.08604674902168494}","{'policy_dri': True, 'active_frontier_distance': True, 'oracle_normalized_return': False, 'response_signature_accuracy': False, 'belief_calibration': False, 'partner_response_prediction_loss': False}"
active_too_expensive,gru_ppo_passive,2001,binary-role-allocation--active_too_expensive--identity,greedy,exact_neural_policy_tree,80.0,0.0,20.0,20.0,0.0,20.0,0.0,0.0,0.0,0.0,0.0,0.0,,,,,,{'0': 1.0},"{'policy_dri': True, 'active_frontier_distance': True, 'oracle_normalized_return': False, 'response_signature_accuracy': False, 'belief_calibration': False, 'partner_response_prediction_loss': False}"
active_too_expensive,gru_ppo_passive,2001,binary-role-allocation--active_too_expensive--identity,stochastic,exact_neural_policy_tree,79.99999923059075,0.0,20.000000769409255,20.000000769409255,0.0,20.000000769409255,-3.8470462726536424e-08,0.0,0.4150447664621743,0.0,0.0,1.9235231407677134e-08,,,,,,"{'0': 0.6676511764526367, '1': 0.2496529575734776, '2': 0.08269590444434835}","{'policy_dri': True, 'active_frontier_distance': True, 'oracle_normalized_return': False, 'response_signature_accuracy': False, 'belief_calibration': False, 'partner_response_prediction_loss': False}"
active_too_expensive,gru_ppo_passive,2002,binary-role-allocation--active_too_expensive--identity,greedy,exact_neural_policy_tree,80.0,0.0,20.0,20.0,0.0,20.0,0.0,0.0,0.0,0.0,0.0,0.0,,,,,,{'0': 1.0},"{'policy_dri': True, 'active_frontier_distance': True, 'oracle_normalized_return': False, 'response_signature_accuracy': False, 'belief_calibration': False, 'partner_response_prediction_loss': False}"
active_too_expensive,gru_ppo_passive,2002,binary-role-allocation--active_too_expensive--identity,stochastic,exact_neural_policy_tree,79.99999932851667,0.0,20.00000067148334,20.00000067148334,0.0,20.00000067148334,-3.3574166913297175e-08,0.0,0.4345388801814449,0.0,0.0,1.678708350105751e-08,,,,,,"{'0': 0.6886518597602844, '1': 0.18815746744632023, '2': 0.12319070636756232}","{'policy_dri': True, 'active_frontier_distance': True, 'oracle_normalized_return': False, 'response_signature_accuracy': False, 'belief_calibration': False, 'partner_response_prediction_loss': False}"
active_too_expensive,gru_ppo_passive,2003,binary-role-allocation--active_too_expensive--identity,greedy,exact_neural_policy_tree,80.0,0.0,20.0,20.0,0.0,20.0,0.0,0.0,1.0,0.0,0.0,0.0,,,,,,{'1': 1.0},"{'policy_dri': True, 'active_frontier_distance': True, 'oracle_normalized_return': False, 'response_signature_accuracy': False, 'belief_calibration': False, 'partner_response_prediction_loss': False}"
active_too_expensive,gru_ppo_passive,2003,binary-role-allocation--active_too_expensive--identity,stochastic,exact_neural_policy_tree,80.00000012914663,0.0,19.999999870853372,19.999999870853372,0.0,19.999999870853372,6.457331380715914e-09,0.0,0.5669201327883804,0.0,0.0,2.52116432801027e-09,,,,,,"{'0': 0.5727969259023666, '1': 0.28748600249222367, '2': 0.13971706514807836}","{'policy_dri': True, 'active_frontier_distance': True, 'oracle_normalized_return': False, 'response_signature_accuracy': False, 'belief_calibration': False, 'partner_response_prediction_loss': False}"
active_too_expensive,gru_ppo_passive,2004,binary-role-allocation--active_too_expensive--identity,greedy,exact_neural_policy_tree,80.0,0.0,20.0,20.0,0.0,20.0,0.0,0.0,1.0,0.0,0.0,0.0,,,,,,{'1': 1.0},"{'policy_dri': True, 'active_frontier_distance': True, 'oracle_normalized_return': False, 'response_signature_accuracy': False, 'belief_calibration': False, 'partner_response_prediction_loss': False}"
active_too_expensive,gru_ppo_passive,2004,binary-role-allocation--active_too_expensive--identity,stochastic,exact_neural_policy_tree,80.00000055142753,0.0,19.99999944857247,19.99999944857247,0.0,19.99999944857247,2.7571376470802988e-08,0.0,0.5790663657850907,0.0,0.0,1.0764813973897799e-08,,,,,,"{'0': 0.543089434504509, '1': 0.3347547100631383, '2': 0.12215582786097622}","{'policy_dri': True, 'active_frontier_distance': True, 'oracle_normalized_return': False, 'response_signature_accuracy': False, 'belief_calibration': False, 'partner_response_prediction_loss': False}"
active_too_expensive,gru_ppo_passive,2005,binary-role-allocation--active_too_expensive--identity,greedy,exact_neural_policy_tree,80.0,0.0,20.0,20.0,0.0,20.0,0.0,0.0,0.0,0.0,0.0,0.0,,,,,,{'0': 1.0},"{'policy_dri': True, 'active_frontier_distance': True, 'oracle_normalized_return': False, 'response_signature_accuracy': False, 'belief_calibration': False, 'partner_response_prediction_loss': False}"
active_too_expensive,gru_ppo_passive,2005,binary-role-allocation--active_too_expensive--identity,stochastic,exact_neural_policy_tree,80.00000064888914,0.0,19.99999935111086,19.99999935111086,0.0,19.99999935111086,3.244445707650812e-08,0.0,0.19358991979063914,0.0,0.0,1.2667432285602093e-08,,,,,,"{'0': 0.8439950942993164, '1': 0.11841982672181395, '2': 0.037585046534412594}","{'policy_dri': True, 'active_frontier_distance': True, 'oracle_normalized_return': False, 'response_signature_accuracy': False, 'belief_calibration': False, 'partner_response_prediction_loss': False}"
active_too_expensive,gru_ppo_passive,2006,binary-role-allocation--active_too_expensive--identity,greedy,exact_neural_policy_tree,80.0,0.0,20.0,20.0,0.0,20.0,0.0,0.0,0.0,0.0,0.0,0.0,,,,,,{'0': 1.0},"{'policy_dri': True, 'active_frontier_distance': True, 'oracle_normalized_return': False, 'response_signature_accuracy': False, 'belief_calibration': False, 'partner_response_prediction_loss': False}"
active_too_expensive,gru_ppo_passive,2006,binary-role-allocation--active_too_expensive--identity,stochastic,exact_neural_policy_tree,79.9999995443028,0.0,20.00000045569721,20.00000045569721,0.0,20.00000045569721,-2.2784860576052778e-08,0.0,0.2799323693419341,0.0,0.0,1.139243033243531e-08,,,,,,"{'0': 0.7791637480258942, '1': 0.16174018017599856, '2': 0.05909609458296776}","{'policy_dri': True, 'active_frontier_distance': True, 'oracle_normalized_return': False, 'response_signature_accuracy': False, 'belief_calibration': False, 'partner_response_prediction_loss': False}"
active_too_expensive,gru_ppo_passive,2007,binary-role-allocation--active_too_expensive--identity,greedy,exact_neural_policy_tree,80.0,0.0,20.0,20.0,0.0,20.0,0.0,0.0,1.0,0.0,0.0,0.0,,,,,,{'1': 1.0},"{'policy_dri': True, 'active_frontier_distance': True, 'oracle_normalized_return': False, 'response_signature_accuracy': False, 'belief_calibration': False, 'partner_response_prediction_loss': False}"
active_too_expensive,gru_ppo_passive,2007,binary-role-allocation--active_too_expensive--identity,stochastic,exact_neural_policy_tree,80.00000015839073,0.0,19.99999984160927,19.99999984160927,0.0,19.99999984160927,7.919536493261603e-09,0.0,0.5085170982586799,0.0,0.0,3.0920595088047665e-09,,,,,,"{'0': 0.6134689450263977, '1': 0.2645449958494517, '2': 0.12198605120461407}","{'policy_dri': True, 'active_frontier_distance': True, 'oracle_normalized_return': False, 'response_signature_accuracy': False, 'belief_calibration': False, 'partner_response_prediction_loss': False}"
active_too_expensive,gru_ppo_passive,2008,binary-role-allocation--active_too_expensive--identity,greedy,exact_neural_policy_tree,80.0,0.0,20.0,20.0,0.0,20.0,0.0,0.0,0.0,0.0,0.0,0.0,,,,,,{'0': 1.0},"{'policy_dri': True, 'active_frontier_distance': True, 'oracle_normalized_return': False, 'response_signature_accuracy': False, 'belief_calibration': False, 'partner_response_prediction_loss': False}"
active_too_expensive,gru_ppo_passive,2008,binary-role-allocation--active_too_expensive--identity,stochastic,exact_neural_policy_tree,80.00000050002184,0.0,19.999999499978156,19.999999499978156,0.0,19.999999499978156,2.5001092218701614e-08,0.0,0.42888591127639697,0.0,0.0,9.761286538554664e-09,,,,,,"{'0': 0.657253235578537, '1': 0.25660756756434466, '2': 0.08613917185602614}","{'policy_dri': True, 'active_frontier_distance': True, 'oracle_normalized_return': False, 'response_signature_accuracy': False, 'belief_calibration': False, 'partner_response_prediction_loss': False}"
active_too_expensive,gru_ppo_passive,2009,binary-role-allocation--active_too_expensive--identity,greedy,exact_neural_policy_tree,80.0,0.0,20.0,20.0,0.0,20.0,0.0,0.0,2.0,0.0,0.0,0.0,,,,,,{'2': 1.0},"{'policy_dri': True, 'active_frontier_distance': True, 'oracle_normalized_return': False, 'response_signature_accuracy': False, 'belief_calibration': False, 'partner_response_prediction_loss': False}"
active_too_expensive,gru_ppo_passive,2009,binary-role-allocation--active_too_expensive--identity,stochastic,exact_neural_policy_tree,80.00000181351778,0.0,19.999998186482216,19.999998186482216,0.0,19.999998186482216,9.067588919720038e-08,0.0,0.5476979879815153,0.0,0.0,3.5402986822783133e-08,,,,,,"{'0': 0.6263572573661804, '1': 0.19958731593434553, '2': 0.17405533602358486}","{'policy_dri': True, 'active_frontier_distance': True, 'oracle_normalized_return': False, 'response_signature_accuracy': False, 'belief_calibration': False, 'partner_response_prediction_loss': False}"
active_too_expensive,gru_ppo_passive,2010,binary-role-allocation--active_too_expensive--identity,greedy,exact_neural_policy_tree,80.0,0.0,20.0,20.0,0.0,20.0,0.0,0.0,0.0,0.0,0.0,0.0,,,,,,{'0': 1.0},"{'policy_dri': True, 'active_frontier_distance': True, 'oracle_normalized_return': False, 'response_signature_accuracy': False, 'belief_calibration': False, 'partner_response_prediction_loss': False}"
active_too_expensive,gru_ppo_passive,2010,binary-role-allocation--active_too_expensive--identity,stochastic,exact_neural_policy_tree,79.9999995079635,0.0,20.000000492036502,20.000000492036502,0.0,20.000000492036502,-2.4601825110437404e-08,0.0,0.46774052548814393,0.0,0.0,1.230091251080978e-08,,,,,,"{'0': 0.6514573991298676, '1': 0.22934472545577123, '2': 0.11919790001618635}","{'policy_dri': True, 'active_frontier_distance': True, 'oracle_normalized_return': False, 'response_signature_accuracy': False, 'belief_calibration': False, 'partner_response_prediction_loss': False}"
active_too_expensive,gru_ppo_active,2001,binary-role-allocation--active_too_expensive--identity,greedy,exact_neural_policy_tree,80.0,0.0,20.0,20.0,0.0,20.0,0.0,0.0,0.0,0.0,0.0,0.0,,,,,,{'0': 1.0},"{'policy_dri': True, 'active_frontier_distance': True, 'oracle_normalized_return': False, 'response_signature_accuracy': False, 'belief_calibration': False, 'partner_response_prediction_loss': False}"
active_too_expensive,gru_ppo_active,2001,binary-role-allocation--active_too_expensive--identity,stochastic,exact_neural_policy_tree,79.91859279769746,0.08413565934729876,19.997271542955247,19.93269106189201,0.06458048106323488,20.081407202302547,0.0033654469053994163,0.005609043956486585,0.1331392303620816,0.0015597175388407517,0.0015597175388407517,8.016206903262028e-09,,,,,,"{'0': 0.879192166030407, '1': 0.10847639651408962, '2': 0.012331416923996}","{'policy_dri': True, 'active_frontier_distance': True, 'oracle_normalized_return': False, 'response_signature_accuracy': False, 'belief_calibration': False, 'partner_response_prediction_loss': False}"
active_too_expensive,gru_ppo_active,2002,binary-role-allocation--active_too_expensive--identity,greedy,exact_neural_policy_tree,80.0,0.0,20.0,20.0,0.0,20.0,0.0,0.0,0.0,0.0,0.0,0.0,,,,,,{'0': 1.0},"{'policy_dri': True, 'active_frontier_distance': True, 'oracle_normalized_return': False, 'response_signature_accuracy': False, 'belief_calibration': False, 'partner_response_prediction_loss': False}"
active_too_expensive,gru_ppo_active,2002,binary-role-allocation--active_too_expensive--identity,stochastic,exact_neural_policy_tree,79.88053941924906,0.12618285633396167,19.99327772441697,19.899052392824295,0.09422533159267488,20.119460580750932,0.005047380358785247,0.008412190422264113,0.3997732797220626,0.002339193816889266,0.002339193816889266,2.5809832980438668e-08,,,,,,"{'0': 0.7004302144050598, '1': 0.19936615925696383, '2': 0.10020356023254946}","{'policy_dri': True, 'active_frontier_distance': True, 'oracle_normalized_return': False, 'response_signature_accuracy': False, 'belief_calibration': False, 'partner_response_prediction_loss': False}"
active_too_expensive,gru_ppo_active,2003,binary-role-allocation--active_too_expensive--identity,greedy,exact_neural_policy_tree,80.0,0.0,20.0,20.0,0.0,20.0,0.0,0.0,0.0,0.0,0.0,0.0,,,,,,{'0': 1.0},"{'policy_dri': True, 'active_frontier_distance': True, 'oracle_normalized_return': False, 'response_signature_accuracy': False, 'belief_calibration': False, 'partner_response_prediction_loss': False}"
active_too_expensive,gru_ppo_active,2003,binary-role-allocation--active_too_expensive--identity,stochastic,exact_neural_policy_tree,79.90512224947634,0.09992418910725893,19.994953561416413,19.920060563149075,0.07489299826733742,20.094877750523672,0.003996971842546238,0.006661612607150595,0.3514096032877673,0.001852407308792731,0.001852407308792731,1.6703782788603182e-09,,,,,,"{'0': 0.6759747564792633, '1': 0.2966408751971943, '2': 0.027384364045286512}","{'policy_dri': True, 'active_frontier_distance': True, 'oracle_normalized_return': False, 'response_signature_accuracy': False, 'belief_calibration': False, 'partner_response_prediction_loss': False}"
active_too_expensive,gru_ppo_active,2004,binary-role-allocation--active_too_expensive--identity,greedy,exact_neural_policy_tree,80.0,0.0,20.0,20.0,0.0,20.0,0.0,0.0,0.0,0.0,0.0,0.0,,,,,,{'0': 1.0},"{'policy_dri': True, 'active_frontier_distance': True, 'oracle_normalized_return': False, 'response_signature_accuracy': False, 'belief_calibration': False, 'partner_response_prediction_loss': False}"
active_too_expensive,gru_ppo_active,2004,binary-role-allocation--active_too_expensive--identity,stochastic,exact_neural_policy_tree,79.89005298110342,0.1174993339964783,19.992447684900092,19.906001577075813,0.08644610782427975,20.10994701889657,0.0046999211462093625,0.007833288933098554,0.20165045552737124,0.002178217576924456,0.002178217576924456,2.038600528002205e-08,,,,,,"{'0': 0.8331155478954315, '1': 0.13211855310906534, '2': 0.03476595120915294}","{'policy_dri': True, 'active_frontier_distance': True, 'oracle_normalized_return': False, 'response_signature_accuracy': False, 'belief_calibration': False, 'partner_response_prediction_loss': False}"
active_too_expensive,gru_ppo_active,2005,binary-role-allocation--active_too_expensive--identity,greedy,exact_neural_policy_tree,80.0,0.0,20.0,20.0,0.0,20.0,0.0,0.0,1.0,0.0,0.0,0.0,,,,,,{'1': 1.0},"{'policy_dri': True, 'active_frontier_distance': True, 'oracle_normalized_return': False, 'response_signature_accuracy': False, 'belief_calibration': False, 'partner_response_prediction_loss': False}"
active_too_expensive,gru_ppo_active,2005,binary-role-allocation--active_too_expensive--identity,stochastic,exact_neural_policy_tree,79.85592503600229,0.16065516312808584,19.983419800869626,19.871475322931953,0.11194447793767281,20.144074963997713,0.00642623385340233,0.010710344208539056,0.5494272795411652,0.002978245818480562,0.002978245818480562,1.066990032263696e-08,,,,,,"{'0': 0.559002012014389, '1': 0.33256864177349876, '2': 0.10842931888383321}","{'policy_dri': True, 'active_frontier_distance': True, 'oracle_normalized_return': False, 'response_signature_accuracy': False, 'belief_calibration': False, 'partner_response_prediction_loss': False}"
active_too_expensive,gru_ppo_active,2006,binary-role-allocation--active_too_expensive--identity,greedy,exact_neural_policy_tree,80.0,0.0,20.0,20.0,0.0,20.0,0.0,0.0,0.0,0.0,0.0,0.0,,,,,,{'0': 1.0},"{'policy_dri': True, 'active_frontier_distance': True, 'oracle_normalized_return': False, 'response_signature_accuracy': False, 'belief_calibration': False, 'partner_response_prediction_loss': False}"
active_too_expensive,gru_ppo_active,2006,binary-role-allocation--active_too_expensive--identity,stochastic,exact_neural_policy_tree,79.91022596021105,0.09570017333981538,19.99407386644914,19.923439545831307,0.07063432061783104,20.089774039788953,0.0038280227084346308,0.006380011555987692,0.2459098636617568,0.0017741019680141417,0.0017741019680141417,6.159041043145143e-09,,,,,,"{'0': 0.7919614911079407, '1': 0.17016712257267796, '2': 0.03787137054453941}","{'policy_dri': True, 'active_frontier_distance': True, 'oracle_normalized_return': False, 'response_signature_accuracy': False, 'belief_calibration': False, 'partner_response_prediction_loss': False}"
active_too_expensive,gru_ppo_active,2007,binary-role-allocation--active_too_expensive--identity,greedy,exact_neural_policy_tree,80.0,0.0,20.0,20.0,0.0,20.0,0.0,0.0,0.0,0.0,0.0,0.0,,,,,,{'0': 1.0},"{'policy_dri': True, 'active_frontier_distance': True, 'oracle_normalized_return': False, 'response_signature_accuracy': False, 'belief_calibration': False, 'partner_response_prediction_loss': False}"
active_too_expensive,gru_ppo_active,2007,binary-role-allocation--active_too_expensive--identity,stochastic,exact_neural_policy_tree,79.88404915277935,0.127123872637327,19.98882697458332,19.8982993494826,0.09052762510071943,20.115950847220645,0.005085032525870048,0.008474924842488466,0.3471828671247906,0.0023566384966371883,0.0023566384966371883,3.030566564822956e-08,,,,,,"{'0': 0.7527928650379181, '1': 0.1472312475586193, '2': 0.09997580978308565}","{'policy_dri': True, 'active_frontier_distance': True, 'oracle_normalized_return': False, 'response_signature_accuracy': False, 'belief_calibration': False, 'partner_response_prediction_loss': False}"
active_too_expensive,gru_ppo_active,2008,binary-role-allocation--active_too_expensive--identity,greedy,exact_neural_policy_tree,80.0,0.0,20.0,20.0,0.0,20.0,0.0,0.0,1.0,0.0,0.0,0.0,,,,,,{'1': 1.0},"{'policy_dri': True, 'active_frontier_distance': True, 'oracle_normalized_return': False, 'response_signature_accuracy': False, 'belief_calibration': False, 'partner_response_prediction_loss': False}"
active_too_expensive,gru_ppo_active,2008,binary-role-allocation--active_too_expensive--identity,stochastic,exact_neural_policy_tree,79.86130586829259,0.1424306501855617,19.996263481521854,19.886055943431472,0.11020753809038197,20.138694131707418,0.005697202828426384,0.009495376679037448,0.7271379439940818,0.0026403974829020535,0.0026403974829020535,9.049877558268233e-09,,,,,,"{'0': 0.42799752950668335, '1': 0.4168670433505435, '2': 0.15513545032176917}","{'policy_dri': True, 'active_frontier_distance': True, 'oracle_normalized_return': False, 'response_signature_accuracy': False, 'belief_calibration': False, 'partner_response_prediction_loss': False}"
active_too_expensive,gru_ppo_active,2009,binary-role-allocation--active_too_expensive--identity,greedy,exact_neural_policy_tree,80.0,0.0,20.0,20.0,0.0,20.0,0.0,0.0,1.0,0.0,0.0,0.0,,,,,,{'1': 1.0},"{'policy_dri': True, 'active_frontier_distance': True, 'oracle_normalized_return': False, 'response_signature_accuracy': False, 'belief_calibration': False, 'partner_response_prediction_loss': False}"
active_too_expensive,gru_ppo_active,2009,binary-role-allocation--active_too_expensive--identity,stochastic,exact_neural_policy_tree,79.87699161446596,0.12456420529919308,19.998444180234838,19.900347100685607,0.09809707954923041,20.123008385534032,0.004982644965719629,0.008304280353279538,0.7671901303109153,0.00230918705842589,0.00230918705842589,2.996730544162845e-08,,,,,,"{'0': 0.4523902088403702, '1': 0.3280292985008405, '2': 0.21958041590503743}","{'policy_dri': True, 'active_frontier_distance': True, 'oracle_normalized_return': False, 'response_signature_accuracy': False, 'belief_calibration': False, 'partner_response_prediction_loss': False}"
active_too_expensive,gru_ppo_active,2010,binary-role-allocation--active_too_expensive--identity,greedy,exact_neural_policy_tree,80.0,0.0,20.0,20.0,0.0,20.0,0.0,0.0,1.0,0.0,0.0,0.0,,,,,,{'1': 1.0},"{'policy_dri': True, 'active_frontier_distance': True, 'oracle_normalized_return': False, 'response_signature_accuracy': False, 'belief_calibration': False, 'partner_response_prediction_loss': False}"
active_too_expensive,gru_ppo_active,2010,binary-role-allocation--active_too_expensive--identity,stochastic,exact_neural_policy_tree,79.83596530711563,0.17315701041838374,19.99087768246598,19.861474644192473,0.12940303827350874,20.164034692884364,0.00692626779037635,0.011543800694558915,0.6565336843358945,0.0032100066513765877,0.0032100066513765877,4.929764985436137e-09,,,,,,"{'0': 0.4439133107662201, '1': 0.45563971938438325, '2': 0.1004469824757556}","{'policy_dri': True, 'active_frontier_distance': True, 'oracle_normalized_return': False, 'response_signature_accuracy': False, 'belief_calibration': False, 'partner_response_prediction_loss': False}"
active_too_expensive,odits_style,2001,binary-role-allocation--active_too_expensive--identity,greedy,exact_neural_policy_tree,80.0,0.0,20.0,20.0,0.0,20.0,0.0,0.0,0.0,0.0,0.0,0.0,,,,,,{'0': 1.0},"{'policy_dri': True, 'active_frontier_distance': True, 'oracle_normalized_return': False, 'response_signature_accuracy': False, 'belief_calibration': False, 'partner_response_prediction_loss': False}"
active_too_expensive,odits_style,2001,binary-role-allocation--active_too_expensive--identity,stochastic,exact_neural_policy_tree,79.94228020582982,0.09085609390255102,19.966863700267634,19.927315609582717,0.03954809068491727,20.057719794170186,0.003634219520864157,0.006057072926836734,0.24440428004117656,0.001684301808171671,0.001684301808171671,9.462270661038793e-09,,,,,0.0061385247546344645,"{'0': 0.7773230969905853, '1': 0.20094957444812853, '2': 0.021727352796524015}","{'policy_dri': True, 'active_frontier_distance': True, 'oracle_normalized_return': False, 'response_signature_accuracy': False, 'belief_calibration': False, 'partner_response_prediction_loss': True}"
active_too_expensive,odits_style,2002,binary-role-allocation--active_too_expensive--identity,greedy,exact_neural_policy_tree,80.0,0.0,20.0,20.0,0.0,20.0,0.0,0.0,1.0,0.0,0.0,0.0,,,,,0.007205624133348465,{'1': 1.0},"{'policy_dri': True, 'active_frontier_distance': True, 'oracle_normalized_return': False, 'response_signature_accuracy': False, 'belief_calibration': False, 'partner_response_prediction_loss': True}"
active_too_expensive,odits_style,2002,binary-role-allocation--active_too_expensive--identity,stochastic,exact_neural_policy_tree,79.92399671234698,0.09869645298008192,19.977306834672937,19.92104078203757,0.05626605263536888,20.07600328765302,0.003947960898121572,0.006579763532005462,0.5702202854744476,0.0018296473805354168,0.0018296473805354168,4.012842577940355e-08,,,,,0.008653112555655472,"{'0': 0.508166640996933, '1': 0.4134462269738498, '2': 0.07838702925029892}","{'policy_dri': True, 'active_frontier_distance': True, 'oracle_normalized_return': False, 'response_signature_accuracy': False, 'belief_calibration': False, 'partner_response_prediction_loss': True}"
active_too_expensive,odits_style,2003,binary-role-allocation--active_too_expensive--identity,greedy,exact_neural_policy_tree,80.0,0.0,20.0,20.0,0.0,20.0,0.0,0.0,0.0,0.0,0.0,0.0,,,,,,{'0': 1.0},"{'policy_dri': True, 'active_frontier_distance': True, 'oracle_normalized_return': False, 'response_signature_accuracy': False, 'belief_calibration': False, 'partner_response_prediction_loss': False}"
active_too_expensive,odits_style,2003,binary-role-allocation--active_too_expensive--identity,stochastic,exact_neural_policy_tree,79.92560986671906,0.13448765128181395,19.93990248199913,19.8924101010848,0.04749238091433128,20.074390133280943,0.0053794949457600435,0.008965843418787596,0.13932149906594926,0.0024931491604038717,0.0024931491604038717,4.335974137638126e-09,,,,,0.0075594403908966325,"{'0': 0.8705816268920898, '1': 0.11951526936089603, '2': 0.009903114852526616}","{'policy_dri': True, 'active_frontier_distance': True, 'oracle_normalized_return': False, 'response_signature_accuracy': False, 'belief_calibration': False, 'partner_response_prediction_loss': True}"
active_too_expensive,odits_style,2004,binary-role-allocation--active_too_expensive--identity,greedy,exact_neural_policy_tree,80.0,0.0,20.0,20.0,0.0,20.0,0.0,0.0,1.0,0.0,0.0,0.0,,,,,0.0077454145066440105,{'1': 1.0},"{'policy_dri': True, 'active_frontier_distance': True, 'oracle_normalized_return': False, 'response_signature_accuracy': False, 'belief_calibration': False, 'partner_response_prediction_loss': True}"
active_too_expensive,odits_style,2004,binary-role-allocation--active_too_expensive--identity,stochastic,exact_neural_policy_tree,79.90729683873482,0.15361795588655017,19.93908520537862,19.877104419995028,0.06198078538359297,20.09270316126517,0.006144779000248591,0.010241197059103344,0.6542611031107599,0.0028477891768588083,0.0028477891768588083,2.372466328109009e-08,,,,,0.009491828110367936,"{'0': 0.44742563366889954, '1': 0.45088750802186794, '2': 0.101686797544446}","{'policy_dri': True, 'active_frontier_distance': True, 'oracle_normalized_return': False, 'response_signature_accuracy': False, 'belief_calibration': False, 'partner_response_prediction_loss': True}"
active_too_expensive,odits_style,2005,binary-role-allocation--active_too_expensive--identity,greedy,exact_neural_policy_tree,80.0,0.0,20.0,20.0,0.0,20.0,0.0,0.0,1.0,0.0,0.0,0.0,,,,,0.00824911892414093,{'1': 1.0},"{'policy_dri': True, 'active_frontier_distance': True, 'oracle_normalized_return': False, 'response_signature_accuracy': False, 'belief_calibration': False, 'partner_response_prediction_loss': True}"
active_too_expensive,odits_style,2005,binary-role-allocation--active_too_expensive--identity,stochastic,exact_neural_policy_tree,79.886034802851,0.15338607532822962,19.96057912182077,19.87729168752334,0.08328743429743213,20.113965197149,0.006135415623833041,0.010225738355215308,0.48159189981344347,0.0028434905456180912,0.0028434905456180912,1.0693723529065101e-08,,,,,0.010564346065886769,"{'0': 0.6040537655353546, '1': 0.3103006238944395, '2': 0.08564563795950197}","{'policy_dri': True, 'active_frontier_distance': True, 'oracle_normalized_return': False, 'response_signature_accuracy': False, 'belief_calibration': False, 'partner_response_prediction_loss': True}"
active_too_expensive,odits_style,2006,binary-role-allocation--active_too_expensive--identity,greedy,exact_neural_policy_tree,80.0,0.0,20.0,20.0,0.0,20.0,0.0,0.0,1.0,0.0,0.0,0.0,,,,,0.011100162286311388,{'1': 1.0},"{'policy_dri': True, 'active_frontier_distance': True, 'oracle_normalized_return': False, 'response_signature_accuracy': False, 'belief_calibration': False, 'partner_response_prediction_loss': True}"
active_too_expensive,odits_style,2006,binary-role-allocation--active_too_expensive--identity,stochastic,exact_neural_policy_tree,79.93000901636125,0.11536489819612018,19.95462608544263,19.90770689455085,0.046919190891781426,20.06999098363875,0.004614655272457568,0.0076909932130746796,0.803748594626028,0.0021386491349680414,0.0021386491349680414,2.3170178560724322e-08,,,,,0.012744440278443958,"{'0': 0.2858709841966629, '1': 0.6245093182914206, '2': 0.08961963816730366}","{'policy_dri': True, 'active_frontier_distance': True, 'oracle_normalized_return': False, 'response_signature_accuracy': False, 'belief_calibration': False, 'partner_response_prediction_loss': True}"
active_too_expensive,odits_style,2007,binary-role-allocation--active_too_expensive--identity,greedy,exact_neural_policy_tree,80.0,0.0,20.0,20.0,0.0,20.0,0.0,0.0,0.0,0.0,0.0,0.0,,,,,,{'0': 1.0},"{'policy_dri': True, 'active_frontier_distance': True, 'oracle_normalized_return': False, 'response_signature_accuracy': False, 'belief_calibration': False, 'partner_response_prediction_loss': False}"
active_too_expensive,odits_style,2007,binary-role-allocation--active_too_expensive--identity,stochastic,exact_neural_policy_tree,79.90251336315237,0.1401060772099484,19.95738055963768,19.88791639065784,0.06946416897984165,20.09748663684763,0.005604180467108044,0.009340405147329893,0.39804820692256637,0.00259730425384191,0.00259730425384191,2.4449506016848285e-08,,,,,0.011026248728819294,"{'0': 0.6869030594825745, '1': 0.2281457993548646, '2': 0.0849512037838509}","{'policy_dri': True, 'active_frontier_distance': True, 'oracle_normalized_return': False, 'response_signature_accuracy': False, 'belief_calibration': False, 'partner_response_prediction_loss': True}"
active_too_expensive,odits_style,2008,binary-role-allocation--active_too_expensive--identity,greedy,exact_neural_policy_tree,80.0,0.0,20.0,20.0,0.0,20.0,0.0,0.0,0.0,0.0,0.0,0.0,,,,,,{'0': 1.0},"{'policy_dri': True, 'active_frontier_distance': True, 'oracle_normalized_return': False, 'response_signature_accuracy': False, 'belief_calibration': False, 'partner_response_prediction_loss': False}"
active_too_expensive,odits_style,2008,binary-role-allocation--active_too_expensive--identity,stochastic,exact_neural_policy_tree,79.8768034082521,0.11974062775565904,20.003455963992245,19.904206984955806,0.09924897903643881,20.123196591747902,0.004789650752209695,0.007982708517043935,0.4365911042396251,0.0022197669652932865,0.0022197669652932865,1.0011512496674893e-08,,,,,0.010397508280024875,"{'0': 0.6783307492733002, '1': 0.20674734592980762, '2': 0.11492187915490874}","{'policy_dri': True, 'active_frontier_distance': True, 'oracle_normalized_return': False, 'response_signature_accuracy': False, 'belief_calibration': False, 'partner_response_prediction_loss': True}"
active_too_expensive,odits_style,2009,binary-role-allocation--active_too_expensive--identity,greedy,exact_neural_policy_tree,80.0,0.0,20.0,20.0,0.0,20.0,0.0,0.0,0.0,0.0,0.0,0.0,,,,,,{'0': 1.0},"{'policy_dri': True, 'active_frontier_distance': True, 'oracle_normalized_return': False, 'response_signature_accuracy': False, 'belief_calibration': False, 'partner_response_prediction_loss': False}"
active_too_expensive,odits_style,2009,binary-role-allocation--active_too_expensive--identity,stochastic,exact_neural_policy_tree,79.92089804880759,0.11029549469535979,19.96880645649705,19.91176468101858,0.057041775478467116,20.07910195119241,0.004411765949070912,0.007353032979690652,0.42601351404321525,0.002044671889018635,0.002044671889018635,2.1020497771624752e-08,,,,,0.008614446303859552,"{'0': 0.6392932385206223, '1': 0.29540011659302706, '2': 0.06530669872509406}","{'policy_dri': True, 'active_frontier_distance': True, 'oracle_normalized_return': False, 'response_signature_accuracy': False, 'belief_calibration': False, 'partner_response_prediction_loss': True}"
active_too_expensive,odits_style,2010,binary-role-allocation--active_too_expensive--identity,greedy,exact_neural_policy_tree,80.0,0.0,20.0,20.0,0.0,20.0,0.0,0.0,0.0,0.0,0.0,0.0,,,,,,{'0': 1.0},"{'policy_dri': True, 'active_frontier_distance': True, 'oracle_normalized_return': False, 'response_signature_accuracy': False, 'belief_calibration': False, 'partner_response_prediction_loss': False}"
active_too_expensive,odits_style,2010,binary-role-allocation--active_too_expensive--identity,stochastic,exact_neural_policy_tree,79.91917877906197,0.10713380743330708,19.97368741350473,19.914292308876053,0.059395104628677586,20.080821220938038,0.004285384556197336,0.007142253828887139,0.44052842063653963,0.0019860601289966766,0.0019860601289966766,1.2594970786620435e-08,,,,,0.009519644465817765,"{'0': 0.6423991918563843, '1': 0.27467313113296177, '2': 0.08292764475178892}","{'policy_dri': True, 'active_frontier_distance': True, 'oracle_normalized_return': False, 'response_signature_accuracy': False, 'belief_calibration': False, 'partner_response_prediction_loss': True}"
active_too_expensive,pace_aux,2001,binary-role-allocation--active_too_expensive--identity,greedy,exact_neural_policy_tree,80.0,0.0,20.0,20.0,0.0,20.0,0.0,0.0,0.0,0.0,0.0,0.0,,0.5,0.500007553854281,0.0019434243440628052,,{'0': 1.0},"{'policy_dri': True, 'active_frontier_distance': True, 'oracle_normalized_return': False, 'response_signature_accuracy': True, 'belief_calibration': True, 'partner_response_prediction_loss': False}"
active_too_expensive,pace_aux,2001,binary-role-allocation--active_too_expensive--identity,stochastic,exact_neural_policy_tree,79.88424811343081,0.14372837731721952,19.972023509251965,19.885019257130317,0.0870042521216483,20.115751886569186,0.005749037143484159,0.009581891821147968,0.44285045710075127,0.0026644549132898154,0.0026644549132898154,3.824273938225181e-08,,0.5021341390301246,0.5004419149343828,0.01035370968165894,,"{'0': 0.6446298509836197, '1': 0.2678900368304185, '2': 0.08748021013516641}","{'policy_dri': True, 'active_frontier_distance': True, 'oracle_normalized_return': False, 'response_signature_accuracy': True, 'belief_calibration': True, 'partner_response_prediction_loss': False}"
active_too_expensive,pace_aux,2002,binary-role-allocation--active_too_expensive--identity,greedy,exact_neural_policy_tree,80.0,0.0,20.0,20.0,0.0,20.0,0.0,0.0,0.0,0.0,0.0,0.0,,0.5,0.5000775854324877,0.006228387355804443,,{'0': 1.0},"{'policy_dri': True, 'active_frontier_distance': True, 'oracle_normalized_return': False, 'response_signature_accuracy': True, 'belief_calibration': True, 'partner_response_prediction_loss': False}"
active_too_expensive,pace_aux,2002,binary-role-allocation--active_too_expensive--identity,stochastic,exact_neural_policy_tree,79.89913293675625,0.11926699483383509,19.981600068409925,19.90458725876365,0.07701280964627344,20.10086706324376,0.004770637061817418,0.00795113298892234,0.3409025858288812,0.002210986698033575,0.002210986698033575,1.6683861805526e-08,,0.5022081108308544,0.5001594985505418,0.0088055894714123,,"{'0': 0.6832744926214218, '1': 0.2925485143913471, '2': 0.024177035718767052}","{'policy_dri': True, 'active_frontier_distance': True, 'oracle_normalized_return': False, 'response_signature_accuracy': True, 'belief_calibration': True, 'partner_response_prediction_loss': False}"
active_too_expensive,pace_aux,2003,binary-role-allocation--active_too_expensive--identity,greedy,exact_neural_policy_tree,80.0,0.0,20.0,20.0,0.0,20.0,0.0,0.0,1.5,0.0,0.0,0.0,,0.5,0.5002962473089311,0.010212250053882599,,"{'1': 0.5, '2': 0.5}","{'policy_dri': True, 'active_frontier_distance': True, 'oracle_normalized_return': False, 'response_signature_accuracy': True, 'belief_calibration': True, 'partner_response_prediction_loss': False}"
active_too_expensive,pace_aux,2003,binary-role-allocation--active_too_expensive--identity,stochastic,exact_neural_policy_tree,79.86366540781606,0.14974213946839485,19.98659245271555,19.880208492782018,0.106383959933531,20.136334592183943,0.005989575360899124,0.009982809297892989,0.709085896412505,0.0027759387998412565,0.0027759387998412565,4.303283545099847e-08,,0.49947718920669815,0.5001123298453434,0.009264647380067936,,"{'0': 0.4833177477121353, '1': 0.32427882859889756, '2': 0.1924035339068037}","{'policy_dri': True, 'active_frontier_distance': True, 'oracle_normalized_return': False, 'response_signature_accuracy': True, 'belief_calibration': True, 'partner_response_prediction_loss': False}"
active_too_expensive,pace_aux,2004,binary-role-allocation--active_too_expensive--identity,greedy,exact_neural_policy_tree,80.0,0.0,20.0,20.0,0.0,20.0,0.0,0.0,0.0,0.0,0.0,0.0,,0.5,0.5001736819654801,0.009318828582763672,,{'0': 1.0},"{'policy_dri': True, 'active_frontier_distance': True, 'oracle_normalized_return': False, 'response_signature_accuracy': True, 'belief_calibration': True, 'partner_response_prediction_loss': False}"
active_too_expensive,pace_aux,2004,binary-role-allocation--active_too_expensive--identity,stochastic,exact_neural_policy_tree,79.88001440253547,0.14681700783657886,19.97316858962795,19.882544964571224,0.09062362505672539,20.119985597464527,0.0058727517714388,0.00978780052243859,0.23925735454759037,0.0027217123381369683,0.0027217123381369683,2.7899652186271717e-08,,0.5027669494852941,0.5002320972765937,0.010956507914605562,,"{'0': 0.7926610857248306, '1': 0.17542033108679703, '2': 0.03191851173039668}","{'policy_dri': True, 'active_frontier_distance': True, 'oracle_normalized_return': False, 'response_signature_accuracy': True, 'belief_calibration': True, 'partner_response_prediction_loss': False}"
active_too_expensive,pace_aux,2005,binary-role-allocation--active_too_expensive--identity,greedy,exact_neural_policy_tree,80.0,0.0,20.0,20.0,0.0,20.0,0.0,0.0,1.0,0.0,0.0,0.0,,0.5,0.5019628237485513,0.0247836634516716,,{'1': 1.0},"{'policy_dri': True, 'active_frontier_distance': True, 'oracle_normalized_return': False, 'response_signature_accuracy': True, 'belief_calibration': True, 'partner_response_prediction_loss': False}"
active_too_expensive,pace_aux,2005,binary-role-allocation--active_too_expensive--identity,stochastic,exact_neural_policy_tree,79.82825243792233,0.19473202570079803,19.977015536376868,19.844215475120276,0.13280006125659227,20.171747562077666,0.007789226243986214,0.01298213504671987,0.49072786077760755,0.003609967024870935,0.003609967024870935,2.1389576236948155e-08,,0.5033795479133631,0.500546441970629,0.012265177912746061,,"{'0': 0.6150717437267303, '1': 0.27912876133702313, '2': 0.10579954972029224}","{'policy_dri': True, 'active_frontier_distance': True, 'oracle_normalized_return': False, 'response_signature_accuracy': True, 'belief_calibration': True, 'partner_response_prediction_loss': False}"
active_too_expensive,pace_aux,2006,binary-role-allocation--active_too_expensive--identity,greedy,exact_neural_policy_tree,80.0,0.0,20.0,20.0,0.0,20.0,0.0,0.0,1.0,0.0,0.0,0.0,,0.5,0.502865435962406,0.03378509730100632,,{'1': 1.0},"{'policy_dri': True, 'active_frontier_distance': True, 'oracle_normalized_return': False, 'response_signature_accuracy': True, 'belief_calibration': True, 'partner_response_prediction_loss': False}"
active_too_expensive,pace_aux,2006,binary-role-allocation--active_too_expensive--identity,stochastic,exact_neural_policy_tree,79.89633462600135,0.1242501724099992,19.979415201588655,19.90059991369881,0.07881528788984582,20.103665373998655,0.004970004315059562,0.00828334482733328,0.4723470101558467,0.0023033654768414777,0.0023033654768414777,1.0078441042624418e-09,,0.5020149691259634,0.5007915910891938,0.01285721157965991,,"{'0': 0.6045941114425659, '1': 0.31846477212170227, '2': 0.07694111901707222}","{'policy_dri': True, 'active_frontier_distance': True, 'oracle_normalized_return': False, 'response_signature_accuracy': True, 'belief_calibration': True, 'partner_response_prediction_loss': False}"
active_too_expensive,pace_aux,2007,binary-role-allocation--active_too_expensive--identity,greedy,exact_neural_policy_tree,80.0,0.0,20.0,20.0,0.0,20.0,0.0,0.0,0.0,0.0,0.0,0.0,,0.5,0.5017381525540547,0.029480114579200745,,{'0': 1.0},"{'policy_dri': True, 'active_frontier_distance': True, 'oracle_normalized_return': False, 'response_signature_accuracy': True, 'belief_calibration': True, 'partner_response_prediction_loss': False}"
active_too_expensive,pace_aux,2007,binary-role-allocation--active_too_expensive--identity,stochastic,exact_neural_policy_tree,79.87806057493471,0.14603789284129357,19.975901532223997,19.883171104639548,0.09273042758444916,20.12193942506529,0.005841444768022619,0.009735859522752905,0.29308678518340675,0.0027072690054009154,0.0027072690054009154,2.769961447634218e-08,,0.5001772923459138,0.5020468148982681,0.030688194193272844,,"{'0': 0.7374339997768402, '1': 0.23204535715417096, '2': 0.0305207140146179}","{'policy_dri': True, 'active_frontier_distance': True, 'oracle_normalized_return': False, 'response_signature_accuracy': True, 'belief_calibration': True, 'partner_response_prediction_loss': False}"
active_too_expensive,pace_aux,2008,binary-role-allocation--active_too_expensive--identity,greedy,exact_neural_policy_tree,80.0,0.0,20.0,20.0,0.0,20.0,0.0,0.0,0.0,0.0,0.0,0.0,,0.5,0.500067922150633,0.005827620625495911,,{'0': 1.0},"{'policy_dri': True, 'active_frontier_distance': True, 'oracle_normalized_return': False, 'response_signature_accuracy': True, 'belief_calibration': True, 'partner_response_prediction_loss': False}"
active_too_expensive,pace_aux,2008,binary-role-allocation--active_too_expensive--identity,stochastic,exact_neural_policy_tree,79.86251547326354,0.14707949204625495,19.990405034690205,19.8823362622676,0.10806877242260526,20.13748452673646,0.005883186886619996,0.00980529946975033,0.43195447193850645,0.0027265783037534108,0.0027265783037534108,2.8129900454858817e-09,,0.5026934317235346,0.5002419499713505,0.010140214760026134,,"{'0': 0.6036739498376846, '1': 0.3606976139765849, '2': 0.03562842898096078}","{'policy_dri': True, 'active_frontier_distance': True, 'oracle_normalized_return': False, 'response_signature_accuracy': True, 'belief_calibration': True, 'partner_response_prediction_loss': False}"
active_too_expensive,pace_aux,2009,binary-role-allocation--active_too_expensive--identity,greedy,exact_neural_policy_tree,80.0,0.0,20.0,20.0,0.0,20.0,0.0,0.0,0.0,0.0,0.0,0.0,,0.5,0.5003280089405451,0.01280638575553894,,{'0': 1.0},"{'policy_dri': True, 'active_frontier_distance': True, 'oracle_normalized_return': False, 'response_signature_accuracy': True, 'belief_calibration': True, 'partner_response_prediction_loss': False}"
active_too_expensive,pace_aux,2009,binary-role-allocation--active_too_expensive--identity,stochastic,exact_neural_policy_tree,79.87421888139815,0.13346257185189314,19.99231854674995,19.89322889578869,0.0990896509612611,20.125781118601843,0.005338555210565588,0.008897504790126208,0.5407065261740548,0.002474146107739214,0.002474146107739214,2.043396628455252e-08,,0.5021082590815318,0.5003096090575742,0.011983959964397384,,"{'0': 0.6206019967794418, '1': 0.21808937559408192, '2': 0.1613085752899864}","{'policy_dri': True, 'active_frontier_distance': True, 'oracle_normalized_return': False, 'response_signature_accuracy': True, 'belief_calibration': True, 'partner_response_prediction_loss': False}"
active_too_expensive,pace_aux,2010,binary-role-allocation--active_too_expensive--identity,greedy,exact_neural_policy_tree,80.0,0.0,20.0,20.0,0.0,20.0,0.0,0.0,0.0,0.0,0.0,0.0,,0.5,0.5000001556425411,0.0002789348363876343,,{'0': 1.0},"{'policy_dri': True, 'active_frontier_distance': True, 'oracle_normalized_return': False, 'response_signature_accuracy': True, 'belief_calibration': True, 'partner_response_prediction_loss': False}"
active_too_expensive,pace_aux,2010,binary-role-allocation--active_too_expensive--identity,stochastic,exact_neural_policy_tree,79.85151785565508,0.1795339241554468,19.96894822018948,19.856372110022264,0.1125761101672147,20.148482144344925,0.007181394498886817,0.011968928277029786,0.32322462219009257,0.0033282226881501927,0.0033282226881501927,1.4654045239818749e-08,,0.5029366514490783,0.5007046369293058,0.008872166900722678,,"{'0': 0.7740113139152527, '1': 0.12875267491406409, '2': 0.09723597363801427}","{'policy_dri': True, 'active_frontier_distance': True, 'oracle_normalized_return': False, 'response_signature_accuracy': True, 'belief_calibration': True, 'partner_response_prediction_loss': False}"
active_too_expensive,pace_style,2001,binary-role-allocation--active_too_expensive--identity,greedy,exact_neural_policy_tree,80.0,0.0,20.0,20.0,0.0,20.0,0.0,0.0,2.0,0.0,0.0,0.0,,0.5,0.5005058749876665,0.0136166512966156,,{'2': 1.0},"{'policy_dri': True, 'active_frontier_distance': True, 'oracle_normalized_return': False, 'response_signature_accuracy': True, 'belief_calibration': True, 'partner_response_prediction_loss': False}"
active_too_expensive,pace_style,2001,binary-role-allocation--active_too_expensive--identity,stochastic,exact_neural_policy_tree,79.89831712230725,0.10405095479511096,19.997631922897646,19.916757384802356,0.08087453809529066,20.101682877692756,0.00416213075988221,0.006936730319674064,1.7703665915896984,0.0019289098152443635,0.0019289098152443635,3.614176234239301e-08,,0.4999999537877468,0.5006872323964113,0.016073981661223424,,"{'0': 0.05899265967309475, '1': 0.11164790392795673, '2': 0.8293593438308708}","{'policy_dri': True, 'active_frontier_distance': True, 'oracle_normalized_return': False, 'response_signature_accuracy': True, 'belief_calibration': True, 'partner_response_prediction_loss': False}"
active_too_expensive,pace_style,2002,binary-role-allocation--active_too_expensive--identity,greedy,exact_neural_policy_tree,80.0,0.0,20.0,20.0,0.0,20.0,0.0,0.0,2.0,0.0,0.0,0.0,,0.5,0.5004254358768216,0.011442802846431732,,{'2': 1.0},"{'policy_dri': True, 'active_frontier_distance': True, 'oracle_normalized_return': False, 'response_signature_accuracy': True, 'belief_calibration': True, 'partner_response_prediction_loss': False}"
active_too_expensive,pace_style,2002,binary-role-allocation--active_too_expensive--identity,stochastic,exact_neural_policy_tree,79.88754080351165,0.11615177847286172,19.996307418015476,19.907076434971117,0.08923098304435939,20.112459196488338,0.004646178251444155,0.007743451898190781,1.7616113277811827,0.0021532364214779808,0.0021532364214779808,4.1820416800362756e-08,,0.49999994636419187,0.5005073055893776,0.013482229936937984,,"{'0': 0.06891348212957382, '1': 0.10056149373460978, '2': 0.8305249170232865}","{'policy_dri': True, 'active_frontier_distance': True, 'oracle_normalized_return': False, 'response_signature_accuracy': True, 'belief_calibration': True, 'partner_response_prediction_loss': False}"
active_too_expensive,pace_style,2003,binary-role-allocation--active_too_expensive--identity,greedy,exact_neural_policy_tree,80.0,0.0,20.0,20.0,0.0,20.0,0.0,0.0,2.0,0.0,0.0,0.0,,0.5,0.5000547789235741,0.005051041021943092,,{'2': 1.0},"{'policy_dri': True, 'active_frontier_distance': True, 'oracle_normalized_return': False, 'response_signature_accuracy': True, 'belief_calibration': True, 'partner_response_prediction_loss': False}"
active_too_expensive,pace_style,2003,binary-role-allocation--active_too_expensive--identity,stochastic,exact_neural_policy_tree,79.8887360189549,0.11520036956390203,19.996063611481194,19.9078403619592,0.08822324952199523,20.111263981045095,0.0046079819020400595,0.007680024637593469,1.7686796069157762,0.002135599082287611,0.002135599082287611,1.2837684713689612e-08,,0.4999909365578829,0.5001320672259393,0.006926588416009571,,"{'0': 0.06652380339801311, '1': 0.09827285204923003, '2': 0.8352033774332732}","{'policy_dri': True, 'active_frontier_distance': True, 'oracle_normalized_return': False, 'response_signature_accuracy': True, 'belief_calibration': True, 'partner_response_prediction_loss': False}"
active_too_expensive,pace_style,2004,binary-role-allocation--active_too_expensive--identity,greedy,exact_neural_policy_tree,80.0,0.0,20.0,20.0,0.0,20.0,0.0,0.0,2.0,0.0,0.0,0.0,,0.5,0.5013842781537642,0.02374657243490219,,{'2': 1.0},"{'policy_dri': True, 'active_frontier_distance': True, 'oracle_normalized_return': False, 'response_signature_accuracy': True, 'belief_calibration': True, 'partner_response_prediction_loss': False}"
active_too_expensive,pace_style,2004,binary-role-allocation--active_too_expensive--identity,stochastic,exact_neural_policy_tree,79.83244944585718,0.17729645437468075,19.990254099768148,19.858162685756334,0.13209141401181412,20.167550554142828,0.00709186571218332,0.011819763624978719,1.6833290415561046,0.0032867441891788873,0.0032867441891788873,2.9427806646725573e-09,,0.49999999623514996,0.5014415047465285,0.025166399339822842,,"{'0': 0.10157444700598717, '1': 0.11352204935752874, '2': 0.7849034960992878}","{'policy_dri': True, 'active_frontier_distance': True, 'oracle_normalized_return': False, 'response_signature_accuracy': True, 'belief_calibration': True, 'partner_response_prediction_loss': False}"
active_too_expensive,pace_style,2005,binary-role-allocation--active_too_expensive--identity,greedy,exact_neural_policy_tree,80.0,0.0,20.0,20.0,0.0,20.0,0.0,0.0,2.0,0.0,0.0,0.0,,0.5,0.5005640469100798,0.013928636908531189,,{'2': 1.0},"{'policy_dri': True, 'active_frontier_distance': True, 'oracle_normalized_return': False, 'response_signature_accuracy': True, 'belief_calibration': True, 'partner_response_prediction_loss': False}"
active_too_expensive,pace_style,2005,binary-role-allocation--active_too_expensive--identity,stochastic,exact_neural_policy_tree,79.8621464925755,0.14371968940094138,19.994133818023553,19.88502164669757,0.10911217132598239,20.137853507424495,0.005748917665121489,0.009581312626729425,1.7594751071238302,0.002664293855594422,0.002664293855594422,5.079125403417323e-08,,0.5015789313497497,0.5005023422044187,0.012575861809852151,,"{'0': 0.07403344288468361, '1': 0.09245774692863482, '2': 0.8335086800975976}","{'policy_dri': True, 'active_frontier_distance': True, 'oracle_normalized_return': False, 'response_signature_accuracy': True, 'belief_calibration': True, 'partner_response_prediction_loss': False}"
active_too_expensive,pace_style,2006,binary-role-allocation--active_too_expensive--identity,greedy,exact_neural_policy_tree,80.0,0.0,20.0,20.0,0.0,20.0,0.0,0.0,2.0,0.0,0.0,0.0,,0.5,0.5010913597443946,0.02215415984392166,,{'2': 1.0},"{'policy_dri': True, 'active_frontier_distance': True, 'oracle_normalized_return': False, 'response_signature_accuracy': True, 'belief_calibration': True, 'partner_response_prediction_loss': False}"
active_too_expensive,pace_style,2006,binary-role-allocation--active_too_expensive--identity,stochastic,exact_neural_policy_tree,79.88948005842742,0.11514071296312162,19.995379228609455,19.907891135260925,0.08748809334852936,20.110519941572576,0.0046054432369537325,0.007676047530874775,1.7084960241084868,0.0021344931606455068,0.0021344931606455068,7.234029992543005e-08,,0.5000000926602223,0.5009670124070457,0.020840915268724003,,"{'0': 0.09858765453100204, '1': 0.09432903739265115, '2': 0.8070834933579178}","{'policy_dri': True, 'active_frontier_distance': True, 'oracle_normalized_return': False, 'response_signature_accuracy': True, 'belief_calibration': True, 'partner_response_prediction_loss': False}"
active_too_expensive,pace_style,2007,binary-role-allocation--active_too_expensive--identity,greedy,exact_neural_policy_tree,80.0,0.0,20.0,20.0,0.0,20.0,0.0,0.0,2.0,0.0,0.0,0.0,,0.5,0.5013547394901547,0.022541873157024384,,{'2': 1.0},"{'policy_dri': True, 'active_frontier_distance': True, 'oracle_normalized_return': False, 'response_signature_accuracy': True, 'belief_calibration': True, 'partner_response_prediction_loss': False}"
active_too_expensive,pace_style,2007,binary-role-allocation--active_too_expensive--identity,stochastic,exact_neural_policy_tree,79.82561562812985,0.18627487467251075,19.98810949719764,19.850979813751533,0.13712968344610843,20.17438437187015,0.007451009312423373,0.012418324978167382,1.7393447179855819,0.003453187284986859,0.003453187284986859,5.593177034453206e-09,,0.4999999928123475,0.5010288508597908,0.01992310497327593,,"{'0': 0.07602081075310707, '1': 0.10861363185715779, '2': 0.8153655430642119}","{'policy_dri': True, 'active_frontier_distance': True, 'oracle_normalized_return': False, 'response_signature_accuracy': True, 'belief_calibration': True, 'partner_response_prediction_loss': False}"
active_too_expensive,pace_style,2008,binary-role-allocation--active_too_expensive--identity,greedy,exact_neural_policy_tree,80.0,0.0,20.0,20.0,0.0,20.0,0.0,0.0,2.0,0.0,0.0,0.0,,0.5,0.5000320004028187,0.0033264122903347015,,{'2': 1.0},"{'policy_dri': True, 'active_frontier_distance': True, 'oracle_normalized_return': False, 'response_signature_accuracy': True, 'belief_calibration': True, 'partner_response_prediction_loss': False}"
active_too_expensive,pace_style,2008,binary-role-allocation--active_too_expensive--identity,stochastic,exact_neural_policy_tree,79.87042516760152,0.13148317589240235,19.998091656506077,19.894812240918778,0.10327941558729847,20.12957483239848,0.00525938795406109,0.008765545059493491,1.733718805989249,0.002437451814044024,0.002437451814044024,2.3784625560621634e-08,,0.49999996945128156,0.5000506816914415,0.0039255701496974105,,"{'0': 0.07034842483699322, '1': 0.12558422250003454, '2': 0.8040672917446073}","{'policy_dri': True, 'active_frontier_distance': True, 'oracle_normalized_return': False, 'response_signature_accuracy': True, 'belief_calibration': True, 'partner_response_prediction_loss': False}"
active_too_expensive,pace_style,2009,binary-role-allocation--active_too_expensive--identity,greedy,exact_neural_policy_tree,80.0,0.0,20.0,20.0,0.0,20.0,0.0,0.0,2.0,0.0,0.0,0.0,,0.5,0.5000776526027946,0.006157781928777695,,{'2': 1.0},"{'policy_dri': True, 'active_frontier_distance': True, 'oracle_normalized_return': False, 'response_signature_accuracy': True, 'belief_calibration': True, 'partner_response_prediction_loss': False}"
active_too_expensive,pace_style,2009,binary-role-allocation--active_too_expensive--identity,stochastic,exact_neural_policy_tree,79.89404519151128,0.10619128189270723,19.999763526596013,19.915047347979836,0.08471617861617631,20.10595480848872,0.004247632601008178,0.007079418792847149,1.8054462699222138,0.001968587470817216,0.001968587470817216,7.291245455443375e-09,,0.5000000094060023,0.5000729129910253,0.006147311485745766,,"{'0': 0.05464465171098709, '1': 0.08526446400521233, '2': 0.8600909029585007}","{'policy_dri': True, 'active_frontier_distance': True, 'oracle_normalized_return': False, 'response_signature_accuracy': True, 'belief_calibration': True, 'partner_response_prediction_loss': False}"
active_too_expensive,pace_style,2010,binary-role-allocation--active_too_expensive--identity,greedy,exact_neural_policy_tree,80.0,0.0,20.0,20.0,0.0,20.0,0.0,0.0,2.0,0.0,0.0,0.0,,0.5,0.5006742643989368,0.01636824756860733,,{'2': 1.0},"{'policy_dri': True, 'active_frontier_distance': True, 'oracle_normalized_return': False, 'response_signature_accuracy': True, 'belief_calibration': True, 'partner_response_prediction_loss': False}"
active_too_expensive,pace_style,2010,binary-role-allocation--active_too_expensive--identity,stochastic,exact_neural_policy_tree,79.87148453006535,0.13552815286161718,19.992987317073037,19.89157738731391,0.10140992975912866,20.128515469934655,0.005421130634304561,0.009035210190774478,1.804411578041222,0.0025124381108417777,0.0025124381108417777,1.7647010212168847e-09,,0.5002452235793939,0.5005344724786558,0.01556573800213823,,"{'0': 0.0551125705242157, '1': 0.08536327187066632, '2': 0.8595241530852779}","{'policy_dri': True, 'active_frontier_distance': True, 'oracle_normalized_return': False, 'response_signature_accuracy': True, 'belief_calibration': True, 'partner_response_prediction_loss': False}"
precommit_inseparable,mlp_ppo,2001,binary-role-allocation--precommit_inseparable--identity,greedy,exact_neural_policy_tree,80.0,0.0,20.0,20.0,0.0,20.0,0.0,0.0,0.0,0.0,0.0,0.0,,,,,,{'0': 1.0},"{'policy_dri': True, 'active_frontier_distance': True, 'oracle_normalized_return': False, 'response_signature_accuracy': False, 'belief_calibration': False, 'partner_response_prediction_loss': False}"
precommit_inseparable,mlp_ppo,2001,binary-role-allocation--precommit_inseparable--identity,stochastic,exact_neural_policy_tree,79.88017656589582,0.11982299273609397,20.000000441368076,20.000000441368076,0.0,20.11982343410417,-2.2068403815467264e-08,0.02396459854721879,0.355385674547869,0.0,0.0,0.0029955748184226716,,,,,,"{'0': 0.7078083753585815, '1': 0.2289976188717755, '2': 0.06319402783804677}","{'policy_dri': True, 'active_frontier_distance': True, 'oracle_normalized_return': False, 'response_signature_accuracy': False, 'belief_calibration': False, 'partner_response_prediction_loss': False}"
precommit_inseparable,mlp_ppo,2002,binary-role-allocation--precommit_inseparable--identity,greedy,exact_neural_policy_tree,80.0,0.0,20.0,20.0,0.0,20.0,0.0,0.0,0.0,0.0,0.0,0.0,,,,,,{'0': 1.0},"{'policy_dri': True, 'active_frontier_distance': True, 'oracle_normalized_return': False, 'response_signature_accuracy': False, 'belief_calibration': False, 'partner_response_prediction_loss': False}"
precommit_inseparable,mlp_ppo,2002,binary-role-allocation--precommit_inseparable--identity,stochastic,exact_neural_policy_tree,79.92913637764136,0.07086534024244658,19.999998282116195,19.999998282116195,0.0,20.07086362235864,8.589419024929157e-08,0.014173068048489314,0.2907347155355777,0.0,0.0,0.001771633506581716,,,,,,"{'0': 0.7723321914672852, '1': 0.16460072974147155, '2': 0.06306699289705307}","{'policy_dri': True, 'active_frontier_distance': True, 'oracle_normalized_return': False, 'response_signature_accuracy': False, 'belief_calibration': False, 'partner_response_prediction_loss': False}"
precommit_inseparable,mlp_ppo,2003,binary-role-allocation--precommit_inseparable--identity,greedy,exact_neural_policy_tree,80.0,0.0,20.0,20.0,0.0,20.0,0.0,0.0,0.0,0.0,0.0,0.0,,,,,,{'0': 1.0},"{'policy_dri': True, 'active_frontier_distance': True, 'oracle_normalized_return': False, 'response_signature_accuracy': False, 'belief_calibration': False, 'partner_response_prediction_loss': False}"
precommit_inseparable,mlp_ppo,2003,binary-role-allocation--precommit_inseparable--identity,stochastic,exact_neural_policy_tree,79.93915026613357,0.06085053642616474,19.99999919744027,19.999999197440268,3.552713678800501e-15,20.060849733866437,4.0127986622451316e-08,0.012170107285232948,0.34730807627067894,0.0,0.0,0.0015212634107864308,,,,,,"{'0': 0.7554435431957245, '1': 0.1418047570818991, '2': 0.10275165959438995}","{'policy_dri': True, 'active_frontier_distance': True, 'oracle_normalized_return': False, 'response_signature_accuracy': False, 'belief_calibration': False, 'partner_response_prediction_loss': False}"
precommit_inseparable,mlp_ppo,2004,binary-role-allocation--precommit_inseparable--identity,greedy,exact_neural_policy_tree,80.0,0.0,20.0,20.0,0.0,20.0,0.0,0.0,0.0,0.0,0.0,0.0,,,,,,{'0': 1.0},"{'policy_dri': True, 'active_frontier_distance': True, 'oracle_normalized_return': False, 'response_signature_accuracy': False, 'belief_calibration': False, 'partner_response_prediction_loss': False}"
precommit_inseparable,mlp_ppo,2004,binary-role-allocation--precommit_inseparable--identity,stochastic,exact_neural_policy_tree,79.89523258659852,0.10476810857653618,19.999999304824936,19.999999304824936,0.0,20.104767413401472,3.475875320901878e-08,0.020953621715307236,0.26776855493755014,0.0,0.0,0.0026192027144710636,,,,,,"{'0': 0.8138054609298706, '1': 0.10462045368520223, '2': 0.08157405062617394}","{'policy_dri': True, 'active_frontier_distance': True, 'oracle_normalized_return': False, 'response_signature_accuracy': False, 'belief_calibration': False, 'partner_response_prediction_loss': False}"
precommit_inseparable,mlp_ppo,2005,binary-role-allocation--precommit_inseparable--identity,greedy,exact_neural_policy_tree,80.0,0.0,20.0,20.0,0.0,20.0,0.0,0.0,2.0,0.0,0.0,0.0,,,,,,{'2': 1.0},"{'policy_dri': True, 'active_frontier_distance': True, 'oracle_normalized_return': False, 'response_signature_accuracy': False, 'belief_calibration': False, 'partner_response_prediction_loss': False}"
precommit_inseparable,mlp_ppo,2005,binary-role-allocation--precommit_inseparable--identity,stochastic,exact_neural_policy_tree,79.90654775573631,0.09345207134801509,20.000000172915673,20.00000017291567,3.552713678800501e-15,20.093452244263688,-8.64578346693179e-09,0.018690414269603016,0.8438275282665078,0.0,0.0,0.0023363017837043764,,,,,,"{'0': 0.3964046686887741, '1': 0.3633631516475113, '2': 0.24023218830949822}","{'policy_dri': True, 'active_frontier_distance': True, 'oracle_normalized_return': False, 'response_signature_accuracy': False, 'belief_calibration': False, 'partner_response_prediction_loss': False}"
precommit_inseparable,mlp_ppo,2006,binary-role-allocation--precommit_inseparable--identity,greedy,exact_neural_policy_tree,80.0,0.0,20.0,20.0,0.0,20.0,0.0,0.0,0.0,0.0,0.0,0.0,,,,,,{'0': 1.0},"{'policy_dri': True, 'active_frontier_distance': True, 'oracle_normalized_return': False, 'response_signature_accuracy': False, 'belief_calibration': False, 'partner_response_prediction_loss': False}"
precommit_inseparable,mlp_ppo,2006,binary-role-allocation--precommit_inseparable--identity,stochastic,exact_neural_policy_tree,79.92631913445959,0.07368095849416563,19.999999907046252,19.999999907046252,0.0,20.073680865540418,4.647687390502142e-09,0.014736191698833126,0.09504851217694558,0.0,0.0,0.0018420239623556066,,,,,,"{'0': 0.9178510904312134, '1': 0.06924929766525298, '2': 0.012899607255846305}","{'policy_dri': True, 'active_frontier_distance': True, 'oracle_normalized_return': False, 'response_signature_accuracy': False, 'belief_calibration': False, 'partner_response_prediction_loss': False}"
precommit_inseparable,mlp_ppo,2007,binary-role-allocation--precommit_inseparable--identity,greedy,exact_neural_policy_tree,80.0,0.0,20.0,20.0,0.0,20.0,0.0,0.0,2.0,0.0,0.0,0.0,,,,,,{'2': 1.0},"{'policy_dri': True, 'active_frontier_distance': True, 'oracle_normalized_return': False, 'response_signature_accuracy': False, 'belief_calibration': False, 'partner_response_prediction_loss': False}"
precommit_inseparable,mlp_ppo,2007,binary-role-allocation--precommit_inseparable--identity,stochastic,exact_neural_policy_tree,79.91266617978687,0.08733359864111306,20.00000022157202,20.000000221572023,-3.552713678800501e-15,20.087333820213132,-1.1078601147573863e-08,0.017466719728222613,0.8692202137249938,0.0,0.0,0.0021833399660348535,,,,,,"{'0': 0.3753102645277977, '1': 0.38015927937661287, '2': 0.2445304671741905}","{'policy_dri': True, 'active_frontier_distance': True, 'oracle_normalized_return': False, 'response_signature_accuracy': False, 'belief_calibration': False, 'partner_response_prediction_loss': False}"
precommit_inseparable,mlp_ppo,2008,binary-role-allocation--precommit_inseparable--identity,greedy,exact_neural_policy_tree,80.0,0.0,20.0,20.0,0.0,20.0,0.0,0.0,0.0,0.0,0.0,0.0,,,,,,{'0': 1.0},"{'policy_dri': True, 'active_frontier_distance': True, 'oracle_normalized_return': False, 'response_signature_accuracy': False, 'belief_calibration': False, 'partner_response_prediction_loss': False}"
precommit_inseparable,mlp_ppo,2008,binary-role-allocation--precommit_inseparable--identity,stochastic,exact_neural_policy_tree,79.89684416308283,0.10315592150309348,19.999999915414072,19.999999915414072,0.0,20.103155836917164,4.229296379776315e-09,0.020631184300618697,0.380097917703872,0.0,0.0,0.002578898037578204,,,,,,"{'0': 0.7264127433300018, '1': 0.16707658717753146, '2': 0.10651066526317028}","{'policy_dri': True, 'active_frontier_distance': True, 'oracle_normalized_return': False, 'response_signature_accuracy': False, 'belief_calibration': False, 'partner_response_prediction_loss': False}"
precommit_inseparable,mlp_ppo,2009,binary-role-allocation--precommit_inseparable--identity,greedy,exact_neural_policy_tree,80.0,0.0,20.0,20.0,0.0,20.0,0.0,0.0,0.0,0.0,0.0,0.0,,,,,,{'0': 1.0},"{'policy_dri': True, 'active_frontier_distance': True, 'oracle_normalized_return': False, 'response_signature_accuracy': False, 'belief_calibration': False, 'partner_response_prediction_loss': False}"
precommit_inseparable,mlp_ppo,2009,binary-role-allocation--precommit_inseparable--identity,stochastic,exact_neural_policy_tree,79.93097254055552,0.06902791254506221,19.99999954689942,19.99999954689942,0.0,20.069027459444484,2.2655028963924906e-08,0.013805582509012444,0.32746204907727866,0.0,0.0,0.0017256978136637325,,,,,,"{'0': 0.7464004307985306, '1': 0.1797370440156022, '2': 0.07386250253083829}","{'policy_dri': True, 'active_frontier_distance': True, 'oracle_normalized_return': False, 'response_signature_accuracy': False, 'belief_calibration': False, 'partner_response_prediction_loss': False}"
precommit_inseparable,mlp_ppo,2010,binary-role-allocation--precommit_inseparable--identity,greedy,exact_neural_policy_tree,80.0,0.0,20.0,20.0,0.0,20.0,0.0,0.0,1.0,0.0,0.0,0.0,,,,,,{'1': 1.0},"{'policy_dri': True, 'active_frontier_distance': True, 'oracle_normalized_return': False, 'response_signature_accuracy': False, 'belief_calibration': False, 'partner_response_prediction_loss': False}"
precommit_inseparable,mlp_ppo,2010,binary-role-allocation--precommit_inseparable--identity,stochastic,exact_neural_policy_tree,79.92806155624538,0.07193856873585415,19.999999875018766,19.999999875018766,0.0,20.071938443754618,6.249061712537696e-09,0.01438771374717083,0.8668153480885022,0.0,0.0,0.001798464218399068,,,,,,"{'0': 0.28820836544036865, '1': 0.556767908532637, '2': 0.1550237197779326}","{'policy_dri': True, 'active_frontier_distance': True, 'oracle_normalized_return': False, 'response_signature_accuracy': False, 'belief_calibration': False, 'partner_response_prediction_loss': False}"
precommit_inseparable,gru_ppo_passive,2001,binary-role-allocation--precommit_inseparable--identity,greedy,exact_neural_policy_tree,80.0,0.0,20.0,20.0,0.0,20.0,0.0,0.0,0.0,0.0,0.0,0.0,,,,,,{'0': 1.0},"{'policy_dri': True, 'active_frontier_distance': True, 'oracle_normalized_return': False, 'response_signature_accuracy': False, 'belief_calibration': False, 'partner_response_prediction_loss': False}"
precommit_inseparable,gru_ppo_passive,2001,binary-role-allocation--precommit_inseparable--identity,stochastic,exact_neural_policy_tree,79.99999923059075,0.0,20.000000769409255,20.000000769409255,0.0,20.000000769409255,-3.8470462726536424e-08,0.0,0.4150447664621743,0.0,0.0,1.9235231407677134e-08,,,,,,"{'0': 0.6676511764526367, '1': 0.2496529575734776, '2': 0.08269590444434835}","{'policy_dri': True, 'active_frontier_distance': True, 'oracle_normalized_return': False, 'response_signature_accuracy': False, 'belief_calibration': False, 'partner_response_prediction_loss': False}"
precommit_inseparable,gru_ppo_passive,2002,binary-role-allocation--precommit_inseparable--identity,greedy,exact_neural_policy_tree,80.0,0.0,20.0,20.0,0.0,20.0,0.0,0.0,0.0,0.0,0.0,0.0,,,,,,{'0': 1.0},"{'policy_dri': True, 'active_frontier_distance': True, 'oracle_normalized_return': False, 'response_signature_accuracy': False, 'belief_calibration': False, 'partner_response_prediction_loss': False}"
precommit_inseparable,gru_ppo_passive,2002,binary-role-allocation--precommit_inseparable--identity,stochastic,exact_neural_policy_tree,79.99999932851667,0.0,20.00000067148334,20.00000067148334,0.0,20.00000067148334,-3.3574166913297175e-08,0.0,0.4345388801814449,0.0,0.0,1.678708350105751e-08,,,,,,"{'0': 0.6886518597602844, '1': 0.18815746744632023, '2': 0.12319070636756232}","{'policy_dri': True, 'active_frontier_distance': True, 'oracle_normalized_return': False, 'response_signature_accuracy': False, 'belief_calibration': False, 'partner_response_prediction_loss': False}"
precommit_inseparable,gru_ppo_passive,2003,binary-role-allocation--precommit_inseparable--identity,greedy,exact_neural_policy_tree,80.0,0.0,20.0,20.0,0.0,20.0,0.0,0.0,1.0,0.0,0.0,0.0,,,,,,{'1': 1.0},"{'policy_dri': True, 'active_frontier_distance': True, 'oracle_normalized_return': False, 'response_signature_accuracy': False, 'belief_calibration': False, 'partner_response_prediction_loss': False}"
precommit_inseparable,gru_ppo_passive,2003,binary-role-allocation--precommit_inseparable--identity,stochastic,exact_neural_policy_tree,80.00000012914663,0.0,19.999999870853372,19.999999870853372,0.0,19.999999870853372,6.457331380715914e-09,0.0,0.5669201327883804,0.0,0.0,3.2286656681534964e-09,,,,,,"{'0': 0.5727969259023666, '1': 0.28748600249222367, '2': 0.13971706514807836}","{'policy_dri': True, 'active_frontier_distance': True, 'oracle_normalized_return': False, 'response_signature_accuracy': False, 'belief_calibration': False, 'partner_response_prediction_loss': False}"
precommit_inseparable,gru_ppo_passive,2004,binary-role-allocation--precommit_inseparable--identity,greedy,exact_neural_policy_tree,80.0,0.0,20.0,20.0,0.0,20.0,0.0,0.0,1.0,0.0,0.0,0.0,,,,,,{'1': 1.0},"{'policy_dri': True, 'active_frontier_distance': True, 'oracle_normalized_return': False, 'response_signature_accuracy': False, 'belief_calibration': False, 'partner_response_prediction_loss': False}"
precommit_inseparable,gru_ppo_passive,2004,binary-role-allocation--precommit_inseparable--identity,stochastic,exact_neural_policy_tree,80.00000055142753,0.0,19.99999944857247,19.99999944857247,0.0,19.99999944857247,2.7571376470802988e-08,0.0,0.5790663657850907,0.0,0.0,1.3785688257605955e-08,,,,,,"{'0': 0.543089434504509, '1': 0.3347547100631383, '2': 0.12215582786097622}","{'policy_dri': True, 'active_frontier_distance': True, 'oracle_normalized_return': False, 'response_signature_accuracy': False, 'belief_calibration': False, 'partner_response_prediction_loss': False}"
precommit_inseparable,gru_ppo_passive,2005,binary-role-allocation--precommit_inseparable--identity,greedy,exact_neural_policy_tree,80.0,0.0,20.0,20.0,0.0,20.0,0.0,0.0,0.0,0.0,0.0,0.0,,,,,,{'0': 1.0},"{'policy_dri': True, 'active_frontier_distance': True, 'oracle_normalized_return': False, 'response_signature_accuracy': False, 'belief_calibration': False, 'partner_response_prediction_loss': False}"
precommit_inseparable,gru_ppo_passive,2005,binary-role-allocation--precommit_inseparable--identity,stochastic,exact_neural_policy_tree,80.00000064888914,0.0,19.99999935111086,19.99999935111086,0.0,19.99999935111086,3.244445707650812e-08,0.0,0.19358991979063914,0.0,0.0,1.6222228560458518e-08,,,,,,"{'0': 0.8439950942993164, '1': 0.11841982672181395, '2': 0.037585046534412594}","{'policy_dri': True, 'active_frontier_distance': True, 'oracle_normalized_return': False, 'response_signature_accuracy': False, 'belief_calibration': False, 'partner_response_prediction_loss': False}"
precommit_inseparable,gru_ppo_passive,2006,binary-role-allocation--precommit_inseparable--identity,greedy,exact_neural_policy_tree,80.0,0.0,20.0,20.0,0.0,20.0,0.0,0.0,0.0,0.0,0.0,0.0,,,,,,{'0': 1.0},"{'policy_dri': True, 'active_frontier_distance': True, 'oracle_normalized_return': False, 'response_signature_accuracy': False, 'belief_calibration': False, 'partner_response_prediction_loss': False}"
precommit_inseparable,gru_ppo_passive,2006,binary-role-allocation--precommit_inseparable--identity,stochastic,exact_neural_policy_tree,79.9999995443028,0.0,20.00000045569721,20.00000045569721,0.0,20.00000045569721,-2.2784860576052778e-08,0.0,0.2799323693419341,0.0,0.0,1.139243033243531e-08,,,,,,"{'0': 0.7791637480258942, '1': 0.16174018017599856, '2': 0.05909609458296776}","{'policy_dri': True, 'active_frontier_distance': True, 'oracle_normalized_return': False, 'response_signature_accuracy': False, 'belief_calibration': False, 'partner_response_prediction_loss': False}"
precommit_inseparable,gru_ppo_passive,2007,binary-role-allocation--precommit_inseparable--identity,greedy,exact_neural_policy_tree,80.0,0.0,20.0,20.0,0.0,20.0,0.0,0.0,1.0,0.0,0.0,0.0,,,,,,{'1': 1.0},"{'policy_dri': True, 'active_frontier_distance': True, 'oracle_normalized_return': False, 'response_signature_accuracy': False, 'belief_calibration': False, 'partner_response_prediction_loss': False}"
precommit_inseparable,gru_ppo_passive,2007,binary-role-allocation--precommit_inseparable--identity,stochastic,exact_neural_policy_tree,80.00000015839073,0.0,19.99999984160927,19.99999984160927,0.0,19.99999984160927,7.919536493261603e-09,0.0,0.5085170982586799,0.0,0.0,3.959768235528571e-09,,,,,,"{'0': 0.6134689450263977, '1': 0.2645449958494517, '2': 0.12198605120461407}","{'policy_dri': True, 'active_frontier_distance': True, 'oracle_normalized_return': False, 'response_signature_accuracy': False, 'belief_calibration': False, 'partner_response_prediction_loss': False}"
precommit_inseparable,gru_ppo_passive,2008,binary-role-allocation--precommit_inseparable--identity,greedy,exact_neural_policy_tree,80.0,0.0,20.0,20.0,0.0,20.0,0.0,0.0,0.0,0.0,0.0,0.0,,,,,,{'0': 1.0},"{'policy_dri': True, 'active_frontier_distance': True, 'oracle_normalized_return': False, 'response_signature_accuracy': False, 'belief_calibration': False, 'partner_response_prediction_loss': False}"
precommit_inseparable,gru_ppo_passive,2008,binary-role-allocation--precommit_inseparable--identity,stochastic,exact_neural_policy_tree,80.00000050002184,0.0,19.999999499978156,19.999999499978156,0.0,19.999999499978156,2.5001092218701614e-08,0.0,0.42888591127639697,0.0,0.0,1.2500546098248577e-08,,,,,,"{'0': 0.657253235578537, '1': 0.25660756756434466, '2': 0.08613917185602614}","{'policy_dri': True, 'active_frontier_distance': True, 'oracle_normalized_return': False, 'response_signature_accuracy': False, 'belief_calibration': False, 'partner_response_prediction_loss': False}"
precommit_inseparable,gru_ppo_passive,2009,binary-role-allocation--precommit_inseparable--identity,greedy,exact_neural_policy_tree,80.0,0.0,20.0,20.0,0.0,20.0,0.0,0.0,2.0,0.0,0.0,0.0,,,,,,{'2': 1.0},"{'policy_dri': True, 'active_frontier_distance': True, 'oracle_normalized_return': False, 'response_signature_accuracy': False, 'belief_calibration': False, 'partner_response_prediction_loss': False}"
precommit_inseparable,gru_ppo_passive,2009,binary-role-allocation--precommit_inseparable--identity,stochastic,exact_neural_policy_tree,80.00000181351778,0.0,19.999998186482216,19.999998186482216,0.0,19.999998186482216,9.067588919720038e-08,0.0,0.5476979879815153,0.0,0.0,4.533794462080465e-08,,,,,,"{'0': 0.6263572573661804, '1': 0.19958731593434553, '2': 0.17405533602358486}","{'policy_dri': True, 'active_frontier_distance': True, 'oracle_normalized_return': False, 'response_signature_accuracy': False, 'belief_calibration': False, 'partner_response_prediction_loss': False}"
precommit_inseparable,gru_ppo_passive,2010,binary-role-allocation--precommit_inseparable--identity,greedy,exact_neural_policy_tree,80.0,0.0,20.0,20.0,0.0,20.0,0.0,0.0,0.0,0.0,0.0,0.0,,,,,,{'0': 1.0},"{'policy_dri': True, 'active_frontier_distance': True, 'oracle_normalized_return': False, 'response_signature_accuracy': False, 'belief_calibration': False, 'partner_response_prediction_loss': False}"
precommit_inseparable,gru_ppo_passive,2010,binary-role-allocation--precommit_inseparable--identity,stochastic,exact_neural_policy_tree,79.9999995079635,0.0,20.000000492036502,20.000000492036502,0.0,20.000000492036502,-2.4601825110437404e-08,0.0,0.46774052548814393,0.0,0.0,1.230091251080978e-08,,,,,,"{'0': 0.6514573991298676, '1': 0.22934472545577123, '2': 0.11919790001618635}","{'policy_dri': True, 'active_frontier_distance': True, 'oracle_normalized_return': False, 'response_signature_accuracy': False, 'belief_calibration': False, 'partner_response_prediction_loss': False}"
precommit_inseparable,gru_ppo_active,2001,binary-role-allocation--precommit_inseparable--identity,greedy,exact_neural_policy_tree,80.0,0.0,20.0,20.0,0.0,20.0,0.0,0.0,1.0,0.0,0.0,0.0,,,,,,{'1': 1.0},"{'policy_dri': True, 'active_frontier_distance': True, 'oracle_normalized_return': False, 'response_signature_accuracy': False, 'belief_calibration': False, 'partner_response_prediction_loss': False}"
precommit_inseparable,gru_ppo_active,2001,binary-role-allocation--precommit_inseparable--identity,stochastic,exact_neural_policy_tree,79.88128785050324,0.11871130307038147,20.00000084642638,20.00000084642638,0.0,20.118712149496762,-4.232131907144776e-08,0.023742260614076294,0.6650492835244265,0.0,0.0,0.002967782576834976,,,,,,"{'0': 0.477486327290535, '1': 0.3799781465371418, '2': 0.14253556849364238}","{'policy_dri': True, 'active_frontier_distance': True, 'oracle_normalized_return': False, 'response_signature_accuracy': False, 'belief_calibration': False, 'partner_response_prediction_loss': False}"
precommit_inseparable,gru_ppo_active,2002,binary-role-allocation--precommit_inseparable--identity,greedy,exact_neural_policy_tree,80.0,0.0,20.0,20.0,0.0,20.0,0.0,0.0,2.0,0.0,0.0,0.0,,,,,,{'2': 1.0},"{'policy_dri': True, 'active_frontier_distance': True, 'oracle_normalized_return': False, 'response_signature_accuracy': False, 'belief_calibration': False, 'partner_response_prediction_loss': False}"
precommit_inseparable,gru_ppo_active,2002,binary-role-allocation--precommit_inseparable--identity,stochastic,exact_neural_policy_tree,79.87664630411416,0.12335485644807229,19.99999883943777,19.999998839437765,3.552713678800501e-15,20.12335369588584,5.802811173793998e-08,0.024670971289614457,0.7181133255651441,0.0,0.0,0.003083871411338294,,,,,,"{'0': 0.4924524277448654, '1': 0.2969817028889019, '2': 0.2105658113381211}","{'policy_dri': True, 'active_frontier_distance': True, 'oracle_normalized_return': False, 'response_signature_accuracy': False, 'belief_calibration': False, 'partner_response_prediction_loss': False}"
precommit_inseparable,gru_ppo_active,2003,binary-role-allocation--precommit_inseparable--identity,greedy,exact_neural_policy_tree,80.0,0.0,20.0,20.0,0.0,20.0,0.0,0.0,0.0,0.0,0.0,0.0,,,,,,{'0': 1.0},"{'policy_dri': True, 'active_frontier_distance': True, 'oracle_normalized_return': False, 'response_signature_accuracy': False, 'belief_calibration': False, 'partner_response_prediction_loss': False}"
precommit_inseparable,gru_ppo_active,2003,binary-role-allocation--precommit_inseparable--identity,stochastic,exact_neural_policy_tree,79.89163171149053,0.108369058916998,19.99999922959246,19.99999922959246,0.0,20.10836828850946,3.85203769326381e-08,0.0216738117833996,0.40648693690092774,0.0,0.0,0.0027092264729934113,,,,,,"{'0': 0.6483163684606552, '1': 0.29688024913700783, '2': 0.05480334388195994}","{'policy_dri': True, 'active_frontier_distance': True, 'oracle_normalized_return': False, 'response_signature_accuracy': False, 'belief_calibration': False, 'partner_response_prediction_loss': False}"
precommit_inseparable,gru_ppo_active,2004,binary-role-allocation--precommit_inseparable--identity,greedy,exact_neural_policy_tree,80.0,0.0,20.0,20.0,0.0,20.0,0.0,0.0,0.0,0.0,0.0,0.0,,,,,,{'0': 1.0},"{'policy_dri': True, 'active_frontier_distance': True, 'oracle_normalized_return': False, 'response_signature_accuracy': False, 'belief_calibration': False, 'partner_response_prediction_loss': False}"
precommit_inseparable,gru_ppo_active,2004,binary-role-allocation--precommit_inseparable--identity,stochastic,exact_neural_policy_tree,79.85753113204389,0.14246895192828424,19.999999916027825,19.999999916027825,0.0,20.142468867956108,4.198608749561572e-09,0.028493790385656848,0.40162264882864435,0.0,0.0,0.0035617237982077245,,,,,,"{'0': 0.6664221286773682, '1': 0.26553308541940185, '2': 0.06804478170462123}","{'policy_dri': True, 'active_frontier_distance': True, 'oracle_normalized_return': False, 'response_signature_accuracy': False, 'belief_calibration': False, 'partner_response_prediction_loss': False}"
precommit_inseparable,gru_ppo_active,2005,binary-role-allocation--precommit_inseparable--identity,greedy,exact_neural_policy_tree,80.0,0.0,20.0,20.0,0.0,20.0,0.0,0.0,0.0,0.0,0.0,0.0,,,,,,{'0': 1.0},"{'policy_dri': True, 'active_frontier_distance': True, 'oracle_normalized_return': False, 'response_signature_accuracy': False, 'belief_calibration': False, 'partner_response_prediction_loss': False}"
precommit_inseparable,gru_ppo_active,2005,binary-role-allocation--precommit_inseparable--identity,stochastic,exact_neural_policy_tree,79.88066534337204,0.11933528230192748,19.999999374326027,19.999999374326027,0.0,20.119334656627956,3.1283698653794544e-08,0.023867056460385495,0.24427383756802457,0.0,0.0,0.0029833820575891922,,,,,,"{'0': 0.8160462528467178, '1': 0.12363359417114261, '2': 0.06032012169844097}","{'policy_dri': True, 'active_frontier_distance': True, 'oracle_normalized_return': False, 'response_signature_accuracy': False, 'belief_calibration': False, 'partner_response_prediction_loss': False}"
precommit_inseparable,gru_ppo_active,2006,binary-role-allocation--precommit_inseparable--identity,greedy,exact_neural_policy_tree,80.0,0.0,20.0,20.0,0.0,20.0,0.0,0.0,0.0,0.0,0.0,0.0,,,,,,{'0': 1.0},"{'policy_dri': True, 'active_frontier_distance': True, 'oracle_normalized_return': False, 'response_signature_accuracy': False, 'belief_calibration': False, 'partner_response_prediction_loss': False}"
precommit_inseparable,gru_ppo_active,2006,binary-role-allocation--precommit_inseparable--identity,stochastic,exact_neural_policy_tree,79.9044749600587,0.09552606336453591,19.99999897657676,19.999998976576755,3.552713678800501e-15,20.095525039941293,5.1171162240848386e-08,0.01910521267290718,0.1968511906457738,0.0,0.0,0.002388151584250454,,,,,,"{'0': 0.8253141343593597, '1': 0.15252043829318238, '2': 0.022165376176295708}","{'policy_dri': True, 'active_frontier_distance': True, 'oracle_normalized_return': False, 'response_signature_accuracy': False, 'belief_calibration': False, 'partner_response_prediction_loss': False}"
precommit_inseparable,gru_ppo_active,2007,binary-role-allocation--precommit_inseparable--identity,greedy,exact_neural_policy_tree,80.0,0.0,20.0,20.0,0.0,20.0,0.0,0.0,0.0,0.0,0.0,0.0,,,,,,{'0': 1.0},"{'policy_dri': True, 'active_frontier_distance': True, 'oracle_normalized_return': False, 'response_signature_accuracy': False, 'belief_calibration': False, 'partner_response_prediction_loss': False}"
precommit_inseparable,gru_ppo_active,2007,binary-role-allocation--precommit_inseparable--identity,stochastic,exact_neural_policy_tree,79.88829753217351,0.11170155778547619,20.00000091004102,20.00000091004102,0.0,20.111702467826497,-4.550205101594429e-08,0.022340311557095236,0.3759089138711955,0.0,0.0,0.002792538944729582,,,,,,"{'0': 0.7122934758663177, '1': 0.19950422540027113, '2': 0.08820234423546218}","{'policy_dri': True, 'active_frontier_distance': True, 'oracle_normalized_return': False, 'response_signature_accuracy': False, 'belief_calibration': False, 'partner_response_prediction_loss': False}"
precommit_inseparable,gru_ppo_active,2008,binary-role-allocation--precommit_inseparable--identity,greedy,exact_neural_policy_tree,80.0,0.0,20.0,20.0,0.0,20.0,0.0,0.0,0.0,0.0,0.0,0.0,,,,,,{'0': 1.0},"{'policy_dri': True, 'active_frontier_distance': True, 'oracle_normalized_return': False, 'response_signature_accuracy': False, 'belief_calibration': False, 'partner_response_prediction_loss': False}"
precommit_inseparable,gru_ppo_active,2008,binary-role-allocation--precommit_inseparable--identity,stochastic,exact_neural_policy_tree,79.88036313315459,0.11963480700891407,20.000002059836504,20.000002059836504,0.0,20.11963686684542,-1.0299182520157047e-07,0.023926961401782815,0.4774958351313042,0.0,0.0,0.0029908701756661727,,,,,,"{'0': 0.6321776658296585, '1': 0.258149039193029, '2': 0.10967339796913764}","{'policy_dri': True, 'active_frontier_distance': True, 'oracle_normalized_return': False, 'response_signature_accuracy': False, 'belief_calibration': False, 'partner_response_prediction_loss': False}"
precommit_inseparable,gru_ppo_active,2009,binary-role-allocation--precommit_inseparable--identity,greedy,exact_neural_policy_tree,80.0,0.0,20.0,20.0,0.0,20.0,0.0,0.0,1.0,0.0,0.0,0.0,,,,,,{'1': 1.0},"{'policy_dri': True, 'active_frontier_distance': True, 'oracle_normalized_return': False, 'response_signature_accuracy': False, 'belief_calibration': False, 'partner_response_prediction_loss': False}"
precommit_inseparable,gru_ppo_active,2009,binary-role-allocation--precommit_inseparable--identity,stochastic,exact_neural_policy_tree,79.88690360558405,0.11309805739269317,19.99999833702326,19.99999833702326,0.0,20.113096394415955,8.314883697124742e-08,0.022619611478538634,0.7319347821234303,0.0,0.0,0.002827451435122981,,,,,,"{'0': 0.4737984165549278, '1': 0.32046821846904006, '2': 0.20573328182719514}","{'policy_dri': True, 'active_frontier_distance': True, 'oracle_normalized_return': False, 'response_signature_accuracy': False, 'belief_calibration': False, 'partner_response_prediction_loss': False}"
precommit_inseparable,gru_ppo_active,2010,binary-role-allocation--precommit_inseparable--identity,greedy,exact_neural_policy_tree,80.0,0.0,20.0,20.0,0.0,20.0,0.0,0.0,1.0,0.0,0.0,0.0,,,,,,{'1': 1.0},"{'policy_dri': True, 'active_frontier_distance': True, 'oracle_normalized_return': False, 'response_signature_accuracy': False, 'belief_calibration': False, 'partner_response_prediction_loss': False}"
precommit_inseparable,gru_ppo_active,2010,binary-role-allocation--precommit_inseparable--identity,stochastic,exact_neural_policy_tree,79.86144683843989,0.1385538079759939,19.99999935358411,19.99999935358411,0.0,20.138553161560104,3.2320794574047797e-08,0.027710761595198776,0.9200469616100894,0.0,0.0,0.003463845199437545,,,,,,"{'0': 0.302471324801445, '1': 0.4750103241454314, '2': 0.222518318732329}","{'policy_dri': True, 'active_frontier_distance': True, 'oracle_normalized_return': False, 'response_signature_accuracy': False, 'belief_calibration': False, 'partner_response_prediction_loss': False}"
precommit_inseparable,odits_style,2001,binary-role-allocation--precommit_inseparable--identity,greedy,exact_neural_policy_tree,80.0,0.0,20.0,20.0,0.0,20.0,0.0,0.0,0.0,0.0,0.0,0.0,,,,,,{'0': 1.0},"{'policy_dri': True, 'active_frontier_distance': True, 'oracle_normalized_return': False, 'response_signature_accuracy': False, 'belief_calibration': False, 'partner_response_prediction_loss': False}"
precommit_inseparable,odits_style,2001,binary-role-allocation--precommit_inseparable--identity,stochastic,exact_neural_policy_tree,79.9137764170812,0.086222288689998,20.00000129422881,20.00000129422881,0.0,20.08622358291881,-6.471144047281996e-08,0.0172444577379996,0.368099089420746,0.0,0.0,0.0021555572174927857,,,,,0.007646954778898571,"{'0': 0.7062903642654419, '1': 0.21932031147125108, '2': 0.07438938897474745}","{'policy_dri': True, 'active_frontier_distance': True, 'oracle_normalized_return': False, 'response_signature_accuracy': False, 'belief_calibration': False, 'partner_response_prediction_loss': True}"
precommit_inseparable,odits_style,2002,binary-role-allocation--precommit_inseparable--identity,greedy,exact_neural_policy_tree,80.0,0.0,20.0,20.0,0.0,20.0,0.0,0.0,0.0,0.0,0.0,0.0,,,,,,{'0': 1.0},"{'policy_dri': True, 'active_frontier_distance': True, 'oracle_normalized_return': False, 'response_signature_accuracy': False, 'belief_calibration': False, 'partner_response_prediction_loss': False}"
precommit_inseparable,odits_style,2002,binary-role-allocation--precommit_inseparable--identity,stochastic,exact_neural_policy_tree,79.89998544928531,0.10001546768714245,19.99999908302755,19.999999083027554,-3.552713678800501e-15,20.100014550714693,4.584862232093201e-08,0.02000309353742849,0.4005873057293269,0.0,0.0,0.00250038669228365,,,,,0.009855160277944468,"{'0': 0.692661851644516, '1': 0.21408889928439623, '2': 0.09324920322246531}","{'policy_dri': True, 'active_frontier_distance': True, 'oracle_normalized_return': False, 'response_signature_accuracy': False, 'belief_calibration': False, 'partner_response_prediction_loss': True}"
precommit_inseparable,odits_style,2003,binary-role-allocation--precommit_inseparable--identity,greedy,exact_neural_policy_tree,80.0,0.0,20.0,20.0,0.0,20.0,0.0,0.0,0.0,0.0,0.0,0.0,,,,,,{'0': 1.0},"{'policy_dri': True, 'active_frontier_distance': True, 'oracle_normalized_return': False, 'response_signature_accuracy': False, 'belief_calibration': False, 'partner_response_prediction_loss': False}"
precommit_inseparable,odits_style,2003,binary-role-allocation--precommit_inseparable--identity,stochastic,exact_neural_policy_tree,79.88270103586673,0.11729823489891068,20.000000729234362,20.00000072923436,3.552713678800501e-15,20.117298964133273,-3.646171791160668e-08,0.023459646979782138,0.3696627367887015,0.0,0.0,0.002932455872529437,,,,,0.010995613807305455,"{'0': 0.7055308818817139, '1': 0.21927557237130685, '2': 0.07519358220869733}","{'policy_dri': True, 'active_frontier_distance': True, 'oracle_normalized_return': False, 'response_signature_accuracy': False, 'belief_calibration': False, 'partner_response_prediction_loss': True}"
precommit_inseparable,odits_style,2004,binary-role-allocation--precommit_inseparable--identity,greedy,exact_neural_policy_tree,80.0,0.0,20.0,20.0,0.0,20.0,0.0,0.0,0.0,0.0,0.0,0.0,,,,,,{'0': 1.0},"{'policy_dri': True, 'active_frontier_distance': True, 'oracle_normalized_return': False, 'response_signature_accuracy': False, 'belief_calibration': False, 'partner_response_prediction_loss': False}"
precommit_inseparable,odits_style,2004,binary-role-allocation--precommit_inseparable--identity,stochastic,exact_neural_policy_tree,79.8816177139404,0.11838238951242364,19.999999896547177,19.99999989654718,-3.552713678800501e-15,20.1183822860596,5.1726409822094865e-09,0.023676477902484727,0.250471737268256,0.0,0.0,0.002959559737811721,,,,,0.009144141861492077,"{'0': 0.7829046845436096, '1': 0.18371888329924257, '2': 0.03337642698450672}","{'policy_dri': True, 'active_frontier_distance': True, 'oracle_normalized_return': False, 'response_signature_accuracy': False, 'belief_calibration': False, 'partner_response_prediction_loss': True}"
precommit_inseparable,odits_style,2005,binary-role-allocation--precommit_inseparable--identity,greedy,exact_neural_policy_tree,80.0,0.0,20.0,20.0,0.0,20.0,0.0,0.0,1.0,0.0,0.0,0.0,,,,,0.011920529883354902,{'1': 1.0},"{'policy_dri': True, 'active_frontier_distance': True, 'oracle_normalized_return': False, 'response_signature_accuracy': False, 'belief_calibration': False, 'partner_response_prediction_loss': True}"
precommit_inseparable,odits_style,2005,binary-role-allocation--precommit_inseparable--identity,stochastic,exact_neural_policy_tree,79.87042039554501,0.12958022958904844,19.99999937486594,19.999999374865943,-3.552713678800501e-15,20.12957960445499,3.1256702825999125e-08,0.025916045917809688,0.6094799496066916,0.0,0.0,0.003239505739763909,,,,,0.013929450022515296,"{'0': 0.5258129388093948, '1': 0.3388941102611127, '2': 0.13529291967278936}","{'policy_dri': True, 'active_frontier_distance': True, 'oracle_normalized_return': False, 'response_signature_accuracy': False, 'belief_calibration': False, 'partner_response_prediction_loss': True}"
precommit_inseparable,odits_style,2006,binary-role-allocation--precommit_inseparable--identity,greedy,exact_neural_policy_tree,80.0,0.0,20.0,20.0,0.0,20.0,0.0,0.0,1.0,0.0,0.0,0.0,,,,,0.01154342107474804,{'1': 1.0},"{'policy_dri': True, 'active_frontier_distance': True, 'oracle_normalized_return': False, 'response_signature_accuracy': False, 'belief_calibration': False, 'partner_response_prediction_loss': True}"
precommit_inseparable,odits_style,2006,binary-role-allocation--precommit_inseparable--identity,stochastic,exact_neural_policy_tree,79.90610992761785,0.09389041887383423,19.999999653508322,19.99999965350832,3.552713678800501e-15,20.093890072382155,1.7324584078437512e-08,0.01877808377476685,0.568881338443237,0.0,0.0,0.0023472604718618394,,,,,0.013673044215423097,"{'0': 0.546193391084671, '1': 0.3387318447382531, '2': 0.11507474685249192}","{'policy_dri': True, 'active_frontier_distance': True, 'oracle_normalized_return': False, 'response_signature_accuracy': False, 'belief_calibration': False, 'partner_response_prediction_loss': True}"
precommit_inseparable,odits_style,2007,binary-role-allocation--precommit_inseparable--identity,greedy,exact_neural_policy_tree,80.0,0.0,20.0,20.0,0.0,20.0,0.0,0.0,1.5,0.0,0.0,0.0,,,,,0.011958200950175524,"{'1': 0.5, '2': 0.5}","{'policy_dri': True, 'active_frontier_distance': True, 'oracle_normalized_return': False, 'response_signature_accuracy': False, 'belief_calibration': False, 'partner_response_prediction_loss': True}"
precommit_inseparable,odits_style,2007,binary-role-allocation--precommit_inseparable--identity,stochastic,exact_neural_policy_tree,79.8706298373966,0.1293695108831051,20.000000651720292,20.000000651720296,-3.552713678800501e-15,20.129370162603397,-3.258601477540424e-08,0.02587390217662102,0.6370619956467316,0.0,0.0,0.003234237772118667,,,,,0.011260007669117326,"{'0': 0.5179363340139389, '1': 0.3270654014974199, '2': 0.1549982970746559}","{'policy_dri': True, 'active_frontier_distance': True, 'oracle_normalized_return': False, 'response_signature_accuracy': False, 'belief_calibration': False, 'partner_response_prediction_loss': True}"
precommit_inseparable,odits_style,2008,binary-role-allocation--precommit_inseparable--identity,greedy,exact_neural_policy_tree,80.0,0.0,20.0,20.0,0.0,20.0,0.0,0.0,1.0,0.0,0.0,0.0,,,,,0.010283663403242826,{'1': 1.0},"{'policy_dri': True, 'active_frontier_distance': True, 'oracle_normalized_return': False, 'response_signature_accuracy': False, 'belief_calibration': False, 'partner_response_prediction_loss': True}"
precommit_inseparable,odits_style,2008,binary-role-allocation--precommit_inseparable--identity,stochastic,exact_neural_policy_tree,79.87527832631868,0.12472160019779846,20.000000073483523,20.00000007348352,3.552713678800501e-15,20.12472167368132,-3.6741759856795397e-09,0.02494432003955969,0.5254203071739684,0.0,0.0,0.003118040004945502,,,,,0.01226344794578097,"{'0': 0.6053268909454346, '1': 0.26392591828351464, '2': 0.1307471944452269}","{'policy_dri': True, 'active_frontier_distance': True, 'oracle_normalized_return': False, 'response_signature_accuracy': False, 'belief_calibration': False, 'partner_response_prediction_loss': True}"
precommit_inseparable,odits_style,2009,binary-role-allocation--precommit_inseparable--identity,greedy,exact_neural_policy_tree,80.0,0.0,20.0,20.0,0.0,20.0,0.0,0.0,0.0,0.0,0.0,0.0,,,,,,{'0': 1.0},"{'policy_dri': True, 'active_frontier_distance': True, 'oracle_normalized_return': False, 'response_signature_accuracy': False, 'belief_calibration': False, 'partner_response_prediction_loss': False}"
precommit_inseparable,odits_style,2009,binary-role-allocation--precommit_inseparable--identity,stochastic,exact_neural_policy_tree,79.92208507419926,0.07791345688276849,20.000001468917965,20.000001468917965,0.0,20.077914925800734,-7.344589825208914e-08,0.015582691376553699,0.26680516534032434,0.0,0.0,0.0019478364224153847,,,,,0.007144888354373528,"{'0': 0.778723418712616, '1': 0.17574814412624012, '2': 0.04552851060704211}","{'policy_dri': True, 'active_frontier_distance': True, 'oracle_normalized_return': False, 'response_signature_accuracy': False, 'belief_calibration': False, 'partner_response_prediction_loss': True}"
precommit_inseparable,odits_style,2010,binary-role-allocation--precommit_inseparable--identity,greedy,exact_neural_policy_tree,80.0,0.0,20.0,20.0,0.0,20.0,0.0,0.0,1.0,0.0,0.0,0.0,,,,,0.006705430801957846,{'1': 1.0},"{'policy_dri': True, 'active_frontier_distance': True, 'oracle_normalized_return': False, 'response_signature_accuracy': False, 'belief_calibration': False, 'partner_response_prediction_loss': True}"
precommit_inseparable,odits_style,2010,binary-role-allocation--precommit_inseparable--identity,stochastic,exact_neural_policy_tree,79.897732701047,0.10226683530504546,20.000000463647957,20.00000046364796,-3.552713678800501e-15,20.102267298953002,-2.3182398045662467e-08,0.02045336706100909,0.5550483245930276,0.0,0.0,0.002556670882652412,,,,,0.00886468038166023,"{'0': 0.5522302538156509, '1': 0.34049121414046635, '2': 0.10727855522628058}","{'policy_dri': True, 'active_frontier_distance': True, 'oracle_normalized_return': False, 'response_signature_accuracy': False, 'belief_calibration': False, 'partner_response_prediction_loss': True}"
precommit_inseparable,pace_aux,2001,binary-role-allocation--precommit_inseparable--identity,greedy,exact_neural_policy_tree,80.0,0.0,20.0,20.0,0.0,20.0,0.0,0.0,0.0,0.0,0.0,0.0,,0.5,0.5003182701945996,0.012614890933036804,,{'0': 1.0},"{'policy_dri': True, 'active_frontier_distance': True, 'oracle_normalized_return': False, 'response_signature_accuracy': True, 'belief_calibration': True, 'partner_response_prediction_loss': False}"
precommit_inseparable,pace_aux,2001,binary-role-allocation--precommit_inseparable--identity,stochastic,exact_neural_policy_tree,79.88013101840211,0.11986948699201308,19.99999949460588,19.99999949460588,0.0,20.119868981597893,2.526970597216405e-08,0.023973897398402617,0.48544719238593925,0.0,0.0,0.002996737174826963,,0.49999998736514706,0.5006532243971127,0.014863844225489031,,"{'0': 0.6291045397520065, '1': 0.2563436775706358, '2': 0.11455175740765172}","{'policy_dri': True, 'active_frontier_distance': True, 'oracle_normalized_return': False, 'response_signature_accuracy': True, 'belief_calibration': True, 'partner_response_prediction_loss': False}"
precommit_inseparable,pace_aux,2002,binary-role-allocation--precommit_inseparable--identity,greedy,exact_neural_policy_tree,80.0,0.0,20.0,20.0,0.0,20.0,0.0,0.0,0.0,0.0,0.0,0.0,,0.5,0.5000270090431025,0.003674834966659546,,{'0': 1.0},"{'policy_dri': True, 'active_frontier_distance': True, 'oracle_normalized_return': False, 'response_signature_accuracy': True, 'belief_calibration': True, 'partner_response_prediction_loss': False}"
precommit_inseparable,pace_aux,2002,binary-role-allocation--precommit_inseparable--identity,stochastic,exact_neural_policy_tree,79.8689091907578,0.13109064409369167,20.000000165148506,20.000000165148506,0.0,20.1310908092422,-8.257425321289702e-09,0.026218128818738334,0.43178848307650786,0.0,0.0,0.003277266102344892,,0.5000000041287127,0.5001194452175999,0.006477848797567742,,"{'0': 0.6488404273986816, '1': 0.27053067864097935, '2': 0.08062890221776423}","{'policy_dri': True, 'active_frontier_distance': True, 'oracle_normalized_return': False, 'response_signature_accuracy': True, 'belief_calibration': True, 'partner_response_prediction_loss': False}"
precommit_inseparable,pace_aux,2003,binary-role-allocation--precommit_inseparable--identity,greedy,exact_neural_policy_tree,80.0,0.0,20.0,20.0,0.0,20.0,0.0,0.0,0.0,0.0,0.0,0.0,,0.5,0.5002039609916997,0.010098576545715332,,{'0': 1.0},"{'policy_dri': True, 'active_frontier_distance': True, 'oracle_normalized_return': False, 'response_signature_accuracy': True, 'belief_calibration': True, 'partner_response_prediction_loss': False}"
precommit_inseparable,pace_aux,2003,binary-role-allocation--precommit_inseparable--identity,stochastic,exact_neural_policy_tree,79.84426678487401,0.15573360262315555,19.999999612502833,19.999999612502833,0.0,20.155733215125988,1.937485833991559e-08,0.031146720524631112,0.5279948027627497,0.0,0.0,0.003893340065590941,,0.4999999903125708,0.5003994758517916,0.012836145564419366,,"{'0': 0.5996422618627548, '1': 0.2727206347620239, '2': 0.1276370840003629}","{'policy_dri': True, 'active_frontier_distance': True, 'oracle_normalized_return': False, 'response_signature_accuracy': True, 'belief_calibration': True, 'partner_response_prediction_loss': False}"
precommit_inseparable,pace_aux,2004,binary-role-allocation--precommit_inseparable--identity,greedy,exact_neural_policy_tree,80.0,0.0,20.0,20.0,0.0,20.0,0.0,0.0,0.0,0.0,0.0,0.0,,0.5,0.5002163905579686,0.010401681065559387,,{'0': 1.0},"{'policy_dri': True, 'active_frontier_distance': True, 'oracle_normalized_return': False, 'response_signature_accuracy': True, 'belief_calibration': True, 'partner_response_prediction_loss': False}"
precommit_inseparable,pace_aux,2004,binary-role-allocation--precommit_inseparable--identity,stochastic,exact_neural_policy_tree,79.84142954145445,0.15857134469692466,19.999999113848634,19.999999113848634,0.0,20.158570458545558,4.430756828099902e-08,0.031714268939384935,0.29968457988921504,0.0,0.0,0.003964283617485019,,0.49999997784621586,0.5002083033844551,0.009717451204561023,,"{'0': 0.7549477219581604, '1': 0.19041988757932765, '2': 0.054632346154943674}","{'policy_dri': True, 'active_frontier_distance': True, 'oracle_normalized_return': False, 'response_signature_accuracy': True, 'belief_calibration': True, 'partner_response_prediction_loss': False}"
precommit_inseparable,pace_aux,2005,binary-role-allocation--precommit_inseparable--identity,greedy,exact_neural_policy_tree,80.0,0.0,20.0,20.0,0.0,20.0,0.0,0.0,0.0,0.0,0.0,0.0,,0.5,0.5000270478267623,0.0036774873733520508,,{'0': 1.0},"{'policy_dri': True, 'active_frontier_distance': True, 'oracle_normalized_return': False, 'response_signature_accuracy': True, 'belief_calibration': True, 'partner_response_prediction_loss': False}"
precommit_inseparable,pace_aux,2005,binary-role-allocation--precommit_inseparable--identity,stochastic,exact_neural_policy_tree,79.89136872812882,0.10863016520624949,20.00000110666492,20.00000110666492,0.0,20.10863127187117,-5.5333246073985266e-08,0.021726033041249898,0.3026742959246917,0.0,0.0,0.0027157541302971636,,0.5000000276666231,0.5000242762262013,0.003128058958644986,,"{'0': 0.7336157560348511, '1': 0.23009430267209843, '2': 0.03628999662629663}","{'policy_dri': True, 'active_frontier_distance': True, 'oracle_normalized_return': False, 'response_signature_accuracy': True, 'belief_calibration': True, 'partner_response_prediction_loss': False}"
precommit_inseparable,pace_aux,2006,binary-role-allocation--precommit_inseparable--identity,greedy,exact_neural_policy_tree,80.0,0.0,20.0,20.0,0.0,20.0,0.0,0.0,1.5,0.0,0.0,0.0,,0.5,0.5016277263887738,0.028485385701060295,,"{'1': 0.5, '2': 0.5}","{'policy_dri': True, 'active_frontier_distance': True, 'oracle_normalized_return': False, 'response_signature_accuracy': True, 'belief_calibration': True, 'partner_response_prediction_loss': False}"
precommit_inseparable,pace_aux,2006,binary-role-allocation--precommit_inseparable--identity,stochastic,exact_neural_policy_tree,79.87155987006358,0.1284396827935705,20.000000447142845,20.000000447142845,0.0,20.128440129936415,-2.2357142270834628e-08,0.025687936558714097,0.6830622300856145,0.0,0.0,0.0032109920698587206,,0.5000000111785712,0.5010226893407815,0.021006428233889762,,"{'0': 0.4927622228860855, '1': 0.3314133688564991, '2': 0.17582443061455771}","{'policy_dri': True, 'active_frontier_distance': True, 'oracle_normalized_return': False, 'response_signature_accuracy': True, 'belief_calibration': True, 'partner_response_prediction_loss': False}"
precommit_inseparable,pace_aux,2007,binary-role-allocation--precommit_inseparable--identity,greedy,exact_neural_policy_tree,80.0,0.0,20.0,20.0,0.0,20.0,0.0,0.0,1.0,0.0,0.0,0.0,,0.5,0.5001011169323896,0.005788087844848633,,{'1': 1.0},"{'policy_dri': True, 'active_frontier_distance': True, 'oracle_normalized_return': False, 'response_signature_accuracy': True, 'belief_calibration': True, 'partner_response_prediction_loss': False}"
precommit_inseparable,pace_aux,2007,binary-role-allocation--precommit_inseparable--identity,stochastic,exact_neural_policy_tree,79.84023871243207,0.15976001554993188,20.000001272018007,20.000001272018007,0.0,20.15976128756794,-6.360090036849897e-08,0.031952003109986374,0.508178268128836,0.0,0.0,0.003994000388874895,,0.5000000318004503,0.5000528077369208,0.00420816550479941,,"{'0': 0.6075045466423035, '1': 0.2768127657883577, '2': 0.11568275117023917}","{'policy_dri': True, 'active_frontier_distance': True, 'oracle_normalized_return': False, 'response_signature_accuracy': True, 'belief_calibration': True, 'partner_response_prediction_loss': False}"
precommit_inseparable,pace_aux,2008,binary-role-allocation--precommit_inseparable--identity,greedy,exact_neural_policy_tree,80.0,0.0,20.0,20.0,0.0,20.0,0.0,0.0,1.0,0.0,0.0,0.0,,0.5,0.5002249642110004,0.008432768285274506,,{'1': 1.0},"{'policy_dri': True, 'active_frontier_distance': True, 'oracle_normalized_return': False, 'response_signature_accuracy': True, 'belief_calibration': True, 'partner_response_prediction_loss': False}"
precommit_inseparable,pace_aux,2008,binary-role-allocation--precommit_inseparable--identity,stochastic,exact_neural_policy_tree,79.87424543246878,0.12575514796610454,19.99999941956511,19.99999941956511,0.0,20.125754567531214,2.9021744474277965e-08,0.025151029593220908,0.7759853991152124,0.0,0.0,0.003143878699186102,,0.4999999854891279,0.5003259040338913,0.011400321738163466,,"{'0': 0.36570940911769867, '1': 0.4925957246059014, '2': 0.1416948372546555}","{'policy_dri': True, 'active_frontier_distance': True, 'oracle_normalized_return': False, 'response_signature_accuracy': True, 'belief_calibration': True, 'partner_response_prediction_loss': False}"
precommit_inseparable,pace_aux,2009,binary-role-allocation--precommit_inseparable--identity,greedy,exact_neural_policy_tree,80.0,0.0,20.0,20.0,0.0,20.0,0.0,0.0,2.0,0.0,0.0,0.0,,0.5,0.5002292485905251,0.010039905086159706,,{'2': 1.0},"{'policy_dri': True, 'active_frontier_distance': True, 'oracle_normalized_return': False, 'response_signature_accuracy': True, 'belief_calibration': True, 'partner_response_prediction_loss': False}"
precommit_inseparable,pace_aux,2009,binary-role-allocation--precommit_inseparable--identity,stochastic,exact_neural_policy_tree,79.8689368942744,0.13106503427717822,19.999998071448424,19.999998071448424,0.0,20.1310631057256,9.64275788106761e-08,0.026213006855435646,0.9161294266450588,0.0,0.0,0.0032766258572841755,,0.4999999517862106,0.5001866741325275,0.009022707820173337,,"{'0': 0.39812664687633514, '1': 0.28761708674711317, '2': 0.3142561699489728}","{'policy_dri': True, 'active_frontier_distance': True, 'oracle_normalized_return': False, 'response_signature_accuracy': True, 'belief_calibration': True, 'partner_response_prediction_loss': False}"
precommit_inseparable,pace_aux,2010,binary-role-allocation--precommit_inseparable--identity,greedy,exact_neural_policy_tree,80.0,0.0,20.0,20.0,0.0,20.0,0.0,0.0,0.0,0.0,0.0,0.0,,0.5,0.5000427458346515,0.004623055458068848,,{'0': 1.0},"{'policy_dri': True, 'active_frontier_distance': True, 'oracle_normalized_return': False, 'response_signature_accuracy': True, 'belief_calibration': True, 'partner_response_prediction_loss': False}"
precommit_inseparable,pace_aux,2010,binary-role-allocation--precommit_inseparable--identity,stochastic,exact_neural_policy_tree,79.83335675073414,0.16664213011284432,20.000001119153012,20.000001119153012,0.0,20.166643249265856,-5.595765060206759e-08,0.033328426022568865,0.40934990784276654,0.0,0.0,0.00416605325291506,,0.5000000279788253,0.5005598048519001,0.010131408187144642,,"{'0': 0.6627100557088852, '1': 0.26523009265476416, '2': 0.07205990759400119}","{'policy_dri': True, 'active_frontier_distance': True, 'oracle_normalized_return': False, 'response_signature_accuracy': True, 'belief_calibration': True, 'partner_response_prediction_loss': False}"
precommit_inseparable,pace_style,2001,binary-role-allocation--precommit_inseparable--identity,greedy,exact_neural_policy_tree,80.0,0.0,20.0,20.0,0.0,20.0,0.0,0.0,2.0,0.0,0.0,0.0,,0.5,0.5001429265580014,0.007682079449295998,,{'2': 1.0},"{'policy_dri': True, 'active_frontier_distance': True, 'oracle_normalized_return': False, 'response_signature_accuracy': True, 'belief_calibration': True, 'partner_response_prediction_loss': False}"
precommit_inseparable,pace_style,2001,binary-role-allocation--precommit_inseparable--identity,stochastic,exact_neural_policy_tree,79.8322256890774,0.16777391036710018,20.000000400555503,20.0000004005555,3.552713678800501e-15,20.167774310922603,-2.0027774993991443e-08,0.03355478207342004,1.7619951810953327,0.0,0.0,0.004194347759189459,,0.5000000100138875,0.5001557958007014,0.007834146188076763,,"{'0': 0.06664355471730232, '1': 0.10471774952561308, '2': 0.82863871578486}","{'policy_dri': True, 'active_frontier_distance': True, 'oracle_normalized_return': False, 'response_signature_accuracy': True, 'belief_calibration': True, 'partner_response_prediction_loss': False}"
precommit_inseparable,pace_style,2002,binary-role-allocation--precommit_inseparable--identity,greedy,exact_neural_policy_tree,80.0,0.0,20.0,20.0,0.0,20.0,0.0,0.0,2.0,0.0,0.0,0.0,,0.5,0.5000925872338506,0.005775474011898041,,{'2': 1.0},"{'policy_dri': True, 'active_frontier_distance': True, 'oracle_normalized_return': False, 'response_signature_accuracy': True, 'belief_calibration': True, 'partner_response_prediction_loss': False}"
precommit_inseparable,pace_style,2002,binary-role-allocation--precommit_inseparable--identity,stochastic,exact_neural_policy_tree,79.871199232967,0.12879900910633404,20.00000175792666,20.000001757926658,3.552713678800501e-15,20.128800767032995,-8.789633287875631e-08,0.02575980182126681,1.769575293086935,0.0,0.0,0.0032199752279582668,,0.5000000439481666,0.5000821565557747,0.0054192585662413695,,"{'0': 0.06678951345384121, '1': 0.09684585579804872, '2': 0.8363647186444434}","{'policy_dri': True, 'active_frontier_distance': True, 'oracle_normalized_return': False, 'response_signature_accuracy': True, 'belief_calibration': True, 'partner_response_prediction_loss': False}"
precommit_inseparable,pace_style,2003,binary-role-allocation--precommit_inseparable--identity,greedy,exact_neural_policy_tree,80.0,0.0,20.0,20.0,0.0,20.0,0.0,0.0,2.0,0.0,0.0,0.0,,0.5,0.5001354211616267,0.008109202608466148,,{'2': 1.0},"{'policy_dri': True, 'active_frontier_distance': True, 'oracle_normalized_return': False, 'response_signature_accuracy': True, 'belief_calibration': True, 'partner_response_prediction_loss': False}"
precommit_inseparable,pace_style,2003,binary-role-allocation--precommit_inseparable--identity,stochastic,exact_neural_policy_tree,79.8724015701644,0.12759941474796047,19.999999015087642,19.999999015087642,0.0,20.127598429835604,4.9245617894655426e-08,0.025519882949592093,1.7889918278448265,0.0,0.0,0.0031899853687940407,,0.49999997537719115,0.5001154574055127,0.0069946551333825435,,"{'0': 0.05828847177326679, '1': 0.09443113011740417, '2': 0.847280348863711}","{'policy_dri': True, 'active_frontier_distance': True, 'oracle_normalized_return': False, 'response_signature_accuracy': True, 'belief_calibration': True, 'partner_response_prediction_loss': False}"
precommit_inseparable,pace_style,2004,binary-role-allocation--precommit_inseparable--identity,greedy,exact_neural_policy_tree,80.0,0.0,20.0,20.0,0.0,20.0,0.0,0.0,2.0,0.0,0.0,0.0,,0.5,0.5006683176077695,0.01804443635046482,,{'2': 1.0},"{'policy_dri': True, 'active_frontier_distance': True, 'oracle_normalized_return': False, 'response_signature_accuracy': True, 'belief_calibration': True, 'partner_response_prediction_loss': False}"
precommit_inseparable,pace_style,2004,binary-role-allocation--precommit_inseparable--identity,stochastic,exact_neural_policy_tree,79.76431445220356,0.2356863218997221,19.999999225896712,19.999999225896712,0.0,20.235685547796432,3.8705164406849235e-08,0.04713726437994442,1.7736592961372077,0.0,0.0,0.005892158047524834,,0.49999998064741785,0.5006808075528069,0.018102671427552508,,"{'0': 0.0644228346645832, '1': 0.09749495712329694, '2': 0.8380821695069555}","{'policy_dri': True, 'active_frontier_distance': True, 'oracle_normalized_return': False, 'response_signature_accuracy': True, 'belief_calibration': True, 'partner_response_prediction_loss': False}"
precommit_inseparable,pace_style,2005,binary-role-allocation--precommit_inseparable--identity,greedy,exact_neural_policy_tree,80.0,0.0,20.0,20.0,0.0,20.0,0.0,0.0,2.0,0.0,0.0,0.0,,0.5,0.5000312919383172,0.0036326199769973755,,{'2': 1.0},"{'policy_dri': True, 'active_frontier_distance': True, 'oracle_normalized_return': False, 'response_signature_accuracy': True, 'belief_calibration': True, 'partner_response_prediction_loss': False}"
precommit_inseparable,pace_style,2005,binary-role-allocation--precommit_inseparable--identity,stochastic,exact_neural_policy_tree,79.8589079963587,0.1410906828198124,20.00000132082149,20.000001320821493,-3.552713678800501e-15,20.1410920036413,-6.604107465335573e-08,0.028218136563962482,1.7792192813154253,0.0,0.0,0.003527267070649871,,0.5000000330205373,0.500031499038431,0.0036212677435764062,,"{'0': 0.06321250274777412, '1': 0.09435584527117565, '2': 0.8424317180221247}","{'policy_dri': True, 'active_frontier_distance': True, 'oracle_normalized_return': False, 'response_signature_accuracy': True, 'belief_calibration': True, 'partner_response_prediction_loss': False}"
precommit_inseparable,pace_style,2006,binary-role-allocation--precommit_inseparable--identity,greedy,exact_neural_policy_tree,80.0,0.0,20.0,20.0,0.0,20.0,0.0,0.0,2.0,0.0,0.0,0.0,,0.5,0.5000622972576724,0.004847288131713867,,{'2': 1.0},"{'policy_dri': True, 'active_frontier_distance': True, 'oracle_normalized_return': False, 'response_signature_accuracy': True, 'belief_calibration': True, 'partner_response_prediction_loss': False}"
precommit_inseparable,pace_style,2006,binary-role-allocation--precommit_inseparable--identity,stochastic,exact_neural_policy_tree,79.77004501433177,0.22995543928375703,19.999999546384473,19.999999546384473,0.0,20.22995498566823,2.2680776368133593e-08,0.045991087856751406,1.7554719269507963,0.0,0.0,0.005748885982105111,,0.49999998865961176,0.500057694847212,0.004705168592298803,,"{'0': 0.08307095244526863, '1': 0.07838612279711363, '2': 0.8385429020768413}","{'policy_dri': True, 'active_frontier_distance': True, 'oracle_normalized_return': False, 'response_signature_accuracy': True, 'belief_calibration': True, 'partner_response_prediction_loss': False}"
precommit_inseparable,pace_style,2007,binary-role-allocation--precommit_inseparable--identity,greedy,exact_neural_policy_tree,80.0,0.0,20.0,20.0,0.0,20.0,0.0,0.0,2.0,0.0,0.0,0.0,,0.5,0.5009311692256088,0.021343126893043518,,{'2': 1.0},"{'policy_dri': True, 'active_frontier_distance': True, 'oracle_normalized_return': False, 'response_signature_accuracy': True, 'belief_calibration': True, 'partner_response_prediction_loss': False}"
precommit_inseparable,pace_style,2007,binary-role-allocation--precommit_inseparable--identity,stochastic,exact_neural_policy_tree,79.80571704214793,0.19428144317747986,20.000001514674583,20.000001514674583,0.0,20.194282957852064,-7.57337291545923e-08,0.03885628863549597,1.7851864235406196,0.0,0.0,0.004857036079584607,,0.5000000378668645,0.5008504853356583,0.02016711292601292,,"{'0': 0.06113739497959614, '1': 0.09253893796764623, '2': 0.8463237427864868}","{'policy_dri': True, 'active_frontier_distance': True, 'oracle_normalized_return': False, 'response_signature_accuracy': True, 'belief_calibration': True, 'partner_response_prediction_loss': False}"
precommit_inseparable,pace_style,2008,binary-role-allocation--precommit_inseparable--identity,greedy,exact_neural_policy_tree,80.0,0.0,20.0,20.0,0.0,20.0,0.0,0.0,2.0,0.0,0.0,0.0,,0.5,0.5000760857589502,0.004767201840877533,,{'2': 1.0},"{'policy_dri': True, 'active_frontier_distance': True, 'oracle_normalized_return': False, 'response_signature_accuracy': True, 'belief_calibration': True, 'partner_response_prediction_loss': False}"
precommit_inseparable,pace_style,2008,binary-role-allocation--precommit_inseparable--identity,stochastic,exact_neural_policy_tree,79.85216901699866,0.14782974208682262,20.00000124091451,20.00000124091451,0.0,20.147830983001334,-6.204572553514253e-08,0.029565948417364527,1.7645067240280237,0.0,0.0,0.0036957435523007716,,0.5000000310228627,0.5000833192440449,0.0052362614977042865,,"{'0': 0.06246276572346687, '1': 0.11056786861649379, '2': 0.826969427705765}","{'policy_dri': True, 'active_frontier_distance': True, 'oracle_normalized_return': False, 'response_signature_accuracy': True, 'belief_calibration': True, 'partner_response_prediction_loss': False}"
precommit_inseparable,pace_style,2009,binary-role-allocation--precommit_inseparable--identity,greedy,exact_neural_policy_tree,80.0,0.0,20.0,20.0,0.0,20.0,0.0,0.0,2.0,0.0,0.0,0.0,,0.5,0.5002812724970925,0.011526569724082947,,{'2': 1.0},"{'policy_dri': True, 'active_frontier_distance': True, 'oracle_normalized_return': False, 'response_signature_accuracy': True, 'belief_calibration': True, 'partner_response_prediction_loss': False}"
precommit_inseparable,pace_style,2009,binary-role-allocation--precommit_inseparable--identity,stochastic,exact_neural_policy_tree,79.87001624673738,0.12998507554054514,19.99999867772208,19.99999867772208,0.0,20.129983753262625,6.611389604671559e-08,0.025997015108109027,1.784163096121027,0.0,0.0,0.003249626888681765,,0.499999966943052,0.5002966393600238,0.011838169036255064,,"{'0': 0.06122097745537758, '1': 0.09339481674042571, '2': 0.8453841396903007}","{'policy_dri': True, 'active_frontier_distance': True, 'oracle_normalized_return': False, 'response_signature_accuracy': True, 'belief_calibration': True, 'partner_response_prediction_loss': False}"
precommit_inseparable,pace_style,2010,binary-role-allocation--precommit_inseparable--identity,greedy,exact_neural_policy_tree,80.0,0.0,20.0,20.0,0.0,20.0,0.0,0.0,2.0,0.0,0.0,0.0,,0.5,0.5006613680381151,0.01613752543926239,,{'2': 1.0},"{'policy_dri': True, 'active_frontier_distance': True, 'oracle_normalized_return': False, 'response_signature_accuracy': True, 'belief_calibration': True, 'partner_response_prediction_loss': False}"
precommit_inseparable,pace_style,2010,binary-role-allocation--precommit_inseparable--identity,stochastic,exact_neural_policy_tree,79.85307460666996,0.14692586919532424,19.999999524134715,19.999999524134708,7.105427357601002e-15,20.14692539333004,2.379326460300035e-08,0.02938517383906485,1.819996823522326,0.0,0.0,0.0036731467299023716,,0.4999999881033678,0.5006083866611654,0.015336064526083382,,"{'0': 0.047210318967700005, '1': 0.0855824909557453, '2': 0.8672071662832902}","{'policy_dri': True, 'active_frontier_distance': True, 'oracle_normalized_return': False, 'response_signature_accuracy': True, 'belief_calibration': True, 'partner_response_prediction_loss': False}"
precommit_inseparable,talents_style,2001,binary-role-allocation--precommit_inseparable--identity,greedy,exact_neural_policy_tree,80.0,0.0,20.0,20.0,0.0,20.0,0.0,0.0,0.0,0.0,0.0,0.0,,0.5,0.5000132567495541,0.0025745630264282227,,{'0': 1.0},"{'policy_dri': True, 'active_frontier_distance': True, 'oracle_normalized_return': False, 'response_signature_accuracy': True, 'belief_calibration': True, 'partner_response_prediction_loss': False}"
precommit_inseparable,talents_style,2001,binary-role-allocation--precommit_inseparable--identity,stochastic,exact_neural_policy_tree,79.88946317289928,0.11053693373201308,19.999999893368706,19.999999893368706,0.0,20.11053682710072,5.3315647008389535e-09,0.022107386746402617,0.3426769389864974,0.0,0.0,0.002763423343301613,,0.4999999973342176,0.5000245125162689,0.0032358704472720268,0.007579798697962466,"{'0': 0.7202788293361664, '1': 0.21676539167804032, '2': 0.06295577365422855}","{'policy_dri': True, 'active_frontier_distance': True, 'oracle_normalized_return': False, 'response_signature_accuracy': True, 'belief_calibration': True, 'partner_response_prediction_loss': True}"
precommit_inseparable,talents_style,2002,binary-role-allocation--precommit_inseparable--identity,greedy,exact_neural_policy_tree,80.0,0.0,20.0,20.0,0.0,20.0,0.0,0.0,2.0,0.0,0.0,0.0,,0.5,0.500064072983718,0.004934221506118774,0.01419010665267706,{'2': 1.0},"{'policy_dri': True, 'active_frontier_distance': True, 'oracle_normalized_return': False, 'response_signature_accuracy': True, 'belief_calibration': True, 'partner_response_prediction_loss': True}"
precommit_inseparable,talents_style,2002,binary-role-allocation--precommit_inseparable--identity,stochastic,exact_neural_policy_tree,79.87786448995513,0.12213566450166526,19.99999984554321,19.99999984554321,0.0,20.122135510044878,7.722839434620709e-09,0.024427132900333052,0.5492071606927301,0.0,0.0,0.003053391612544073,,0.4999999961385803,0.5000288713481424,0.0034220251689179304,0.010169327203934219,"{'0': 0.6049407720565796, '1': 0.24091127974843185, '2': 0.15414794047214914}","{'policy_dri': True, 'active_frontier_distance': True, 'oracle_normalized_return': False, 'response_signature_accuracy': True, 'belief_calibration': True, 'partner_response_prediction_loss': True}"
precommit_inseparable,talents_style,2003,binary-role-allocation--precommit_inseparable--identity,greedy,exact_neural_policy_tree,80.0,0.0,20.0,20.0,0.0,20.0,0.0,0.0,1.0,0.0,0.0,0.0,,0.5,0.5000956483583718,0.006528198719024658,0.009607506915926933,{'1': 1.0},"{'policy_dri': True, 'active_frontier_distance': True, 'oracle_normalized_return': False, 'response_signature_accuracy': True, 'belief_calibration': True, 'partner_response_prediction_loss': True}"
precommit_inseparable,talents_style,2003,binary-role-allocation--precommit_inseparable--identity,stochastic,exact_neural_policy_tree,79.83494621140454,0.16505352971418408,20.00000025888128,20.000000258881276,3.552713678800501e-15,20.165053788595465,-1.2944063776387792e-08,0.03301070594283682,0.6381310665841758,0.0,0.0,0.004126338242859678,,0.5000000064720319,0.5000827502311801,0.005584601865783578,0.011825997713141877,"{'0': 0.4936944544315338, '1': 0.3744800504408843, '2': 0.13182550807164578}","{'policy_dri': True, 'active_frontier_distance': True, 'oracle_normalized_return': False, 'response_signature_accuracy': True, 'belief_calibration': True, 'partner_response_prediction_loss': True}"
precommit_inseparable,talents_style,2004,binary-role-allocation--precommit_inseparable--identity,greedy,exact_neural_policy_tree,80.0,0.0,20.0,20.0,0.0,20.0,0.0,0.0,0.0,0.0,0.0,0.0,,0.5,0.5000003478178634,0.0004170536994934082,,{'0': 1.0},"{'policy_dri': True, 'active_frontier_distance': True, 'oracle_normalized_return': False, 'response_signature_accuracy': True, 'belief_calibration': True, 'partner_response_prediction_loss': False}"
precommit_inseparable,talents_style,2004,binary-role-allocation--precommit_inseparable--identity,stochastic,exact_neural_policy_tree,79.87818459873219,0.12181486184619159,20.000000539421617,20.00000053942162,-3.552713678800501e-15,20.12181540126781,-2.6971081013016375e-08,0.024362972369238317,0.5718068871574524,0.0,0.0,0.003045371546184648,,0.5000000134855405,0.5000073599330038,0.0012714164211590218,0.00759161627699038,"{'0': 0.5962441861629486, '1': 0.23570479445881215, '2': 0.1680510463493201}","{'policy_dri': True, 'active_frontier_distance': True, 'oracle_normalized_return': False, 'response_signature_accuracy': True, 'belief_calibration': True, 'partner_response_prediction_loss': True}"
precommit_inseparable,talents_style,2005,binary-role-allocation--precommit_inseparable--identity,greedy,exact_neural_policy_tree,80.0,0.0,20.0,20.0,0.0,20.0,0.0,0.0,1.0,0.0,0.0,0.0,,0.5,0.5008272002443523,0.020335137844085693,0.004781936528161168,{'1': 1.0},"{'policy_dri': True, 'active_frontier_distance': True, 'oracle_normalized_return': False, 'response_signature_accuracy': True, 'belief_calibration': True, 'partner_response_prediction_loss': True}"
precommit_inseparable,talents_style,2005,binary-role-allocation--precommit_inseparable--identity,stochastic,exact_neural_policy_tree,79.90234667405315,0.097653184690341,20.00000014125651,20.000000141256514,-3.552713678800501e-15,20.09765332594685,-7.062825702064401e-09,0.0195306369380682,0.5843745826273781,0.0,0.0,0.002441329617261079,,0.5000000035314127,0.500719910784006,0.017459524180665098,0.006800826633577993,"{'0': 0.5403688251972198, '1': 0.3348877811038333, '2': 0.12474340076177241}","{'policy_dri': True, 'active_frontier_distance': True, 'oracle_normalized_return': False, 'response_signature_accuracy': True, 'belief_calibration': True, 'partner_response_prediction_loss': True}"
precommit_inseparable,talents_style,2006,binary-role-allocation--precommit_inseparable--identity,greedy,exact_neural_policy_tree,80.0,0.0,20.0,20.0,0.0,20.0,0.0,0.0,1.5,0.0,0.0,0.0,,0.5,0.5004804504670131,0.01463434100151062,0.011304485611617565,"{'1': 0.5, '2': 0.5}","{'policy_dri': True, 'active_frontier_distance': True, 'oracle_normalized_return': False, 'response_signature_accuracy': True, 'belief_calibration': True, 'partner_response_prediction_loss': True}"
precommit_inseparable,talents_style,2006,binary-role-allocation--precommit_inseparable--identity,stochastic,exact_neural_policy_tree,79.90248631148509,0.09751518003921228,19.999998508475702,19.999998508475706,-3.552713678800501e-15,20.097513688514915,7.457621471473886e-08,0.019503036007842454,0.6114069657213688,0.0,0.0,0.0024378795012654736,,0.49999996271189256,0.5002310803863563,0.009891854906754094,0.00856671475491549,"{'0': 0.5527743846178055, '1': 0.28304411589059064, '2': 0.1641814249153891}","{'policy_dri': True, 'active_frontier_distance': True, 'oracle_normalized_return': False, 'response_signature_accuracy': True, 'belief_calibration': True, 'partner_response_prediction_loss': True}"
precommit_inseparable,talents_style,2007,binary-role-allocation--precommit_inseparable--identity,greedy,exact_neural_policy_tree,80.0,0.0,20.0,20.0,0.0,20.0,0.0,0.0,1.0,0.0,0.0,0.0,,0.5,0.5000338343823061,0.004067659378051758,0.010604810900986195,{'1': 1.0},"{'policy_dri': True, 'active_frontier_distance': True, 'oracle_normalized_return': False, 'response_signature_accuracy': True, 'belief_calibration': True, 'partner_response_prediction_loss': True}"
precommit_inseparable,talents_style,2007,binary-role-allocation--precommit_inseparable--identity,stochastic,exact_neural_policy_tree,79.84714072866241,0.15285898783951232,20.00000028349808,20.000000283498075,3.552713678800501e-15,20.15285927133759,-1.4174903739672118e-08,0.030571797567902466,0.6303804917350941,0.0,0.0,0.0038214746959943807,,0.500000007087452,0.5000179876820694,0.0019239106828696784,0.012405850464293319,"{'0': 0.5084076970815659, '1': 0.352804142451582, '2': 0.1387881746417561}","{'policy_dri': True, 'active_frontier_distance': True, 'oracle_normalized_return': False, 'response_signature_accuracy': True, 'belief_calibration': True, 'partner_response_prediction_loss': True}"
precommit_inseparable,talents_style,2008,binary-role-allocation--precommit_inseparable--identity,greedy,exact_neural_policy_tree,80.0,0.0,20.0,20.0,0.0,20.0,0.0,0.0,1.0,0.0,0.0,0.0,,0.5,0.5000018994751749,0.0009088814258575439,0.0074925890658050776,{'1': 1.0},"{'policy_dri': True, 'active_frontier_distance': True, 'oracle_normalized_return': False, 'response_signature_accuracy': True, 'belief_calibration': True, 'partner_response_prediction_loss': True}"
precommit_inseparable,talents_style,2008,binary-role-allocation--precommit_inseparable--identity,stochastic,exact_neural_policy_tree,79.84521723149176,0.15478111928468544,20.00000164922356,20.00000164922356,0.0,20.154782768508245,-8.24611779748352e-08,0.030956223856937085,0.6056470731221173,0.0,0.0,0.0038695279823367963,,0.5000000412305888,0.5000034818071155,0.0008990070596734956,0.009195747734058003,"{'0': 0.5287375748157501, '1': 0.33687794216873823, '2': 0.13438456547668953}","{'policy_dri': True, 'active_frontier_distance': True, 'oracle_normalized_return': False, 'response_signature_accuracy': True, 'belief_calibration': True, 'partner_response_prediction_loss': True}"
precommit_inseparable,talents_style,2009,binary-role-allocation--precommit_inseparable--identity,greedy,exact_neural_policy_tree,80.0,0.0,20.0,20.0,0.0,20.0,0.0,0.0,1.0,0.0,0.0,0.0,,0.5,0.500009978621597,0.0021363496780395508,0.006979251280426979,{'1': 1.0},"{'policy_dri': True, 'active_frontier_distance': True, 'oracle_normalized_return': False, 'response_signature_accuracy': True, 'belief_calibration': True, 'partner_response_prediction_loss': True}"
precommit_inseparable,talents_style,2009,binary-role-allocation--precommit_inseparable--identity,stochastic,exact_neural_policy_tree,79.86592256398288,0.1340786379924426,19.99999879802468,19.99999879802468,0.0,20.134077436017122,6.009876596380082e-08,0.02681572759848852,0.5166686697065179,0.0,0.0,0.0033519659499457568,,0.49999996995061696,0.500004689899769,0.0013887022597968146,0.008885071927849547,"{'0': 0.6008223593235016, '1': 0.281686491448947, '2': 0.11749108912878546}","{'policy_dri': True, 'active_frontier_distance': True, 'oracle_normalized_return': False, 'response_signature_accuracy': True, 'belief_calibration': True, 'partner_response_prediction_loss': True}"
precommit_inseparable,talents_style,2010,binary-role-allocation--precommit_inseparable--identity,greedy,exact_neural_policy_tree,80.0,0.0,20.0,20.0,0.0,20.0,0.0,0.0,1.5,0.0,0.0,0.0,,0.5,0.5000009834251771,0.0006009340286254883,0.008232094114646316,"{'1': 0.5, '2': 0.5}","{'policy_dri': True, 'active_frontier_distance': True, 'oracle_normalized_return': False, 'response_signature_accuracy': True, 'belief_calibration': True, 'partner_response_prediction_loss': True}"
precommit_inseparable,talents_style,2010,binary-role-allocation--precommit_inseparable--identity,stochastic,exact_neural_policy_tree,79.83950272375324,0.16049683426098246,20.00000044198578,20.00000044198578,0.0,20.160497276246762,-2.2099288976562546e-08,0.03209936685219649,0.6791810233464489,0.0,0.0,0.004012420856539776,,0.5000000110496445,0.5000013960816756,0.0005859053990052709,0.0082074743507472,"{'0': 0.481888085603714, '1': 0.3570428496447011, '2': 0.1610690868508739}","{'policy_dri': True, 'active_frontier_distance': True, 'oracle_normalized_return': False, 'response_signature_accuracy': True, 'belief_calibration': True, 'partner_response_prediction_loss': True}"
precommit_inseparable,tom_selector_style,2001,binary-role-allocation--precommit_inseparable--identity,greedy,exact_neural_policy_tree,80.0,0.0,20.0,20.0,0.0,20.0,0.0,0.0,0.0,0.0,0.0,0.0,,0.5,0.500135874266082,0.008242428302764893,,{'0': 1.0},"{'policy_dri': True, 'active_frontier_distance': True, 'oracle_normalized_return': False, 'response_signature_accuracy': True, 'belief_calibration': True, 'partner_response_prediction_loss': False}"
precommit_inseparable,tom_selector_style,2001,binary-role-allocation--precommit_inseparable--identity,stochastic,exact_neural_policy_tree,79.91801325024407,0.0819861235343818,20.000000626221542,20.000000626221542,0.0,20.081986749755924,-3.1311077108853167e-08,0.016397224706876358,0.17689991615972853,0.0,0.0,0.0020496530884193346,,0.5000000156555385,0.5001176309280326,0.007141415194056311,0.007103852772781158,"{'0': 0.8656119406223297, '1': 0.09187626521776615, '2': 0.042511825470981195}","{'policy_dri': True, 'active_frontier_distance': True, 'oracle_normalized_return': False, 'response_signature_accuracy': True, 'belief_calibration': True, 'partner_response_prediction_loss': True}"
precommit_inseparable,tom_selector_style,2002,binary-role-allocation--precommit_inseparable--identity,greedy,exact_neural_policy_tree,80.0,0.0,20.0,20.0,0.0,20.0,0.0,0.0,0.0,0.0,0.0,0.0,,0.5,0.5000002866439708,0.00037860870361328125,,{'0': 1.0},"{'policy_dri': True, 'active_frontier_distance': True, 'oracle_normalized_return': False, 'response_signature_accuracy': True, 'belief_calibration': True, 'partner_response_prediction_loss': False}"
precommit_inseparable,tom_selector_style,2002,binary-role-allocation--precommit_inseparable--identity,stochastic,exact_neural_policy_tree,79.90233834960648,0.09766090338058482,20.00000074701293,20.000000747012933,-3.552713678800501e-15,20.097661650393515,-3.735064666443577e-08,0.019532180676116964,0.3338460399554542,0.0,0.0,0.0024415225845860447,,0.5000000186753233,0.5000005859643725,0.00046950027716319287,0.0066535601540410804,"{'0': 0.7323732376098633, '1': 0.20140755952611233, '2': 0.0662192402146709}","{'policy_dri': True, 'active_frontier_distance': True, 'oracle_normalized_return': False, 'response_signature_accuracy': True, 'belief_calibration': True, 'partner_response_prediction_loss': True}"
precommit_inseparable,tom_selector_style,2003,binary-role-allocation--precommit_inseparable--identity,greedy,exact_neural_policy_tree,80.0,0.0,20.0,20.0,0.0,20.0,0.0,0.0,0.0,0.0,0.0,0.0,,0.5,0.5000014573103728,0.0008535981178283691,,{'0': 1.0},"{'policy_dri': True, 'active_frontier_distance': True, 'oracle_normalized_return': False, 'response_signature_accuracy': True, 'belief_calibration': True, 'partner_response_prediction_loss': False}"
precommit_inseparable,tom_selector_style,2003,binary-role-allocation--precommit_inseparable--identity,stochastic,exact_neural_policy_tree,79.90608280039282,0.09391776547907535,19.9999994341281,19.9999994341281,0.0,20.093917199607176,2.8293595022432783e-08,0.01878355309581507,0.2155280103106652,0.0,0.0,0.0023479441370195023,,0.4999999858532025,0.5000012050069325,0.0007363850291951524,0.004551344340230894,"{'0': 0.8223655223846436, '1': 0.13974088833285758, '2': 0.03789356098890383}","{'policy_dri': True, 'active_frontier_distance': True, 'oracle_normalized_return': False, 'response_signature_accuracy': True, 'belief_calibration': True, 'partner_response_prediction_loss': True}"
precommit_inseparable,tom_selector_style,2004,binary-role-allocation--precommit_inseparable--identity,greedy,exact_neural_policy_tree,80.0,0.0,20.0,20.0,0.0,20.0,0.0,0.0,0.0,0.0,0.0,0.0,,0.5,0.5001260931725477,0.007940173149108887,,{'0': 1.0},"{'policy_dri': True, 'active_frontier_distance': True, 'oracle_normalized_return': False, 'response_signature_accuracy': True, 'belief_calibration': True, 'partner_response_prediction_loss': False}"
precommit_inseparable,tom_selector_style,2004,binary-role-allocation--precommit_inseparable--identity,stochastic,exact_neural_policy_tree,79.92346041859281,0.07654054270906203,19.99999903869812,19.99999903869812,0.0,20.076539581407182,4.8065093949389845e-08,0.015308108541812408,0.24335344427316555,0.0,0.0,0.0019135135678774679,,0.499999975967453,0.5001030359859291,0.006774729749097597,0.0047167029899615074,"{'0': 0.8051175773143768, '1': 0.14641130496789276, '2': 0.0484710696526364}","{'policy_dri': True, 'active_frontier_distance': True, 'oracle_normalized_return': False, 'response_signature_accuracy': True, 'belief_calibration': True, 'partner_response_prediction_loss': True}"
precommit_inseparable,tom_selector_style,2005,binary-role-allocation--precommit_inseparable--identity,greedy,exact_neural_policy_tree,80.0,0.0,20.0,20.0,0.0,20.0,0.0,0.0,0.0,0.0,0.0,0.0,,0.5,0.5001051084654877,0.007249414920806885,,{'0': 1.0},"{'policy_dri': True, 'active_frontier_distance': True, 'oracle_normalized_return': False, 'response_signature_accuracy': True, 'belief_calibration': True, 'partner_response_prediction_loss': False}"
precommit_inseparable,tom_selector_style,2005,binary-role-allocation--precommit_inseparable--identity,stochastic,exact_neural_policy_tree,79.93204262920966,0.06795874549035595,19.99999862529998,19.99999862529998,0.0,20.067957370790335,6.873500097981378e-08,0.01359174909807119,0.16162055929186162,0.0,0.0,0.0016989686376064994,,0.49999996563249954,0.5000912188492922,0.006345132766620021,0.0055202900883273495,"{'0': 0.8676275610923767, '1': 0.10312418105338311, '2': 0.02924818911923925}","{'policy_dri': True, 'active_frontier_distance': True, 'oracle_normalized_return': False, 'response_signature_accuracy': True, 'belief_calibration': True, 'partner_response_prediction_loss': True}"
precommit_inseparable,tom_selector_style,2006,binary-role-allocation--precommit_inseparable--identity,greedy,exact_neural_policy_tree,80.0,0.0,20.0,20.0,0.0,20.0,0.0,0.0,0.0,0.0,0.0,0.0,,0.5,0.5000000941699376,0.00021702051162719727,,{'0': 1.0},"{'policy_dri': True, 'active_frontier_distance': True, 'oracle_normalized_return': False, 'response_signature_accuracy': True, 'belief_calibration': True, 'partner_response_prediction_loss': False}"
precommit_inseparable,tom_selector_style,2006,binary-role-allocation--precommit_inseparable--identity,stochastic,exact_neural_policy_tree,79.91085579357146,0.0891435518860817,20.000000654542465,20.00000065454246,3.552713678800501e-15,20.089144206428546,-3.272712305601999e-08,0.01782871037721634,0.2720794835648069,0.0,0.0,0.0022285887972121176,,0.5000000163635616,0.5000002146783282,0.00028409836496945395,0.006623091791167104,"{'0': 0.7812889814376831, '1': 0.16534261901407332, '2': 0.053368432275366764}","{'policy_dri': True, 'active_frontier_distance': True, 'oracle_normalized_return': False, 'response_signature_accuracy': True, 'belief_calibration': True, 'partner_response_prediction_loss': True}"
precommit_inseparable,tom_selector_style,2007,binary-role-allocation--precommit_inseparable--identity,greedy,exact_neural_policy_tree,80.0,0.0,20.0,20.0,0.0,20.0,0.0,0.0,0.0,0.0,0.0,0.0,,0.5,0.5000039177131024,0.0013996362686157227,,{'0': 1.0},"{'policy_dri': True, 'active_frontier_distance': True, 'oracle_normalized_return': False, 'response_signature_accuracy': True, 'belief_calibration': True, 'partner_response_prediction_loss': False}"
precommit_inseparable,tom_selector_style,2007,binary-role-allocation--precommit_inseparable--identity,stochastic,exact_neural_policy_tree,79.91342560526205,0.08657508601515368,19.999999308722796,19.999999308722796,0.0,20.086574394737948,3.456386021838398e-08,0.017315017203030737,0.23220624385705,0.0,0.0,0.0021643771504478377,,0.4999999827180699,0.5000032647276432,0.001226390736272176,0.00541481168313698,"{'0': 0.8095695078372955, '1': 0.14865467134063842, '2': 0.041775786258205785}","{'policy_dri': True, 'active_frontier_distance': True, 'oracle_normalized_return': False, 'response_signature_accuracy': True, 'belief_calibration': True, 'partner_response_prediction_loss': True}"
precommit_inseparable,tom_selector_style,2008,binary-role-allocation--precommit_inseparable--identity,greedy,exact_neural_policy_tree,80.0,0.0,20.0,20.0,0.0,20.0,0.0,0.0,0.0,0.0,0.0,0.0,,0.5,0.5001268743310527,0.007964730262756348,,{'0': 1.0},"{'policy_dri': True, 'active_frontier_distance': True, 'oracle_normalized_return': False, 'response_signature_accuracy': True, 'belief_calibration': True, 'partner_response_prediction_loss': False}"
precommit_inseparable,tom_selector_style,2008,binary-role-allocation--precommit_inseparable--identity,stochastic,exact_neural_policy_tree,79.89081224570259,0.1091899238077382,19.999997830489672,19.99999783048967,3.552713678800501e-15,20.10918775429741,1.084755165692286e-07,0.02183798476154764,0.36489241265964234,0.0,0.0,0.0027297480957322842,,0.4999999457622418,0.5000891292192358,0.005677143125591033,0.005801310946010941,"{'0': 0.7025118172168732, '1': 0.23008373595557846, '2': 0.06740433835203195}","{'policy_dri': True, 'active_frontier_distance': True, 'oracle_normalized_return': False, 'response_signature_accuracy': True, 'belief_calibration': True, 'partner_response_prediction_loss': True}"
precommit_inseparable,tom_selector_style,2009,binary-role-allocation--precommit_inseparable--identity,greedy,exact_neural_policy_tree,80.0,0.0,20.0,20.0,0.0,20.0,0.0,0.0,0.0,0.0,0.0,0.0,,0.5,0.5000078251645386,0.0019780397415161133,,{'0': 1.0},"{'policy_dri': True, 'active_frontier_distance': True, 'oracle_normalized_return': False, 'response_signature_accuracy': True, 'belief_calibration': True, 'partner_response_prediction_loss': False}"
precommit_inseparable,tom_selector_style,2009,binary-role-allocation--precommit_inseparable--identity,stochastic,exact_neural_policy_tree,79.91323778379292,0.08676235129424642,19.999999864912834,19.999999864912834,0.0,20.08676221620708,6.754358317095921e-09,0.017352470258849284,0.23886872289433267,0.0,0.0,0.0021690587823587895,,0.4999999966228209,0.5000064816877972,0.00169859914006959,0.006548668472982689,"{'0': 0.8138927519321442, '1': 0.13334575973266238, '2': 0.05276148158083514}","{'policy_dri': True, 'active_frontier_distance': True, 'oracle_normalized_return': False, 'response_signature_accuracy': True, 'belief_calibration': True, 'partner_response_prediction_loss': True}"
precommit_inseparable,tom_selector_style,2010,binary-role-allocation--precommit_inseparable--identity,greedy,exact_neural_policy_tree,80.0,0.0,20.0,20.0,0.0,20.0,0.0,0.0,0.0,0.0,0.0,0.0,,0.5,0.5001908792455936,0.009769320487976074,,{'0': 1.0},"{'policy_dri': True, 'active_frontier_distance': True, 'oracle_normalized_return': False, 'response_signature_accuracy': True, 'belief_calibration': True, 'partner_response_prediction_loss': False}"
precommit_inseparable,tom_selector_style,2010,binary-role-allocation--precommit_inseparable--identity,stochastic,exact_neural_policy_tree,79.91005379041216,0.08994828162186445,19.99999792796597,19.99999792796597,0.0,20.089946209587836,1.0360170143997038e-07,0.017989656324372893,0.2449439865167558,0.0,0.0,0.0022487070411432494,,0.4999999481991493,0.5001537637349536,0.007986051769623526,0.00552681052738855,"{'0': 0.8049134612083435, '1': 0.1452288838631543, '2': 0.04985755132680075}","{'policy_dri': True, 'active_frontier_distance': True, 'oracle_normalized_return': False, 'response_signature_accuracy': True, 'belief_calibration': True, 'partner_response_prediction_loss': True}"
fundamentally_inseparable,mlp_ppo,2001,binary-role-allocation--fundamentally_inseparable--identity,greedy,exact_neural_policy_tree,80.0,0.0,20.0,20.0,0.0,20.0,0.0,0.0,0.0,0.0,0.0,0.0,,,,,,{'0': 1.0},"{'policy_dri': True, 'active_frontier_distance': True, 'oracle_normalized_return': False, 'response_signature_accuracy': False, 'belief_calibration': False, 'partner_response_prediction_loss': False}"
fundamentally_inseparable,mlp_ppo,2001,binary-role-allocation--fundamentally_inseparable--identity,stochastic,exact_neural_policy_tree,79.88017656589582,0.11982299273609397,20.000000441368076,20.000000441368076,0.0,20.11982343410417,-2.2068403815467264e-08,0.02396459854721879,0.355385674547869,0.0,0.0,0.0029955748184226716,,,,,,"{'0': 0.7078083753585815, '1': 0.2289976188717755, '2': 0.06319402783804677}","{'policy_dri': True, 'active_frontier_distance': True, 'oracle_normalized_return': False, 'response_signature_accuracy': False, 'belief_calibration': False, 'partner_response_prediction_loss': False}"
fundamentally_inseparable,mlp_ppo,2002,binary-role-allocation--fundamentally_inseparable--identity,greedy,exact_neural_policy_tree,80.0,0.0,20.0,20.0,0.0,20.0,0.0,0.0,0.0,0.0,0.0,0.0,,,,,,{'0': 1.0},"{'policy_dri': True, 'active_frontier_distance': True, 'oracle_normalized_return': False, 'response_signature_accuracy': False, 'belief_calibration': False, 'partner_response_prediction_loss': False}"
fundamentally_inseparable,mlp_ppo,2002,binary-role-allocation--fundamentally_inseparable--identity,stochastic,exact_neural_policy_tree,79.92913637764136,0.07086534024244658,19.999998282116195,19.999998282116195,0.0,20.07086362235864,8.589419024929157e-08,0.014173068048489314,0.2907347155355777,0.0,0.0,0.001771633506581716,,,,,,"{'0': 0.7723321914672852, '1': 0.16460072974147155, '2': 0.06306699289705307}","{'policy_dri': True, 'active_frontier_distance': True, 'oracle_normalized_return': False, 'response_signature_accuracy': False, 'belief_calibration': False, 'partner_response_prediction_loss': False}"
fundamentally_inseparable,mlp_ppo,2003,binary-role-allocation--fundamentally_inseparable--identity,greedy,exact_neural_policy_tree,80.0,0.0,20.0,20.0,0.0,20.0,0.0,0.0,0.0,0.0,0.0,0.0,,,,,,{'0': 1.0},"{'policy_dri': True, 'active_frontier_distance': True, 'oracle_normalized_return': False, 'response_signature_accuracy': False, 'belief_calibration': False, 'partner_response_prediction_loss': False}"
fundamentally_inseparable,mlp_ppo,2003,binary-role-allocation--fundamentally_inseparable--identity,stochastic,exact_neural_policy_tree,79.93915026613357,0.06085053642616474,19.99999919744027,19.999999197440268,3.552713678800501e-15,20.060849733866437,4.0127986622451316e-08,0.012170107285232948,0.34730807627067894,0.0,0.0,0.0015212634107864308,,,,,,"{'0': 0.7554435431957245, '1': 0.1418047570818991, '2': 0.10275165959438995}","{'policy_dri': True, 'active_frontier_distance': True, 'oracle_normalized_return': False, 'response_signature_accuracy': False, 'belief_calibration': False, 'partner_response_prediction_loss': False}"
fundamentally_inseparable,mlp_ppo,2004,binary-role-allocation--fundamentally_inseparable--identity,greedy,exact_neural_policy_tree,80.0,0.0,20.0,20.0,0.0,20.0,0.0,0.0,0.0,0.0,0.0,0.0,,,,,,{'0': 1.0},"{'policy_dri': True, 'active_frontier_distance': True, 'oracle_normalized_return': False, 'response_signature_accuracy': False, 'belief_calibration': False, 'partner_response_prediction_loss': False}"
fundamentally_inseparable,mlp_ppo,2004,binary-role-allocation--fundamentally_inseparable--identity,stochastic,exact_neural_policy_tree,79.89523258659852,0.10476810857653618,19.999999304824936,19.999999304824936,0.0,20.104767413401472,3.475875320901878e-08,0.020953621715307236,0.26776855493755014,0.0,0.0,0.0026192027144710636,,,,,,"{'0': 0.8138054609298706, '1': 0.10462045368520223, '2': 0.08157405062617394}","{'policy_dri': True, 'active_frontier_distance': True, 'oracle_normalized_return': False, 'response_signature_accuracy': False, 'belief_calibration': False, 'partner_response_prediction_loss': False}"
fundamentally_inseparable,mlp_ppo,2005,binary-role-allocation--fundamentally_inseparable--identity,greedy,exact_neural_policy_tree,80.0,0.0,20.0,20.0,0.0,20.0,0.0,0.0,2.0,0.0,0.0,0.0,,,,,,{'2': 1.0},"{'policy_dri': True, 'active_frontier_distance': True, 'oracle_normalized_return': False, 'response_signature_accuracy': False, 'belief_calibration': False, 'partner_response_prediction_loss': False}"
fundamentally_inseparable,mlp_ppo,2005,binary-role-allocation--fundamentally_inseparable--identity,stochastic,exact_neural_policy_tree,79.90654775573631,0.09345207134801509,20.000000172915673,20.00000017291567,3.552713678800501e-15,20.093452244263688,-8.64578346693179e-09,0.018690414269603016,0.8438275282665078,0.0,0.0,0.0023363017837043764,,,,,,"{'0': 0.3964046686887741, '1': 0.3633631516475113, '2': 0.24023218830949822}","{'policy_dri': True, 'active_frontier_distance': True, 'oracle_normalized_return': False, 'response_signature_accuracy': False, 'belief_calibration': False, 'partner_response_prediction_loss': False}"
fundamentally_inseparable,mlp_ppo,2006,binary-role-allocation--fundamentally_inseparable--identity,greedy,exact_neural_policy_tree,80.0,0.0,20.0,20.0,0.0,20.0,0.0,0.0,0.0,0.0,0.0,0.0,,,,,,{'0': 1.0},"{'policy_dri': True, 'active_frontier_distance': True, 'oracle_normalized_return': False, 'response_signature_accuracy': False, 'belief_calibration': False, 'partner_response_prediction_loss': False}"
fundamentally_inseparable,mlp_ppo,2006,binary-role-allocation--fundamentally_inseparable--identity,stochastic,exact_neural_policy_tree,79.92631913445959,0.07368095849416563,19.999999907046252,19.999999907046252,0.0,20.073680865540418,4.647687390502142e-09,0.014736191698833126,0.09504851217694558,0.0,0.0,0.0018420239623556066,,,,,,"{'0': 0.9178510904312134, '1': 0.06924929766525298, '2': 0.012899607255846305}","{'policy_dri': True, 'active_frontier_distance': True, 'oracle_normalized_return': False, 'response_signature_accuracy': False, 'belief_calibration': False, 'partner_response_prediction_loss': False}"
fundamentally_inseparable,mlp_ppo,2007,binary-role-allocation--fundamentally_inseparable--identity,greedy,exact_neural_policy_tree,80.0,0.0,20.0,20.0,0.0,20.0,0.0,0.0,2.0,0.0,0.0,0.0,,,,,,{'2': 1.0},"{'policy_dri': True, 'active_frontier_distance': True, 'oracle_normalized_return': False, 'response_signature_accuracy': False, 'belief_calibration': False, 'partner_response_prediction_loss': False}"
fundamentally_inseparable,mlp_ppo,2007,binary-role-allocation--fundamentally_inseparable--identity,stochastic,exact_neural_policy_tree,79.91266617978687,0.08733359864111306,20.00000022157202,20.000000221572023,-3.552713678800501e-15,20.087333820213132,-1.1078601147573863e-08,0.017466719728222613,0.8692202137249938,0.0,0.0,0.0021833399660348535,,,,,,"{'0': 0.3753102645277977, '1': 0.38015927937661287, '2': 0.2445304671741905}","{'policy_dri': True, 'active_frontier_distance': True, 'oracle_normalized_return': False, 'response_signature_accuracy': False, 'belief_calibration': False, 'partner_response_prediction_loss': False}"
fundamentally_inseparable,mlp_ppo,2008,binary-role-allocation--fundamentally_inseparable--identity,greedy,exact_neural_policy_tree,80.0,0.0,20.0,20.0,0.0,20.0,0.0,0.0,0.0,0.0,0.0,0.0,,,,,,{'0': 1.0},"{'policy_dri': True, 'active_frontier_distance': True, 'oracle_normalized_return': False, 'response_signature_accuracy': False, 'belief_calibration': False, 'partner_response_prediction_loss': False}"
fundamentally_inseparable,mlp_ppo,2008,binary-role-allocation--fundamentally_inseparable--identity,stochastic,exact_neural_policy_tree,79.89684416308283,0.10315592150309348,19.999999915414072,19.999999915414072,0.0,20.103155836917164,4.229296379776315e-09,0.020631184300618697,0.380097917703872,0.0,0.0,0.002578898037578204,,,,,,"{'0': 0.7264127433300018, '1': 0.16707658717753146, '2': 0.10651066526317028}","{'policy_dri': True, 'active_frontier_distance': True, 'oracle_normalized_return': False, 'response_signature_accuracy': False, 'belief_calibration': False, 'partner_response_prediction_loss': False}"
fundamentally_inseparable,mlp_ppo,2009,binary-role-allocation--fundamentally_inseparable--identity,greedy,exact_neural_policy_tree,80.0,0.0,20.0,20.0,0.0,20.0,0.0,0.0,0.0,0.0,0.0,0.0,,,,,,{'0': 1.0},"{'policy_dri': True, 'active_frontier_distance': True, 'oracle_normalized_return': False, 'response_signature_accuracy': False, 'belief_calibration': False, 'partner_response_prediction_loss': False}"
fundamentally_inseparable,mlp_ppo,2009,binary-role-allocation--fundamentally_inseparable--identity,stochastic,exact_neural_policy_tree,79.93097254055552,0.06902791254506221,19.99999954689942,19.99999954689942,0.0,20.069027459444484,2.2655028963924906e-08,0.013805582509012444,0.32746204907727866,0.0,0.0,0.0017256978136637325,,,,,,"{'0': 0.7464004307985306, '1': 0.1797370440156022, '2': 0.07386250253083829}","{'policy_dri': True, 'active_frontier_distance': True, 'oracle_normalized_return': False, 'response_signature_accuracy': False, 'belief_calibration': False, 'partner_response_prediction_loss': False}"
fundamentally_inseparable,mlp_ppo,2010,binary-role-allocation--fundamentally_inseparable--identity,greedy,exact_neural_policy_tree,80.0,0.0,20.0,20.0,0.0,20.0,0.0,0.0,1.0,0.0,0.0,0.0,,,,,,{'1': 1.0},"{'policy_dri': True, 'active_frontier_distance': True, 'oracle_normalized_return': False, 'response_signature_accuracy': False, 'belief_calibration': False, 'partner_response_prediction_loss': False}"
fundamentally_inseparable,mlp_ppo,2010,binary-role-allocation--fundamentally_inseparable--identity,stochastic,exact_neural_policy_tree,79.92806155624538,0.07193856873585415,19.999999875018766,19.999999875018766,0.0,20.071938443754618,6.249061712537696e-09,0.01438771374717083,0.8668153480885022,0.0,0.0,0.001798464218399068,,,,,,"{'0': 0.28820836544036865, '1': 0.556767908532637, '2': 0.1550237197779326}","{'policy_dri': True, 'active_frontier_distance': True, 'oracle_normalized_return': False, 'response_signature_accuracy': False, 'belief_calibration': False, 'partner_response_prediction_loss': False}"
fundamentally_inseparable,gru_ppo_passive,2001,binary-role-allocation--fundamentally_inseparable--identity,greedy,exact_neural_policy_tree,80.0,0.0,20.0,20.0,0.0,20.0,0.0,0.0,0.0,0.0,0.0,0.0,,,,,,{'0': 1.0},"{'policy_dri': True, 'active_frontier_distance': True, 'oracle_normalized_return': False, 'response_signature_accuracy': False, 'belief_calibration': False, 'partner_response_prediction_loss': False}"
fundamentally_inseparable,gru_ppo_passive,2001,binary-role-allocation--fundamentally_inseparable--identity,stochastic,exact_neural_policy_tree,79.99999923059075,0.0,20.000000769409255,20.000000769409255,0.0,20.000000769409255,-3.8470462726536424e-08,0.0,0.4150447664621743,0.0,0.0,1.9235231407677134e-08,,,,,,"{'0': 0.6676511764526367, '1': 0.2496529575734776, '2': 0.08269590444434835}","{'policy_dri': True, 'active_frontier_distance': True, 'oracle_normalized_return': False, 'response_signature_accuracy': False, 'belief_calibration': False, 'partner_response_prediction_loss': False}"
fundamentally_inseparable,gru_ppo_passive,2002,binary-role-allocation--fundamentally_inseparable--identity,greedy,exact_neural_policy_tree,80.0,0.0,20.0,20.0,0.0,20.0,0.0,0.0,0.0,0.0,0.0,0.0,,,,,,{'0': 1.0},"{'policy_dri': True, 'active_frontier_distance': True, 'oracle_normalized_return': False, 'response_signature_accuracy': False, 'belief_calibration': False, 'partner_response_prediction_loss': False}"
fundamentally_inseparable,gru_ppo_passive,2002,binary-role-allocation--fundamentally_inseparable--identity,stochastic,exact_neural_policy_tree,79.99999932851667,0.0,20.00000067148334,20.00000067148334,0.0,20.00000067148334,-3.3574166913297175e-08,0.0,0.4345388801814449,0.0,0.0,1.678708350105751e-08,,,,,,"{'0': 0.6886518597602844, '1': 0.18815746744632023, '2': 0.12319070636756232}","{'policy_dri': True, 'active_frontier_distance': True, 'oracle_normalized_return': False, 'response_signature_accuracy': False, 'belief_calibration': False, 'partner_response_prediction_loss': False}"
fundamentally_inseparable,gru_ppo_passive,2003,binary-role-allocation--fundamentally_inseparable--identity,greedy,exact_neural_policy_tree,80.0,0.0,20.0,20.0,0.0,20.0,0.0,0.0,1.0,0.0,0.0,0.0,,,,,,{'1': 1.0},"{'policy_dri': True, 'active_frontier_distance': True, 'oracle_normalized_return': False, 'response_signature_accuracy': False, 'belief_calibration': False, 'partner_response_prediction_loss': False}"
fundamentally_inseparable,gru_ppo_passive,2003,binary-role-allocation--fundamentally_inseparable--identity,stochastic,exact_neural_policy_tree,80.00000012914663,0.0,19.999999870853372,19.999999870853372,0.0,19.999999870853372,6.457331380715914e-09,0.0,0.5669201327883804,0.0,0.0,3.2286656681534964e-09,,,,,,"{'0': 0.5727969259023666, '1': 0.28748600249222367, '2': 0.13971706514807836}","{'policy_dri': True, 'active_frontier_distance': True, 'oracle_normalized_return': False, 'response_signature_accuracy': False, 'belief_calibration': False, 'partner_response_prediction_loss': False}"
fundamentally_inseparable,gru_ppo_passive,2004,binary-role-allocation--fundamentally_inseparable--identity,greedy,exact_neural_policy_tree,80.0,0.0,20.0,20.0,0.0,20.0,0.0,0.0,1.0,0.0,0.0,0.0,,,,,,{'1': 1.0},"{'policy_dri': True, 'active_frontier_distance': True, 'oracle_normalized_return': False, 'response_signature_accuracy': False, 'belief_calibration': False, 'partner_response_prediction_loss': False}"
fundamentally_inseparable,gru_ppo_passive,2004,binary-role-allocation--fundamentally_inseparable--identity,stochastic,exact_neural_policy_tree,80.00000055142753,0.0,19.99999944857247,19.99999944857247,0.0,19.99999944857247,2.7571376470802988e-08,0.0,0.5790663657850907,0.0,0.0,1.3785688257605955e-08,,,,,,"{'0': 0.543089434504509, '1': 0.3347547100631383, '2': 0.12215582786097622}","{'policy_dri': True, 'active_frontier_distance': True, 'oracle_normalized_return': False, 'response_signature_accuracy': False, 'belief_calibration': False, 'partner_response_prediction_loss': False}"
fundamentally_inseparable,gru_ppo_passive,2005,binary-role-allocation--fundamentally_inseparable--identity,greedy,exact_neural_policy_tree,80.0,0.0,20.0,20.0,0.0,20.0,0.0,0.0,0.0,0.0,0.0,0.0,,,,,,{'0': 1.0},"{'policy_dri': True, 'active_frontier_distance': True, 'oracle_normalized_return': False, 'response_signature_accuracy': False, 'belief_calibration': False, 'partner_response_prediction_loss': False}"
fundamentally_inseparable,gru_ppo_passive,2005,binary-role-allocation--fundamentally_inseparable--identity,stochastic,exact_neural_policy_tree,80.00000064888914,0.0,19.99999935111086,19.99999935111086,0.0,19.99999935111086,3.244445707650812e-08,0.0,0.19358991979063914,0.0,0.0,1.6222228560458518e-08,,,,,,"{'0': 0.8439950942993164, '1': 0.11841982672181395, '2': 0.037585046534412594}","{'policy_dri': True, 'active_frontier_distance': True, 'oracle_normalized_return': False, 'response_signature_accuracy': False, 'belief_calibration': False, 'partner_response_prediction_loss': False}"
fundamentally_inseparable,gru_ppo_passive,2006,binary-role-allocation--fundamentally_inseparable--identity,greedy,exact_neural_policy_tree,80.0,0.0,20.0,20.0,0.0,20.0,0.0,0.0,0.0,0.0,0.0,0.0,,,,,,{'0': 1.0},"{'policy_dri': True, 'active_frontier_distance': True, 'oracle_normalized_return': False, 'response_signature_accuracy': False, 'belief_calibration': False, 'partner_response_prediction_loss': False}"
fundamentally_inseparable,gru_ppo_passive,2006,binary-role-allocation--fundamentally_inseparable--identity,stochastic,exact_neural_policy_tree,79.9999995443028,0.0,20.00000045569721,20.00000045569721,0.0,20.00000045569721,-2.2784860576052778e-08,0.0,0.2799323693419341,0.0,0.0,1.139243033243531e-08,,,,,,"{'0': 0.7791637480258942, '1': 0.16174018017599856, '2': 0.05909609458296776}","{'policy_dri': True, 'active_frontier_distance': True, 'oracle_normalized_return': False, 'response_signature_accuracy': False, 'belief_calibration': False, 'partner_response_prediction_loss': False}"
fundamentally_inseparable,gru_ppo_passive,2007,binary-role-allocation--fundamentally_inseparable--identity,greedy,exact_neural_policy_tree,80.0,0.0,20.0,20.0,0.0,20.0,0.0,0.0,1.0,0.0,0.0,0.0,,,,,,{'1': 1.0},"{'policy_dri': True, 'active_frontier_distance': True, 'oracle_normalized_return': False, 'response_signature_accuracy': False, 'belief_calibration': False, 'partner_response_prediction_loss': False}"
fundamentally_inseparable,gru_ppo_passive,2007,binary-role-allocation--fundamentally_inseparable--identity,stochastic,exact_neural_policy_tree,80.00000015839073,0.0,19.99999984160927,19.99999984160927,0.0,19.99999984160927,7.919536493261603e-09,0.0,0.5085170982586799,0.0,0.0,3.959768235528571e-09,,,,,,"{'0': 0.6134689450263977, '1': 0.2645449958494517, '2': 0.12198605120461407}","{'policy_dri': True, 'active_frontier_distance': True, 'oracle_normalized_return': False, 'response_signature_accuracy': False, 'belief_calibration': False, 'partner_response_prediction_loss': False}"
fundamentally_inseparable,gru_ppo_passive,2008,binary-role-allocation--fundamentally_inseparable--identity,greedy,exact_neural_policy_tree,80.0,0.0,20.0,20.0,0.0,20.0,0.0,0.0,0.0,0.0,0.0,0.0,,,,,,{'0': 1.0},"{'policy_dri': True, 'active_frontier_distance': True, 'oracle_normalized_return': False, 'response_signature_accuracy': False, 'belief_calibration': False, 'partner_response_prediction_loss': False}"
fundamentally_inseparable,gru_ppo_passive,2008,binary-role-allocation--fundamentally_inseparable--identity,stochastic,exact_neural_policy_tree,80.00000050002184,0.0,19.999999499978156,19.999999499978156,0.0,19.999999499978156,2.5001092218701614e-08,0.0,0.42888591127639697,0.0,0.0,1.2500546098248577e-08,,,,,,"{'0': 0.657253235578537, '1': 0.25660756756434466, '2': 0.08613917185602614}","{'policy_dri': True, 'active_frontier_distance': True, 'oracle_normalized_return': False, 'response_signature_accuracy': False, 'belief_calibration': False, 'partner_response_prediction_loss': False}"
fundamentally_inseparable,gru_ppo_passive,2009,binary-role-allocation--fundamentally_inseparable--identity,greedy,exact_neural_policy_tree,80.0,0.0,20.0,20.0,0.0,20.0,0.0,0.0,2.0,0.0,0.0,0.0,,,,,,{'2': 1.0},"{'policy_dri': True, 'active_frontier_distance': True, 'oracle_normalized_return': False, 'response_signature_accuracy': False, 'belief_calibration': False, 'partner_response_prediction_loss': False}"
fundamentally_inseparable,gru_ppo_passive,2009,binary-role-allocation--fundamentally_inseparable--identity,stochastic,exact_neural_policy_tree,80.00000181351778,0.0,19.999998186482216,19.999998186482216,0.0,19.999998186482216,9.067588919720038e-08,0.0,0.5476979879815153,0.0,0.0,4.533794462080465e-08,,,,,,"{'0': 0.6263572573661804, '1': 0.19958731593434553, '2': 0.17405533602358486}","{'policy_dri': True, 'active_frontier_distance': True, 'oracle_normalized_return': False, 'response_signature_accuracy': False, 'belief_calibration': False, 'partner_response_prediction_loss': False}"
fundamentally_inseparable,gru_ppo_passive,2010,binary-role-allocation--fundamentally_inseparable--identity,greedy,exact_neural_policy_tree,80.0,0.0,20.0,20.0,0.0,20.0,0.0,0.0,0.0,0.0,0.0,0.0,,,,,,{'0': 1.0},"{'policy_dri': True, 'active_frontier_distance': True, 'oracle_normalized_return': False, 'response_signature_accuracy': False, 'belief_calibration': False, 'partner_response_prediction_loss': False}"
fundamentally_inseparable,gru_ppo_passive,2010,binary-role-allocation--fundamentally_inseparable--identity,stochastic,exact_neural_policy_tree,79.9999995079635,0.0,20.000000492036502,20.000000492036502,0.0,20.000000492036502,-2.4601825110437404e-08,0.0,0.46774052548814393,0.0,0.0,1.230091251080978e-08,,,,,,"{'0': 0.6514573991298676, '1': 0.22934472545577123, '2': 0.11919790001618635}","{'policy_dri': True, 'active_frontier_distance': True, 'oracle_normalized_return': False, 'response_signature_accuracy': False, 'belief_calibration': False, 'partner_response_prediction_loss': False}"
fundamentally_inseparable,gru_ppo_active,2001,binary-role-allocation--fundamentally_inseparable--identity,greedy,exact_neural_policy_tree,80.0,0.0,20.0,20.0,0.0,20.0,0.0,0.0,1.0,0.0,0.0,0.0,,,,,,{'1': 1.0},"{'policy_dri': True, 'active_frontier_distance': True, 'oracle_normalized_return': False, 'response_signature_accuracy': False, 'belief_calibration': False, 'partner_response_prediction_loss': False}"
fundamentally_inseparable,gru_ppo_active,2001,binary-role-allocation--fundamentally_inseparable--identity,stochastic,exact_neural_policy_tree,79.88128785050324,0.11871130307038147,20.00000084642638,20.00000084642638,0.0,20.118712149496762,-4.232131907144776e-08,0.023742260614076294,0.6650492835244265,0.0,0.0,0.002967782576834976,,,,,,"{'0': 0.477486327290535, '1': 0.3799781465371418, '2': 0.14253556849364238}","{'policy_dri': True, 'active_frontier_distance': True, 'oracle_normalized_return': False, 'response_signature_accuracy': False, 'belief_calibration': False, 'partner_response_prediction_loss': False}"
fundamentally_inseparable,gru_ppo_active,2002,binary-role-allocation--fundamentally_inseparable--identity,greedy,exact_neural_policy_tree,80.0,0.0,20.0,20.0,0.0,20.0,0.0,0.0,2.0,0.0,0.0,0.0,,,,,,{'2': 1.0},"{'policy_dri': True, 'active_frontier_distance': True, 'oracle_normalized_return': False, 'response_signature_accuracy': False, 'belief_calibration': False, 'partner_response_prediction_loss': False}"
fundamentally_inseparable,gru_ppo_active,2002,binary-role-allocation--fundamentally_inseparable--identity,stochastic,exact_neural_policy_tree,79.87664630411416,0.12335485644807229,19.99999883943777,19.999998839437765,3.552713678800501e-15,20.12335369588584,5.802811173793998e-08,0.024670971289614457,0.7181133255651441,0.0,0.0,0.003083871411338294,,,,,,"{'0': 0.4924524277448654, '1': 0.2969817028889019, '2': 0.2105658113381211}","{'policy_dri': True, 'active_frontier_distance': True, 'oracle_normalized_return': False, 'response_signature_accuracy': False, 'belief_calibration': False, 'partner_response_prediction_loss': False}"
fundamentally_inseparable,gru_ppo_active,2003,binary-role-allocation--fundamentally_inseparable--identity,greedy,exact_neural_policy_tree,80.0,0.0,20.0,20.0,0.0,20.0,0.0,0.0,0.0,0.0,0.0,0.0,,,,,,{'0': 1.0},"{'policy_dri': True, 'active_frontier_distance': True, 'oracle_normalized_return': False, 'response_signature_accuracy': False, 'belief_calibration': False, 'partner_response_prediction_loss': False}"
fundamentally_inseparable,gru_ppo_active,2003,binary-role-allocation--fundamentally_inseparable--identity,stochastic,exact_neural_policy_tree,79.89163171149053,0.108369058916998,19.99999922959246,19.99999922959246,0.0,20.10836828850946,3.85203769326381e-08,0.0216738117833996,0.40648693690092774,0.0,0.0,0.0027092264729934113,,,,,,"{'0': 0.6483163684606552, '1': 0.29688024913700783, '2': 0.05480334388195994}","{'policy_dri': True, 'active_frontier_distance': True, 'oracle_normalized_return': False, 'response_signature_accuracy': False, 'belief_calibration': False, 'partner_response_prediction_loss': False}"
fundamentally_inseparable,gru_ppo_active,2004,binary-role-allocation--fundamentally_inseparable--identity,greedy,exact_neural_policy_tree,80.0,0.0,20.0,20.0,0.0,20.0,0.0,0.0,0.0,0.0,0.0,0.0,,,,,,{'0': 1.0},"{'policy_dri': True, 'active_frontier_distance': True, 'oracle_normalized_return': False, 'response_signature_accuracy': False, 'belief_calibration': False, 'partner_response_prediction_loss': False}"
fundamentally_inseparable,gru_ppo_active,2004,binary-role-allocation--fundamentally_inseparable--identity,stochastic,exact_neural_policy_tree,79.85753113204389,0.14246895192828424,19.999999916027825,19.999999916027825,0.0,20.142468867956108,4.198608749561572e-09,0.028493790385656848,0.40162264882864435,0.0,0.0,0.0035617237982077245,,,,,,"{'0': 0.6664221286773682, '1': 0.26553308541940185, '2': 0.06804478170462123}","{'policy_dri': True, 'active_frontier_distance': True, 'oracle_normalized_return': False, 'response_signature_accuracy': False, 'belief_calibration': False, 'partner_response_prediction_loss': False}"
fundamentally_inseparable,gru_ppo_active,2005,binary-role-allocation--fundamentally_inseparable--identity,greedy,exact_neural_policy_tree,80.0,0.0,20.0,20.0,0.0,20.0,0.0,0.0,0.0,0.0,0.0,0.0,,,,,,{'0': 1.0},"{'policy_dri': True, 'active_frontier_distance': True, 'oracle_normalized_return': False, 'response_signature_accuracy': False, 'belief_calibration': False, 'partner_response_prediction_loss': False}"
fundamentally_inseparable,gru_ppo_active,2005,binary-role-allocation--fundamentally_inseparable--identity,stochastic,exact_neural_policy_tree,79.88066534337204,0.11933528230192748,19.999999374326027,19.999999374326027,0.0,20.119334656627956,3.1283698653794544e-08,0.023867056460385495,0.24427383756802457,0.0,0.0,0.0029833820575891922,,,,,,"{'0': 0.8160462528467178, '1': 0.12363359417114261, '2': 0.06032012169844097}","{'policy_dri': True, 'active_frontier_distance': True, 'oracle_normalized_return': False, 'response_signature_accuracy': False, 'belief_calibration': False, 'partner_response_prediction_loss': False}"
fundamentally_inseparable,gru_ppo_active,2006,binary-role-allocation--fundamentally_inseparable--identity,greedy,exact_neural_policy_tree,80.0,0.0,20.0,20.0,0.0,20.0,0.0,0.0,0.0,0.0,0.0,0.0,,,,,,{'0': 1.0},"{'policy_dri': True, 'active_frontier_distance': True, 'oracle_normalized_return': False, 'response_signature_accuracy': False, 'belief_calibration': False, 'partner_response_prediction_loss': False}"
fundamentally_inseparable,gru_ppo_active,2006,binary-role-allocation--fundamentally_inseparable--identity,stochastic,exact_neural_policy_tree,79.9044749600587,0.09552606336453591,19.99999897657676,19.999998976576755,3.552713678800501e-15,20.095525039941293,5.1171162240848386e-08,0.01910521267290718,0.1968511906457738,0.0,0.0,0.002388151584250454,,,,,,"{'0': 0.8253141343593597, '1': 0.15252043829318238, '2': 0.022165376176295708}","{'policy_dri': True, 'active_frontier_distance': True, 'oracle_normalized_return': False, 'response_signature_accuracy': False, 'belief_calibration': False, 'partner_response_prediction_loss': False}"
fundamentally_inseparable,gru_ppo_active,2007,binary-role-allocation--fundamentally_inseparable--identity,greedy,exact_neural_policy_tree,80.0,0.0,20.0,20.0,0.0,20.0,0.0,0.0,0.0,0.0,0.0,0.0,,,,,,{'0': 1.0},"{'policy_dri': True, 'active_frontier_distance': True, 'oracle_normalized_return': False, 'response_signature_accuracy': False, 'belief_calibration': False, 'partner_response_prediction_loss': False}"
fundamentally_inseparable,gru_ppo_active,2007,binary-role-allocation--fundamentally_inseparable--identity,stochastic,exact_neural_policy_tree,79.88829753217351,0.11170155778547619,20.00000091004102,20.00000091004102,0.0,20.111702467826497,-4.550205101594429e-08,0.022340311557095236,0.3759089138711955,0.0,0.0,0.002792538944729582,,,,,,"{'0': 0.7122934758663177, '1': 0.19950422540027113, '2': 0.08820234423546218}","{'policy_dri': True, 'active_frontier_distance': True, 'oracle_normalized_return': False, 'response_signature_accuracy': False, 'belief_calibration': False, 'partner_response_prediction_loss': False}"
fundamentally_inseparable,gru_ppo_active,2008,binary-role-allocation--fundamentally_inseparable--identity,greedy,exact_neural_policy_tree,80.0,0.0,20.0,20.0,0.0,20.0,0.0,0.0,0.0,0.0,0.0,0.0,,,,,,{'0': 1.0},"{'policy_dri': True, 'active_frontier_distance': True, 'oracle_normalized_return': False, 'response_signature_accuracy': False, 'belief_calibration': False, 'partner_response_prediction_loss': False}"
fundamentally_inseparable,gru_ppo_active,2008,binary-role-allocation--fundamentally_inseparable--identity,stochastic,exact_neural_policy_tree,79.88036313315459,0.11963480700891407,20.000002059836504,20.000002059836504,0.0,20.11963686684542,-1.0299182520157047e-07,0.023926961401782815,0.4774958351313042,0.0,0.0,0.0029908701756661727,,,,,,"{'0': 0.6321776658296585, '1': 0.258149039193029, '2': 0.10967339796913764}","{'policy_dri': True, 'active_frontier_distance': True, 'oracle_normalized_return': False, 'response_signature_accuracy': False, 'belief_calibration': False, 'partner_response_prediction_loss': False}"
fundamentally_inseparable,gru_ppo_active,2009,binary-role-allocation--fundamentally_inseparable--identity,greedy,exact_neural_policy_tree,80.0,0.0,20.0,20.0,0.0,20.0,0.0,0.0,1.0,0.0,0.0,0.0,,,,,,{'1': 1.0},"{'policy_dri': True, 'active_frontier_distance': True, 'oracle_normalized_return': False, 'response_signature_accuracy': False, 'belief_calibration': False, 'partner_response_prediction_loss': False}"
fundamentally_inseparable,gru_ppo_active,2009,binary-role-allocation--fundamentally_inseparable--identity,stochastic,exact_neural_policy_tree,79.88690360558405,0.11309805739269317,19.99999833702326,19.99999833702326,0.0,20.113096394415955,8.314883697124742e-08,0.022619611478538634,0.7319347821234303,0.0,0.0,0.002827451435122981,,,,,,"{'0': 0.4737984165549278, '1': 0.32046821846904006, '2': 0.20573328182719514}","{'policy_dri': True, 'active_frontier_distance': True, 'oracle_normalized_return': False, 'response_signature_accuracy': False, 'belief_calibration': False, 'partner_response_prediction_loss': False}"
fundamentally_inseparable,gru_ppo_active,2010,binary-role-allocation--fundamentally_inseparable--identity,greedy,exact_neural_policy_tree,80.0,0.0,20.0,20.0,0.0,20.0,0.0,0.0,1.0,0.0,0.0,0.0,,,,,,{'1': 1.0},"{'policy_dri': True, 'active_frontier_distance': True, 'oracle_normalized_return': False, 'response_signature_accuracy': False, 'belief_calibration': False, 'partner_response_prediction_loss': False}"
fundamentally_inseparable,gru_ppo_active,2010,binary-role-allocation--fundamentally_inseparable--identity,stochastic,exact_neural_policy_tree,79.86144683843989,0.1385538079759939,19.99999935358411,19.99999935358411,0.0,20.138553161560104,3.2320794574047797e-08,0.027710761595198776,0.9200469616100894,0.0,0.0,0.003463845199437545,,,,,,"{'0': 0.302471324801445, '1': 0.4750103241454314, '2': 0.222518318732329}","{'policy_dri': True, 'active_frontier_distance': True, 'oracle_normalized_return': False, 'response_signature_accuracy': False, 'belief_calibration': False, 'partner_response_prediction_loss': False}"
fundamentally_inseparable,odits_style,2001,binary-role-allocation--fundamentally_inseparable--identity,greedy,exact_neural_policy_tree,80.0,0.0,20.0,20.0,0.0,20.0,0.0,0.0,0.0,0.0,0.0,0.0,,,,,,{'0': 1.0},"{'policy_dri': True, 'active_frontier_distance': True, 'oracle_normalized_return': False, 'response_signature_accuracy': False, 'belief_calibration': False, 'partner_response_prediction_loss': False}"
fundamentally_inseparable,odits_style,2001,binary-role-allocation--fundamentally_inseparable--identity,stochastic,exact_neural_policy_tree,79.9137764170812,0.086222288689998,20.00000129422881,20.00000129422881,0.0,20.08622358291881,-6.471144047281996e-08,0.0172444577379996,0.368099089420746,0.0,0.0,0.0021555572174927857,,,,,0.007646954778898571,"{'0': 0.7062903642654419, '1': 0.21932031147125108, '2': 0.07438938897474745}","{'policy_dri': True, 'active_frontier_distance': True, 'oracle_normalized_return': False, 'response_signature_accuracy': False, 'belief_calibration': False, 'partner_response_prediction_loss': True}"
fundamentally_inseparable,odits_style,2002,binary-role-allocation--fundamentally_inseparable--identity,greedy,exact_neural_policy_tree,80.0,0.0,20.0,20.0,0.0,20.0,0.0,0.0,0.0,0.0,0.0,0.0,,,,,,{'0': 1.0},"{'policy_dri': True, 'active_frontier_distance': True, 'oracle_normalized_return': False, 'response_signature_accuracy': False, 'belief_calibration': False, 'partner_response_prediction_loss': False}"
fundamentally_inseparable,odits_style,2002,binary-role-allocation--fundamentally_inseparable--identity,stochastic,exact_neural_policy_tree,79.89998544928531,0.10001546768714245,19.99999908302755,19.999999083027554,-3.552713678800501e-15,20.100014550714693,4.584862232093201e-08,0.02000309353742849,0.4005873057293269,0.0,0.0,0.00250038669228365,,,,,0.009855160277944468,"{'0': 0.692661851644516, '1': 0.21408889928439623, '2': 0.09324920322246531}","{'policy_dri': True, 'active_frontier_distance': True, 'oracle_normalized_return': False, 'response_signature_accuracy': False, 'belief_calibration': False, 'partner_response_prediction_loss': True}"
fundamentally_inseparable,odits_style,2003,binary-role-allocation--fundamentally_inseparable--identity,greedy,exact_neural_policy_tree,80.0,0.0,20.0,20.0,0.0,20.0,0.0,0.0,0.0,0.0,0.0,0.0,,,,,,{'0': 1.0},"{'policy_dri': True, 'active_frontier_distance': True, 'oracle_normalized_return': False, 'response_signature_accuracy': False, 'belief_calibration': False, 'partner_response_prediction_loss': False}"
fundamentally_inseparable,odits_style,2003,binary-role-allocation--fundamentally_inseparable--identity,stochastic,exact_neural_policy_tree,79.88270103586673,0.11729823489891068,20.000000729234362,20.00000072923436,3.552713678800501e-15,20.117298964133273,-3.646171791160668e-08,0.023459646979782138,0.3696627367887015,0.0,0.0,0.002932455872529437,,,,,0.010995613807305455,"{'0': 0.7055308818817139, '1': 0.21927557237130685, '2': 0.07519358220869733}","{'policy_dri': True, 'active_frontier_distance': True, 'oracle_normalized_return': False, 'response_signature_accuracy': False, 'belief_calibration': False, 'partner_response_prediction_loss': True}"
fundamentally_inseparable,odits_style,2004,binary-role-allocation--fundamentally_inseparable--identity,greedy,exact_neural_policy_tree,80.0,0.0,20.0,20.0,0.0,20.0,0.0,0.0,0.0,0.0,0.0,0.0,,,,,,{'0': 1.0},"{'policy_dri': True, 'active_frontier_distance': True, 'oracle_normalized_return': False, 'response_signature_accuracy': False, 'belief_calibration': False, 'partner_response_prediction_loss': False}"
fundamentally_inseparable,odits_style,2004,binary-role-allocation--fundamentally_inseparable--identity,stochastic,exact_neural_policy_tree,79.8816177139404,0.11838238951242364,19.999999896547177,19.99999989654718,-3.552713678800501e-15,20.1183822860596,5.1726409822094865e-09,0.023676477902484727,0.250471737268256,0.0,0.0,0.002959559737811721,,,,,0.009144141861492077,"{'0': 0.7829046845436096, '1': 0.18371888329924257, '2': 0.03337642698450672}","{'policy_dri': True, 'active_frontier_distance': True, 'oracle_normalized_return': False, 'response_signature_accuracy': False, 'belief_calibration': False, 'partner_response_prediction_loss': True}"
fundamentally_inseparable,odits_style,2005,binary-role-allocation--fundamentally_inseparable--identity,greedy,exact_neural_policy_tree,80.0,0.0,20.0,20.0,0.0,20.0,0.0,0.0,1.0,0.0,0.0,0.0,,,,,0.011920529883354902,{'1': 1.0},"{'policy_dri': True, 'active_frontier_distance': True, 'oracle_normalized_return': False, 'response_signature_accuracy': False, 'belief_calibration': False, 'partner_response_prediction_loss': True}"
fundamentally_inseparable,odits_style,2005,binary-role-allocation--fundamentally_inseparable--identity,stochastic,exact_neural_policy_tree,79.87042039554501,0.12958022958904844,19.99999937486594,19.999999374865943,-3.552713678800501e-15,20.12957960445499,3.1256702825999125e-08,0.025916045917809688,0.6094799496066916,0.0,0.0,0.003239505739763909,,,,,0.013929450022515296,"{'0': 0.5258129388093948, '1': 0.3388941102611127, '2': 0.13529291967278936}","{'policy_dri': True, 'active_frontier_distance': True, 'oracle_normalized_return': False, 'response_signature_accuracy': False, 'belief_calibration': False, 'partner_response_prediction_loss': True}"
fundamentally_inseparable,odits_style,2006,binary-role-allocation--fundamentally_inseparable--identity,greedy,exact_neural_policy_tree,80.0,0.0,20.0,20.0,0.0,20.0,0.0,0.0,1.0,0.0,0.0,0.0,,,,,0.01154342107474804,{'1': 1.0},"{'policy_dri': True, 'active_frontier_distance': True, 'oracle_normalized_return': False, 'response_signature_accuracy': False, 'belief_calibration': False, 'partner_response_prediction_loss': True}"
fundamentally_inseparable,odits_style,2006,binary-role-allocation--fundamentally_inseparable--identity,stochastic,exact_neural_policy_tree,79.90610992761785,0.09389041887383423,19.999999653508322,19.99999965350832,3.552713678800501e-15,20.093890072382155,1.7324584078437512e-08,0.01877808377476685,0.568881338443237,0.0,0.0,0.0023472604718618394,,,,,0.013673044215423097,"{'0': 0.546193391084671, '1': 0.3387318447382531, '2': 0.11507474685249192}","{'policy_dri': True, 'active_frontier_distance': True, 'oracle_normalized_return': False, 'response_signature_accuracy': False, 'belief_calibration': False, 'partner_response_prediction_loss': True}"
fundamentally_inseparable,odits_style,2007,binary-role-allocation--fundamentally_inseparable--identity,greedy,exact_neural_policy_tree,80.0,0.0,20.0,20.0,0.0,20.0,0.0,0.0,1.5,0.0,0.0,0.0,,,,,0.011958200950175524,"{'1': 0.5, '2': 0.5}","{'policy_dri': True, 'active_frontier_distance': True, 'oracle_normalized_return': False, 'response_signature_accuracy': False, 'belief_calibration': False, 'partner_response_prediction_loss': True}"
fundamentally_inseparable,odits_style,2007,binary-role-allocation--fundamentally_inseparable--identity,stochastic,exact_neural_policy_tree,79.8706298373966,0.1293695108831051,20.000000651720292,20.000000651720296,-3.552713678800501e-15,20.129370162603397,-3.258601477540424e-08,0.02587390217662102,0.6370619956467316,0.0,0.0,0.003234237772118667,,,,,0.011260007669117326,"{'0': 0.5179363340139389, '1': 0.3270654014974199, '2': 0.1549982970746559}","{'policy_dri': True, 'active_frontier_distance': True, 'oracle_normalized_return': False, 'response_signature_accuracy': False, 'belief_calibration': False, 'partner_response_prediction_loss': True}"
fundamentally_inseparable,odits_style,2008,binary-role-allocation--fundamentally_inseparable--identity,greedy,exact_neural_policy_tree,80.0,0.0,20.0,20.0,0.0,20.0,0.0,0.0,1.0,0.0,0.0,0.0,,,,,0.010283663403242826,{'1': 1.0},"{'policy_dri': True, 'active_frontier_distance': True, 'oracle_normalized_return': False, 'response_signature_accuracy': False, 'belief_calibration': False, 'partner_response_prediction_loss': True}"
fundamentally_inseparable,odits_style,2008,binary-role-allocation--fundamentally_inseparable--identity,stochastic,exact_neural_policy_tree,79.87527832631868,0.12472160019779846,20.000000073483523,20.00000007348352,3.552713678800501e-15,20.12472167368132,-3.6741759856795397e-09,0.02494432003955969,0.5254203071739684,0.0,0.0,0.003118040004945502,,,,,0.01226344794578097,"{'0': 0.6053268909454346, '1': 0.26392591828351464, '2': 0.1307471944452269}","{'policy_dri': True, 'active_frontier_distance': True, 'oracle_normalized_return': False, 'response_signature_accuracy': False, 'belief_calibration': False, 'partner_response_prediction_loss': True}"
fundamentally_inseparable,odits_style,2009,binary-role-allocation--fundamentally_inseparable--identity,greedy,exact_neural_policy_tree,80.0,0.0,20.0,20.0,0.0,20.0,0.0,0.0,0.0,0.0,0.0,0.0,,,,,,{'0': 1.0},"{'policy_dri': True, 'active_frontier_distance': True, 'oracle_normalized_return': False, 'response_signature_accuracy': False, 'belief_calibration': False, 'partner_response_prediction_loss': False}"
fundamentally_inseparable,odits_style,2009,binary-role-allocation--fundamentally_inseparable--identity,stochastic,exact_neural_policy_tree,79.92208507419926,0.07791345688276849,20.000001468917965,20.000001468917965,0.0,20.077914925800734,-7.344589825208914e-08,0.015582691376553699,0.26680516534032434,0.0,0.0,0.0019478364224153847,,,,,0.007144888354373528,"{'0': 0.778723418712616, '1': 0.17574814412624012, '2': 0.04552851060704211}","{'policy_dri': True, 'active_frontier_distance': True, 'oracle_normalized_return': False, 'response_signature_accuracy': False, 'belief_calibration': False, 'partner_response_prediction_loss': True}"
fundamentally_inseparable,odits_style,2010,binary-role-allocation--fundamentally_inseparable--identity,greedy,exact_neural_policy_tree,80.0,0.0,20.0,20.0,0.0,20.0,0.0,0.0,1.0,0.0,0.0,0.0,,,,,0.006705430801957846,{'1': 1.0},"{'policy_dri': True, 'active_frontier_distance': True, 'oracle_normalized_return': False, 'response_signature_accuracy': False, 'belief_calibration': False, 'partner_response_prediction_loss': True}"
fundamentally_inseparable,odits_style,2010,binary-role-allocation--fundamentally_inseparable--identity,stochastic,exact_neural_policy_tree,79.897732701047,0.10226683530504546,20.000000463647957,20.00000046364796,-3.552713678800501e-15,20.102267298953002,-2.3182398045662467e-08,0.02045336706100909,0.5550483245930276,0.0,0.0,0.002556670882652412,,,,,0.00886468038166023,"{'0': 0.5522302538156509, '1': 0.34049121414046635, '2': 0.10727855522628058}","{'policy_dri': True, 'active_frontier_distance': True, 'oracle_normalized_return': False, 'response_signature_accuracy': False, 'belief_calibration': False, 'partner_response_prediction_loss': True}"
fundamentally_inseparable,pace_aux,2001,binary-role-allocation--fundamentally_inseparable--identity,greedy,exact_neural_policy_tree,80.0,0.0,20.0,20.0,0.0,20.0,0.0,0.0,0.0,0.0,0.0,0.0,,0.5,0.5003182701945996,0.012614890933036804,,{'0': 1.0},"{'policy_dri': True, 'active_frontier_distance': True, 'oracle_normalized_return': False, 'response_signature_accuracy': True, 'belief_calibration': True, 'partner_response_prediction_loss': False}"
fundamentally_inseparable,pace_aux,2001,binary-role-allocation--fundamentally_inseparable--identity,stochastic,exact_neural_policy_tree,79.88013101840211,0.11986948699201308,19.99999949460588,19.99999949460588,0.0,20.119868981597893,2.526970597216405e-08,0.023973897398402617,0.48544719238593925,0.0,0.0,0.002996737174826963,,0.49999998736514706,0.5006532243971127,0.014863844225489031,,"{'0': 0.6291045397520065, '1': 0.2563436775706358, '2': 0.11455175740765172}","{'policy_dri': True, 'active_frontier_distance': True, 'oracle_normalized_return': False, 'response_signature_accuracy': True, 'belief_calibration': True, 'partner_response_prediction_loss': False}"
fundamentally_inseparable,pace_aux,2002,binary-role-allocation--fundamentally_inseparable--identity,greedy,exact_neural_policy_tree,80.0,0.0,20.0,20.0,0.0,20.0,0.0,0.0,0.0,0.0,0.0,0.0,,0.5,0.5000270090431025,0.003674834966659546,,{'0': 1.0},"{'policy_dri': True, 'active_frontier_distance': True, 'oracle_normalized_return': False, 'response_signature_accuracy': True, 'belief_calibration': True, 'partner_response_prediction_loss': False}"
fundamentally_inseparable,pace_aux,2002,binary-role-allocation--fundamentally_inseparable--identity,stochastic,exact_neural_policy_tree,79.8689091907578,0.13109064409369167,20.000000165148506,20.000000165148506,0.0,20.1310908092422,-8.257425321289702e-09,0.026218128818738334,0.43178848307650786,0.0,0.0,0.003277266102344892,,0.5000000041287127,0.5001194452175999,0.006477848797567742,,"{'0': 0.6488404273986816, '1': 0.27053067864097935, '2': 0.08062890221776423}","{'policy_dri': True, 'active_frontier_distance': True, 'oracle_normalized_return': False, 'response_signature_accuracy': True, 'belief_calibration': True, 'partner_response_prediction_loss': False}"
fundamentally_inseparable,pace_aux,2003,binary-role-allocation--fundamentally_inseparable--identity,greedy,exact_neural_policy_tree,80.0,0.0,20.0,20.0,0.0,20.0,0.0,0.0,0.0,0.0,0.0,0.0,,0.5,0.5002039609916997,0.010098576545715332,,{'0': 1.0},"{'policy_dri': True, 'active_frontier_distance': True, 'oracle_normalized_return': False, 'response_signature_accuracy': True, 'belief_calibration': True, 'partner_response_prediction_loss': False}"
fundamentally_inseparable,pace_aux,2003,binary-role-allocation--fundamentally_inseparable--identity,stochastic,exact_neural_policy_tree,79.84426678487401,0.15573360262315555,19.999999612502833,19.999999612502833,0.0,20.155733215125988,1.937485833991559e-08,0.031146720524631112,0.5279948027627497,0.0,0.0,0.003893340065590941,,0.4999999903125708,0.5003994758517916,0.012836145564419366,,"{'0': 0.5996422618627548, '1': 0.2727206347620239, '2': 0.1276370840003629}","{'policy_dri': True, 'active_frontier_distance': True, 'oracle_normalized_return': False, 'response_signature_accuracy': True, 'belief_calibration': True, 'partner_response_prediction_loss': False}"
fundamentally_inseparable,pace_aux,2004,binary-role-allocation--fundamentally_inseparable--identity,greedy,exact_neural_policy_tree,80.0,0.0,20.0,20.0,0.0,20.0,0.0,0.0,0.0,0.0,0.0,0.0,,0.5,0.5002163905579686,0.010401681065559387,,{'0': 1.0},"{'policy_dri': True, 'active_frontier_distance': True, 'oracle_normalized_return': False, 'response_signature_accuracy': True, 'belief_calibration': True, 'partner_response_prediction_loss': False}"
fundamentally_inseparable,pace_aux,2004,binary-role-allocation--fundamentally_inseparable--identity,stochastic,exact_neural_policy_tree,79.84142954145445,0.15857134469692466,19.999999113848634,19.999999113848634,0.0,20.158570458545558,4.430756828099902e-08,0.031714268939384935,0.29968457988921504,0.0,0.0,0.003964283617485019,,0.49999997784621586,0.5002083033844551,0.009717451204561023,,"{'0': 0.7549477219581604, '1': 0.19041988757932765, '2': 0.054632346154943674}","{'policy_dri': True, 'active_frontier_distance': True, 'oracle_normalized_return': False, 'response_signature_accuracy': True, 'belief_calibration': True, 'partner_response_prediction_loss': False}"
fundamentally_inseparable,pace_aux,2005,binary-role-allocation--fundamentally_inseparable--identity,greedy,exact_neural_policy_tree,80.0,0.0,20.0,20.0,0.0,20.0,0.0,0.0,0.0,0.0,0.0,0.0,,0.5,0.5000270478267623,0.0036774873733520508,,{'0': 1.0},"{'policy_dri': True, 'active_frontier_distance': True, 'oracle_normalized_return': False, 'response_signature_accuracy': True, 'belief_calibration': True, 'partner_response_prediction_loss': False}"
fundamentally_inseparable,pace_aux,2005,binary-role-allocation--fundamentally_inseparable--identity,stochastic,exact_neural_policy_tree,79.89136872812882,0.10863016520624949,20.00000110666492,20.00000110666492,0.0,20.10863127187117,-5.5333246073985266e-08,0.021726033041249898,0.3026742959246917,0.0,0.0,0.0027157541302971636,,0.5000000276666231,0.5000242762262013,0.003128058958644986,,"{'0': 0.7336157560348511, '1': 0.23009430267209843, '2': 0.03628999662629663}","{'policy_dri': True, 'active_frontier_distance': True, 'oracle_normalized_return': False, 'response_signature_accuracy': True, 'belief_calibration': True, 'partner_response_prediction_loss': False}"
fundamentally_inseparable,pace_aux,2006,binary-role-allocation--fundamentally_inseparable--identity,greedy,exact_neural_policy_tree,80.0,0.0,20.0,20.0,0.0,20.0,0.0,0.0,1.5,0.0,0.0,0.0,,0.5,0.5016277263887738,0.028485385701060295,,"{'1': 0.5, '2': 0.5}","{'policy_dri': True, 'active_frontier_distance': True, 'oracle_normalized_return': False, 'response_signature_accuracy': True, 'belief_calibration': True, 'partner_response_prediction_loss': False}"
fundamentally_inseparable,pace_aux,2006,binary-role-allocation--fundamentally_inseparable--identity,stochastic,exact_neural_policy_tree,79.87155987006358,0.1284396827935705,20.000000447142845,20.000000447142845,0.0,20.128440129936415,-2.2357142270834628e-08,0.025687936558714097,0.6830622300856145,0.0,0.0,0.0032109920698587206,,0.5000000111785712,0.5010226893407815,0.021006428233889762,,"{'0': 0.4927622228860855, '1': 0.3314133688564991, '2': 0.17582443061455771}","{'policy_dri': True, 'active_frontier_distance': True, 'oracle_normalized_return': False, 'response_signature_accuracy': True, 'belief_calibration': True, 'partner_response_prediction_loss': False}"
fundamentally_inseparable,pace_aux,2007,binary-role-allocation--fundamentally_inseparable--identity,greedy,exact_neural_policy_tree,80.0,0.0,20.0,20.0,0.0,20.0,0.0,0.0,1.0,0.0,0.0,0.0,,0.5,0.5001011169323896,0.005788087844848633,,{'1': 1.0},"{'policy_dri': True, 'active_frontier_distance': True, 'oracle_normalized_return': False, 'response_signature_accuracy': True, 'belief_calibration': True, 'partner_response_prediction_loss': False}"
fundamentally_inseparable,pace_aux,2007,binary-role-allocation--fundamentally_inseparable--identity,stochastic,exact_neural_policy_tree,79.84023871243207,0.15976001554993188,20.000001272018007,20.000001272018007,0.0,20.15976128756794,-6.360090036849897e-08,0.031952003109986374,0.508178268128836,0.0,0.0,0.003994000388874895,,0.5000000318004503,0.5000528077369208,0.00420816550479941,,"{'0': 0.6075045466423035, '1': 0.2768127657883577, '2': 0.11568275117023917}","{'policy_dri': True, 'active_frontier_distance': True, 'oracle_normalized_return': False, 'response_signature_accuracy': True, 'belief_calibration': True, 'partner_response_prediction_loss': False}"
fundamentally_inseparable,pace_aux,2008,binary-role-allocation--fundamentally_inseparable--identity,greedy,exact_neural_policy_tree,80.0,0.0,20.0,20.0,0.0,20.0,0.0,0.0,1.0,0.0,0.0,0.0,,0.5,0.5002249642110004,0.008432768285274506,,{'1': 1.0},"{'policy_dri': True, 'active_frontier_distance': True, 'oracle_normalized_return': False, 'response_signature_accuracy': True, 'belief_calibration': True, 'partner_response_prediction_loss': False}"
fundamentally_inseparable,pace_aux,2008,binary-role-allocation--fundamentally_inseparable--identity,stochastic,exact_neural_policy_tree,79.87424543246878,0.12575514796610454,19.99999941956511,19.99999941956511,0.0,20.125754567531214,2.9021744474277965e-08,0.025151029593220908,0.7759853991152124,0.0,0.0,0.003143878699186102,,0.4999999854891279,0.5003259040338913,0.011400321738163466,,"{'0': 0.36570940911769867, '1': 0.4925957246059014, '2': 0.1416948372546555}","{'policy_dri': True, 'active_frontier_distance': True, 'oracle_normalized_return': False, 'response_signature_accuracy': True, 'belief_calibration': True, 'partner_response_prediction_loss': False}"
fundamentally_inseparable,pace_aux,2009,binary-role-allocation--fundamentally_inseparable--identity,greedy,exact_neural_policy_tree,80.0,0.0,20.0,20.0,0.0,20.0,0.0,0.0,2.0,0.0,0.0,0.0,,0.5,0.5002292485905251,0.010039905086159706,,{'2': 1.0},"{'policy_dri': True, 'active_frontier_distance': True, 'oracle_normalized_return': False, 'response_signature_accuracy': True, 'belief_calibration': True, 'partner_response_prediction_loss': False}"
fundamentally_inseparable,pace_aux,2009,binary-role-allocation--fundamentally_inseparable--identity,stochastic,exact_neural_policy_tree,79.8689368942744,0.13106503427717822,19.999998071448424,19.999998071448424,0.0,20.1310631057256,9.64275788106761e-08,0.026213006855435646,0.9161294266450588,0.0,0.0,0.0032766258572841755,,0.4999999517862106,0.5001866741325275,0.009022707820173337,,"{'0': 0.39812664687633514, '1': 0.28761708674711317, '2': 0.3142561699489728}","{'policy_dri': True, 'active_frontier_distance': True, 'oracle_normalized_return': False, 'response_signature_accuracy': True, 'belief_calibration': True, 'partner_response_prediction_loss': False}"
fundamentally_inseparable,pace_aux,2010,binary-role-allocation--fundamentally_inseparable--identity,greedy,exact_neural_policy_tree,80.0,0.0,20.0,20.0,0.0,20.0,0.0,0.0,0.0,0.0,0.0,0.0,,0.5,0.5000427458346515,0.004623055458068848,,{'0': 1.0},"{'policy_dri': True, 'active_frontier_distance': True, 'oracle_normalized_return': False, 'response_signature_accuracy': True, 'belief_calibration': True, 'partner_response_prediction_loss': False}"
fundamentally_inseparable,pace_aux,2010,binary-role-allocation--fundamentally_inseparable--identity,stochastic,exact_neural_policy_tree,79.83335675073414,0.16664213011284432,20.000001119153012,20.000001119153012,0.0,20.166643249265856,-5.595765060206759e-08,0.033328426022568865,0.40934990784276654,0.0,0.0,0.00416605325291506,,0.5000000279788253,0.5005598048519001,0.010131408187144642,,"{'0': 0.6627100557088852, '1': 0.26523009265476416, '2': 0.07205990759400119}","{'policy_dri': True, 'active_frontier_distance': True, 'oracle_normalized_return': False, 'response_signature_accuracy': True, 'belief_calibration': True, 'partner_response_prediction_loss': False}"
fundamentally_inseparable,pace_style,2001,binary-role-allocation--fundamentally_inseparable--identity,greedy,exact_neural_policy_tree,80.0,0.0,20.0,20.0,0.0,20.0,0.0,0.0,2.0,0.0,0.0,0.0,,0.5,0.5001429265580014,0.007682079449295998,,{'2': 1.0},"{'policy_dri': True, 'active_frontier_distance': True, 'oracle_normalized_return': False, 'response_signature_accuracy': True, 'belief_calibration': True, 'partner_response_prediction_loss': False}"
fundamentally_inseparable,pace_style,2001,binary-role-allocation--fundamentally_inseparable--identity,stochastic,exact_neural_policy_tree,79.8322256890774,0.16777391036710018,20.000000400555503,20.0000004005555,3.552713678800501e-15,20.167774310922603,-2.0027774993991443e-08,0.03355478207342004,1.7619951810953327,0.0,0.0,0.004194347759189459,,0.5000000100138875,0.5001557958007014,0.007834146188076763,,"{'0': 0.06664355471730232, '1': 0.10471774952561308, '2': 0.82863871578486}","{'policy_dri': True, 'active_frontier_distance': True, 'oracle_normalized_return': False, 'response_signature_accuracy': True, 'belief_calibration': True, 'partner_response_prediction_loss': False}"
fundamentally_inseparable,pace_style,2002,binary-role-allocation--fundamentally_inseparable--identity,greedy,exact_neural_policy_tree,80.0,0.0,20.0,20.0,0.0,20.0,0.0,0.0,2.0,0.0,0.0,0.0,,0.5,0.5000925872338506,0.005775474011898041,,{'2': 1.0},"{'policy_dri': True, 'active_frontier_distance': True, 'oracle_normalized_return': False, 'response_signature_accuracy': True, 'belief_calibration': True, 'partner_response_prediction_loss': False}"
fundamentally_inseparable,pace_style,2002,binary-role-allocation--fundamentally_inseparable--identity,stochastic,exact_neural_policy_tree,79.871199232967,0.12879900910633404,20.00000175792666,20.000001757926658,3.552713678800501e-15,20.128800767032995,-8.789633287875631e-08,0.02575980182126681,1.769575293086935,0.0,0.0,0.0032199752279582668,,0.5000000439481666,0.5000821565557747,0.0054192585662413695,,"{'0': 0.06678951345384121, '1': 0.09684585579804872, '2': 0.8363647186444434}","{'policy_dri': True, 'active_frontier_distance': True, 'oracle_normalized_return': False, 'response_signature_accuracy': True, 'belief_calibration': True, 'partner_response_prediction_loss': False}"
fundamentally_inseparable,pace_style,2003,binary-role-allocation--fundamentally_inseparable--identity,greedy,exact_neural_policy_tree,80.0,0.0,20.0,20.0,0.0,20.0,0.0,0.0,2.0,0.0,0.0,0.0,,0.5,0.5001354211616267,0.008109202608466148,,{'2': 1.0},"{'policy_dri': True, 'active_frontier_distance': True, 'oracle_normalized_return': False, 'response_signature_accuracy': True, 'belief_calibration': True, 'partner_response_prediction_loss': False}"
fundamentally_inseparable,pace_style,2003,binary-role-allocation--fundamentally_inseparable--identity,stochastic,exact_neural_policy_tree,79.8724015701644,0.12759941474796047,19.999999015087642,19.999999015087642,0.0,20.127598429835604,4.9245617894655426e-08,0.025519882949592093,1.7889918278448265,0.0,0.0,0.0031899853687940407,,0.49999997537719115,0.5001154574055127,0.0069946551333825435,,"{'0': 0.05828847177326679, '1': 0.09443113011740417, '2': 0.847280348863711}","{'policy_dri': True, 'active_frontier_distance': True, 'oracle_normalized_return': False, 'response_signature_accuracy': True, 'belief_calibration': True, 'partner_response_prediction_loss': False}"
fundamentally_inseparable,pace_style,2004,binary-role-allocation--fundamentally_inseparable--identity,greedy,exact_neural_policy_tree,80.0,0.0,20.0,20.0,0.0,20.0,0.0,0.0,2.0,0.0,0.0,0.0,,0.5,0.5006683176077695,0.01804443635046482,,{'2': 1.0},"{'policy_dri': True, 'active_frontier_distance': True, 'oracle_normalized_return': False, 'response_signature_accuracy': True, 'belief_calibration': True, 'partner_response_prediction_loss': False}"
fundamentally_inseparable,pace_style,2004,binary-role-allocation--fundamentally_inseparable--identity,stochastic,exact_neural_policy_tree,79.76431445220356,0.2356863218997221,19.999999225896712,19.999999225896712,0.0,20.235685547796432,3.8705164406849235e-08,0.04713726437994442,1.7736592961372077,0.0,0.0,0.005892158047524834,,0.49999998064741785,0.5006808075528069,0.018102671427552508,,"{'0': 0.0644228346645832, '1': 0.09749495712329694, '2': 0.8380821695069555}","{'policy_dri': True, 'active_frontier_distance': True, 'oracle_normalized_return': False, 'response_signature_accuracy': True, 'belief_calibration': True, 'partner_response_prediction_loss': False}"
fundamentally_inseparable,pace_style,2005,binary-role-allocation--fundamentally_inseparable--identity,greedy,exact_neural_policy_tree,80.0,0.0,20.0,20.0,0.0,20.0,0.0,0.0,2.0,0.0,0.0,0.0,,0.5,0.5000312919383172,0.0036326199769973755,,{'2': 1.0},"{'policy_dri': True, 'active_frontier_distance': True, 'oracle_normalized_return': False, 'response_signature_accuracy': True, 'belief_calibration': True, 'partner_response_prediction_loss': False}"
fundamentally_inseparable,pace_style,2005,binary-role-allocation--fundamentally_inseparable--identity,stochastic,exact_neural_policy_tree,79.8589079963587,0.1410906828198124,20.00000132082149,20.000001320821493,-3.552713678800501e-15,20.1410920036413,-6.604107465335573e-08,0.028218136563962482,1.7792192813154253,0.0,0.0,0.003527267070649871,,0.5000000330205373,0.500031499038431,0.0036212677435764062,,"{'0': 0.06321250274777412, '1': 0.09435584527117565, '2': 0.8424317180221247}","{'policy_dri': True, 'active_frontier_distance': True, 'oracle_normalized_return': False, 'response_signature_accuracy': True, 'belief_calibration': True, 'partner_response_prediction_loss': False}"
fundamentally_inseparable,pace_style,2006,binary-role-allocation--fundamentally_inseparable--identity,greedy,exact_neural_policy_tree,80.0,0.0,20.0,20.0,0.0,20.0,0.0,0.0,2.0,0.0,0.0,0.0,,0.5,0.5000622972576724,0.004847288131713867,,{'2': 1.0},"{'policy_dri': True, 'active_frontier_distance': True, 'oracle_normalized_return': False, 'response_signature_accuracy': True, 'belief_calibration': True, 'partner_response_prediction_loss': False}"
fundamentally_inseparable,pace_style,2006,binary-role-allocation--fundamentally_inseparable--identity,stochastic,exact_neural_policy_tree,79.77004501433177,0.22995543928375703,19.999999546384473,19.999999546384473,0.0,20.22995498566823,2.2680776368133593e-08,0.045991087856751406,1.7554719269507963,0.0,0.0,0.005748885982105111,,0.49999998865961176,0.500057694847212,0.004705168592298803,,"{'0': 0.08307095244526863, '1': 0.07838612279711363, '2': 0.8385429020768413}","{'policy_dri': True, 'active_frontier_distance': True, 'oracle_normalized_return': False, 'response_signature_accuracy': True, 'belief_calibration': True, 'partner_response_prediction_loss': False}"
fundamentally_inseparable,pace_style,2007,binary-role-allocation--fundamentally_inseparable--identity,greedy,exact_neural_policy_tree,80.0,0.0,20.0,20.0,0.0,20.0,0.0,0.0,2.0,0.0,0.0,0.0,,0.5,0.5009311692256088,0.021343126893043518,,{'2': 1.0},"{'policy_dri': True, 'active_frontier_distance': True, 'oracle_normalized_return': False, 'response_signature_accuracy': True, 'belief_calibration': True, 'partner_response_prediction_loss': False}"
fundamentally_inseparable,pace_style,2007,binary-role-allocation--fundamentally_inseparable--identity,stochastic,exact_neural_policy_tree,79.80571704214793,0.19428144317747986,20.000001514674583,20.000001514674583,0.0,20.194282957852064,-7.57337291545923e-08,0.03885628863549597,1.7851864235406196,0.0,0.0,0.004857036079584607,,0.5000000378668645,0.5008504853356583,0.02016711292601292,,"{'0': 0.06113739497959614, '1': 0.09253893796764623, '2': 0.8463237427864868}","{'policy_dri': True, 'active_frontier_distance': True, 'oracle_normalized_return': False, 'response_signature_accuracy': True, 'belief_calibration': True, 'partner_response_prediction_loss': False}"
fundamentally_inseparable,pace_style,2008,binary-role-allocation--fundamentally_inseparable--identity,greedy,exact_neural_policy_tree,80.0,0.0,20.0,20.0,0.0,20.0,0.0,0.0,2.0,0.0,0.0,0.0,,0.5,0.5000760857589502,0.004767201840877533,,{'2': 1.0},"{'policy_dri': True, 'active_frontier_distance': True, 'oracle_normalized_return': False, 'response_signature_accuracy': True, 'belief_calibration': True, 'partner_response_prediction_loss': False}"
fundamentally_inseparable,pace_style,2008,binary-role-allocation--fundamentally_inseparable--identity,stochastic,exact_neural_policy_tree,79.85216901699866,0.14782974208682262,20.00000124091451,20.00000124091451,0.0,20.147830983001334,-6.204572553514253e-08,0.029565948417364527,1.7645067240280237,0.0,0.0,0.0036957435523007716,,0.5000000310228627,0.5000833192440449,0.0052362614977042865,,"{'0': 0.06246276572346687, '1': 0.11056786861649379, '2': 0.826969427705765}","{'policy_dri': True, 'active_frontier_distance': True, 'oracle_normalized_return': False, 'response_signature_accuracy': True, 'belief_calibration': True, 'partner_response_prediction_loss': False}"
fundamentally_inseparable,pace_style,2009,binary-role-allocation--fundamentally_inseparable--identity,greedy,exact_neural_policy_tree,80.0,0.0,20.0,20.0,0.0,20.0,0.0,0.0,2.0,0.0,0.0,0.0,,0.5,0.5002812724970925,0.011526569724082947,,{'2': 1.0},"{'policy_dri': True, 'active_frontier_distance': True, 'oracle_normalized_return': False, 'response_signature_accuracy': True, 'belief_calibration': True, 'partner_response_prediction_loss': False}"
fundamentally_inseparable,pace_style,2009,binary-role-allocation--fundamentally_inseparable--identity,stochastic,exact_neural_policy_tree,79.87001624673738,0.12998507554054514,19.99999867772208,19.99999867772208,0.0,20.129983753262625,6.611389604671559e-08,0.025997015108109027,1.784163096121027,0.0,0.0,0.003249626888681765,,0.499999966943052,0.5002966393600238,0.011838169036255064,,"{'0': 0.06122097745537758, '1': 0.09339481674042571, '2': 0.8453841396903007}","{'policy_dri': True, 'active_frontier_distance': True, 'oracle_normalized_return': False, 'response_signature_accuracy': True, 'belief_calibration': True, 'partner_response_prediction_loss': False}"
fundamentally_inseparable,pace_style,2010,binary-role-allocation--fundamentally_inseparable--identity,greedy,exact_neural_policy_tree,80.0,0.0,20.0,20.0,0.0,20.0,0.0,0.0,2.0,0.0,0.0,0.0,,0.5,0.5006613680381151,0.01613752543926239,,{'2': 1.0},"{'policy_dri': True, 'active_frontier_distance': True, 'oracle_normalized_return': False, 'response_signature_accuracy': True, 'belief_calibration': True, 'partner_response_prediction_loss': False}"
fundamentally_inseparable,pace_style,2010,binary-role-allocation--fundamentally_inseparable--identity,stochastic,exact_neural_policy_tree,79.85307460666996,0.14692586919532424,19.999999524134715,19.999999524134708,7.105427357601002e-15,20.14692539333004,2.379326460300035e-08,0.02938517383906485,1.819996823522326,0.0,0.0,0.0036731467299023716,,0.4999999881033678,0.5006083866611654,0.015336064526083382,,"{'0': 0.047210318967700005, '1': 0.0855824909557453, '2': 0.8672071662832902}","{'policy_dri': True, 'active_frontier_distance': True, 'oracle_normalized_return': False, 'response_signature_accuracy': True, 'belief_calibration': True, 'partner_response_prediction_loss': False}"
remember_response,mlp_ppo,2001,factorized-identity-memory--remember_response--identity,greedy,exact_neural_policy_tree,80.0,0.0,20.0,8.0,12.0,20.0,0.6,0.0,2.0,0.2780719051126377,0.27807190511263774,0.0,0.0,,,,,{'2': 1.0},"{'policy_dri': True, 'active_frontier_distance': True, 'oracle_normalized_return': True, 'response_signature_accuracy': False, 'belief_calibration': False, 'partner_response_prediction_loss': False}"
remember_response,mlp_ppo,2001,factorized-identity-memory--remember_response--identity,stochastic,exact_neural_policy_tree,79.73989135741866,0.2601083445581298,20.000000298023217,8.000000119209288,12.000000178813929,20.260108642581347,0.5999999940395356,0.05202166891162596,2.0000000298023215,0.27807190925623193,0.2780719092562317,0.006502708613953929,-0.021675720215111955,,,,,{'2': 1.000000014901161},"{'policy_dri': True, 'active_frontier_distance': True, 'oracle_normalized_return': True, 'response_signature_accuracy': False, 'belief_calibration': False, 'partner_response_prediction_loss': False}"
remember_response,mlp_ppo,2002,factorized-identity-memory--remember_response--identity,greedy,exact_neural_policy_tree,80.0,0.0,20.0,8.0,12.0,20.0,0.6,0.0,2.0,0.2780719051126377,0.27807190511263774,0.0,0.0,,,,,{'2': 1.0},"{'policy_dri': True, 'active_frontier_distance': True, 'oracle_normalized_return': True, 'response_signature_accuracy': False, 'belief_calibration': False, 'partner_response_prediction_loss': False}"
remember_response,mlp_ppo,2002,factorized-identity-memory--remember_response--identity,stochastic,exact_neural_policy_tree,79.78156700079344,0.21843299920657253,19.999999999999982,7.999999999999993,11.99999999999999,20.218432999206556,0.6000000000000003,0.04368659984131451,1.9999999999999982,0.27807190511263724,0.27807190511263724,0.005460824980164313,-0.01820274993387964,,,,,{'2': 0.9999999999999991},"{'policy_dri': True, 'active_frontier_distance': True, 'oracle_normalized_return': True, 'response_signature_accuracy': False, 'belief_calibration': False, 'partner_response_prediction_loss': False}"
remember_response,mlp_ppo,2003,factorized-identity-memory--remember_response--identity,greedy,exact_neural_policy_tree,80.0,0.0,20.0,8.0,12.0,20.0,0.6,0.0,2.0,0.2780719051126377,0.27807190511263774,0.0,0.0,,,,,{'2': 1.0},"{'policy_dri': True, 'active_frontier_distance': True, 'oracle_normalized_return': True, 'response_signature_accuracy': False, 'belief_calibration': False, 'partner_response_prediction_loss': False}"
remember_response,mlp_ppo,2003,factorized-identity-memory--remember_response--identity,stochastic,exact_neural_policy_tree,79.77477218955755,0.22522825747728348,19.999999552965164,7.999999821186066,11.999999731779099,20.225227810442448,0.6000000089406967,0.045045651495456696,1.9999999552965164,0.2780718988972465,0.27807189889724626,0.005630706436933862,-0.018768984203537304,,,,,{'2': 0.9999999776482582},"{'policy_dri': True, 'active_frontier_distance': True, 'oracle_normalized_return': True, 'response_signature_accuracy': False, 'belief_calibration': False, 'partner_response_prediction_loss': False}"
remember_response,mlp_ppo,2004,factorized-identity-memory--remember_response--identity,greedy,exact_neural_policy_tree,80.0,0.0,20.0,8.0,12.0,20.0,0.6,0.0,2.0,0.2780719051126377,0.27807190511263774,0.0,0.0,,,,,{'2': 1.0},"{'policy_dri': True, 'active_frontier_distance': True, 'oracle_normalized_return': True, 'response_signature_accuracy': False, 'belief_calibration': False, 'partner_response_prediction_loss': False}"
remember_response,mlp_ppo,2004,factorized-identity-memory--remember_response--identity,stochastic,exact_neural_policy_tree,79.75807586384514,0.24192100691088905,20.00000312924397,8.000001251697588,12.000001877546383,20.24192413615486,0.5999999374151206,0.04838420138217781,2.000000312924397,0.2780719486203793,0.27807194862037937,0.00604802517285318,-0.020160344679572024,,,,,{'2': 1.0000001564621985},"{'policy_dri': True, 'active_frontier_distance': True, 'oracle_normalized_return': True, 'response_signature_accuracy': False, 'belief_calibration': False, 'partner_response_prediction_loss': False}"
remember_response,mlp_ppo,2005,factorized-identity-memory--remember_response--identity,greedy,exact_neural_policy_tree,80.0,0.0,20.0,8.0,12.0,20.0,0.6,0.0,2.0,0.2780719051126377,0.27807190511263774,0.0,0.0,,,,,{'2': 1.0},"{'policy_dri': True, 'active_frontier_distance': True, 'oracle_normalized_return': True, 'response_signature_accuracy': False, 'belief_calibration': False, 'partner_response_prediction_loss': False}"
remember_response,mlp_ppo,2005,factorized-identity-memory--remember_response--identity,stochastic,exact_neural_policy_tree,79.76457266137004,0.23542756214737895,19.999999776482586,7.999999910593034,11.999999865889553,20.235427338629965,0.6000000044703484,0.047085512429475784,1.9999999776482584,0.27807190200494214,0.2780719020049422,0.005885689053684898,-0.019618944885830086,,,,,{'2': 0.9999999888241294},"{'policy_dri': True, 'active_frontier_distance': True, 'oracle_normalized_return': True, 'response_signature_accuracy': False, 'belief_calibration': False, 'partner_response_prediction_loss': False}"
remember_response,mlp_ppo,2006,factorized-identity-memory--remember_response--identity,greedy,exact_neural_policy_tree,80.0,0.0,20.0,8.0,12.0,20.0,0.6,0.0,2.0,0.2780719051126377,0.27807190511263774,0.0,0.0,,,,,{'2': 1.0},"{'policy_dri': True, 'active_frontier_distance': True, 'oracle_normalized_return': True, 'response_signature_accuracy': False, 'belief_calibration': False, 'partner_response_prediction_loss': False}"
remember_response,mlp_ppo,2006,factorized-identity-memory--remember_response--identity,stochastic,exact_neural_policy_tree,79.76691506803036,0.23308463394641876,20.000000298023227,8.00000011920929,12.000000178813938,20.233084931969646,0.5999999940395355,0.04661692678928375,2.000000029802323,0.2780719092562319,0.27807190925623176,0.0058271158486612315,-0.019423744330803554,,,,,{'2': 1.0000000149011614},"{'policy_dri': True, 'active_frontier_distance': True, 'oracle_normalized_return': True, 'response_signature_accuracy': False, 'belief_calibration': False, 'partner_response_prediction_loss': False}"
remember_response,mlp_ppo,2007,factorized-identity-memory--remember_response--identity,greedy,exact_neural_policy_tree,80.0,0.0,20.0,8.0,12.0,20.0,0.6,0.0,2.0,0.2780719051126377,0.27807190511263774,0.0,0.0,,,,,{'2': 1.0},"{'policy_dri': True, 'active_frontier_distance': True, 'oracle_normalized_return': True, 'response_signature_accuracy': False, 'belief_calibration': False, 'partner_response_prediction_loss': False}"
remember_response,mlp_ppo,2007,factorized-identity-memory--remember_response--identity,stochastic,exact_neural_policy_tree,79.74338996057541,0.25660981590718557,20.000000223517397,8.000000089406957,12.00000013411044,20.256610039424583,0.5999999955296522,0.051321963181437114,2.0000000223517396,0.2780719082203331,0.2780719082203332,0.006415245397680029,-0.021384169952048875,,,,,{'2': 1.0000000111758696},"{'policy_dri': True, 'active_frontier_distance': True, 'oracle_normalized_return': True, 'response_signature_accuracy': False, 'belief_calibration': False, 'partner_response_prediction_loss': False}"
remember_response,mlp_ppo,2008,factorized-identity-memory--remember_response--identity,greedy,exact_neural_policy_tree,80.0,0.0,20.0,8.0,12.0,20.0,0.6,0.0,2.0,0.2780719051126377,0.27807190511263774,0.0,0.0,,,,,{'2': 1.0},"{'policy_dri': True, 'active_frontier_distance': True, 'oracle_normalized_return': True, 'response_signature_accuracy': False, 'belief_calibration': False, 'partner_response_prediction_loss': False}"
remember_response,mlp_ppo,2008,factorized-identity-memory--remember_response--identity,stochastic,exact_neural_policy_tree,79.76744577765149,0.23255340278466874,20.000000819563844,8.00000032782554,12.000000491738305,20.23255422234851,0.5999999836087231,0.04651068055693375,2.0000000819563843,0.27807191650752194,0.27807191650752167,0.005813835069622494,-0.019379518529042628,,,,,{'2': 1.0000000409781924},"{'policy_dri': True, 'active_frontier_distance': True, 'oracle_normalized_return': True, 'response_signature_accuracy': False, 'belief_calibration': False, 'partner_response_prediction_loss': False}"
remember_response,mlp_ppo,2009,factorized-identity-memory--remember_response--identity,greedy,exact_neural_policy_tree,80.0,0.0,20.0,8.0,12.0,20.0,0.6,0.0,2.0,0.2780719051126377,0.27807190511263774,0.0,0.0,,,,,{'2': 1.0},"{'policy_dri': True, 'active_frontier_distance': True, 'oracle_normalized_return': True, 'response_signature_accuracy': False, 'belief_calibration': False, 'partner_response_prediction_loss': False}"
remember_response,mlp_ppo,2009,factorized-identity-memory--remember_response--identity,stochastic,exact_neural_policy_tree,79.70068254547367,0.29931812507862204,19.999999329447707,7.999999731779084,11.999999597668623,20.299317454526328,0.6000000134110458,0.059863625015724405,1.9999999329447709,0.27807189578955005,0.2780718957895501,0.007482953126968556,-0.024943121210527625,,,,,{'2': 0.9999999664723855},"{'policy_dri': True, 'active_frontier_distance': True, 'oracle_normalized_return': True, 'response_signature_accuracy': False, 'belief_calibration': False, 'partner_response_prediction_loss': False}"
remember_response,mlp_ppo,2010,factorized-identity-memory--remember_response--identity,greedy,exact_neural_policy_tree,80.0,0.0,20.0,8.0,12.0,20.0,0.6,0.0,2.0,0.2780719051126377,0.27807190511263774,0.0,0.0,,,,,{'2': 1.0},"{'policy_dri': True, 'active_frontier_distance': True, 'oracle_normalized_return': True, 'response_signature_accuracy': False, 'belief_calibration': False, 'partner_response_prediction_loss': False}"
remember_response,mlp_ppo,2010,factorized-identity-memory--remember_response--identity,stochastic,exact_neural_policy_tree,79.79907751083374,0.2009224891662598,20.000000000000004,8.000000000000002,12.000000000000002,20.200922489166263,0.5999999999999999,0.04018449783325196,2.0000000000000004,0.2780719051126379,0.2780719051126377,0.005023062229156495,-0.01674354076385498,,,,,{'2': 1.0000000000000002},"{'policy_dri': True, 'active_frontier_distance': True, 'oracle_normalized_return': True, 'response_signature_accuracy': False, 'belief_calibration': False, 'partner_response_prediction_loss': False}"
remember_response,gru_ppo_passive,2001,factorized-identity-memory--remember_response--identity,greedy,exact_neural_policy_tree,92.0,0.0,8.0,8.0,0.0,8.0,0.6,0.0,2.0,0.2780719051126377,0.27807190511263774,0.0,1.0,,,,,{'2': 1.0},"{'policy_dri': True, 'active_frontier_distance': True, 'oracle_normalized_return': True, 'response_signature_accuracy': False, 'belief_calibration': False, 'partner_response_prediction_loss': False}"
remember_response,gru_ppo_passive,2001,factorized-identity-memory--remember_response--identity,stochastic,exact_neural_policy_tree,91.70056888461113,0.0,8.29943111538887,7.999999828636646,0.29943128675222397,8.29943111538887,0.6000000085681677,0.0,1.9999999571591618,0.278071899156221,0.2780718991562209,4.284083865435662e-09,0.9750474070509275,,,,,{'2': 0.9999999785795808},"{'policy_dri': True, 'active_frontier_distance': True, 'oracle_normalized_return': True, 'response_signature_accuracy': False, 'belief_calibration': False, 'partner_response_prediction_loss': False}"
remember_response,gru_ppo_passive,2002,factorized-identity-memory--remember_response--identity,greedy,exact_neural_policy_tree,92.0,0.0,8.0,8.0,0.0,8.0,0.6,0.0,2.0,0.2780719051126377,0.27807190511263774,0.0,1.0,,,,,{'2': 1.0},"{'policy_dri': True, 'active_frontier_distance': True, 'oracle_normalized_return': True, 'response_signature_accuracy': False, 'belief_calibration': False, 'partner_response_prediction_loss': False}"
remember_response,gru_ppo_passive,2002,factorized-identity-memory--remember_response--identity,stochastic,exact_neural_policy_tree,91.67625383287668,0.0,8.323746167123318,7.99999981187284,0.3237463552504778,8.323746167123318,0.600000009406358,0.0,1.99999995296821,0.278071898573528,0.2780718985735279,4.703179012910397e-09,0.9730211527397236,,,,,{'2': 0.9999999764841049},"{'policy_dri': True, 'active_frontier_distance': True, 'oracle_normalized_return': True, 'response_signature_accuracy': False, 'belief_calibration': False, 'partner_response_prediction_loss': False}"
remember_response,gru_ppo_passive,2003,factorized-identity-memory--remember_response--identity,greedy,exact_neural_policy_tree,92.0,0.0,8.0,8.0,0.0,8.0,0.6,0.0,2.0,0.2780719051126377,0.27807190511263774,0.0,1.0,,,,,{'2': 1.0},"{'policy_dri': True, 'active_frontier_distance': True, 'oracle_normalized_return': True, 'response_signature_accuracy': False, 'belief_calibration': False, 'partner_response_prediction_loss': False}"
remember_response,gru_ppo_passive,2003,factorized-identity-memory--remember_response--identity,stochastic,exact_neural_policy_tree,91.722700253129,0.0,8.277299746870995,8.000000026077032,0.2772997207939625,8.277299746870995,0.5999999986961484,0.0,2.000000006519258,0.278071906019049,0.278071906019049,6.519257911286047e-10,0.9768916877607504,,,,,{'2': 1.0000000032596292},"{'policy_dri': True, 'active_frontier_distance': True, 'oracle_normalized_return': True, 'response_signature_accuracy': False, 'belief_calibration': False, 'partner_response_prediction_loss': False}"
remember_response,gru_ppo_passive,2004,factorized-identity-memory--remember_response--identity,greedy,exact_neural_policy_tree,92.0,0.0,8.0,8.0,0.0,8.0,0.6,0.0,2.0,0.2780719051126377,0.27807190511263774,0.0,1.0,,,,,{'2': 1.0},"{'policy_dri': True, 'active_frontier_distance': True, 'oracle_normalized_return': True, 'response_signature_accuracy': False, 'belief_calibration': False, 'partner_response_prediction_loss': False}"
remember_response,gru_ppo_passive,2004,factorized-identity-memory--remember_response--identity,stochastic,exact_neural_policy_tree,91.52850383520126,0.0,8.471496164798737,8.000000074505806,0.4714960902929306,8.471496164798737,0.5999999962747097,0.0,2.0000000186264515,0.2780719077023841,0.2780719077023841,1.862645149230957e-09,0.9607086529334387,,,,,{'2': 1.0000000093132257},"{'policy_dri': True, 'active_frontier_distance': True, 'oracle_normalized_return': True, 'response_signature_accuracy': False, 'belief_calibration': False, 'partner_response_prediction_loss': False}"
remember_response,gru_ppo_passive,2005,factorized-identity-memory--remember_response--identity,greedy,exact_neural_policy_tree,92.0,0.0,8.0,8.0,0.0,8.0,0.6,0.0,2.0,0.2780719051126377,0.27807190511263774,0.0,1.0,,,,,{'2': 1.0},"{'policy_dri': True, 'active_frontier_distance': True, 'oracle_normalized_return': True, 'response_signature_accuracy': False, 'belief_calibration': False, 'partner_response_prediction_loss': False}"
remember_response,gru_ppo_passive,2005,factorized-identity-memory--remember_response--identity,stochastic,exact_neural_policy_tree,91.78567488491535,0.0,8.214325115084648,7.999999862164259,0.21432525292038918,8.214325115084648,0.600000006891787,0.0,1.9999999655410647,0.2780719003216068,0.27807190032160684,3.445893542730616e-09,0.982139573742946,,,,,{'2': 0.9999999827705324},"{'policy_dri': True, 'active_frontier_distance': True, 'oracle_normalized_return': True, 'response_signature_accuracy': False, 'belief_calibration': False, 'partner_response_prediction_loss': False}"
remember_response,gru_ppo_passive,2006,factorized-identity-memory--remember_response--identity,greedy,exact_neural_policy_tree,92.0,0.0,8.0,8.0,0.0,8.0,0.6,0.0,2.0,0.2780719051126377,0.27807190511263774,0.0,1.0,,,,,{'2': 1.0},"{'policy_dri': True, 'active_frontier_distance': True, 'oracle_normalized_return': True, 'response_signature_accuracy': False, 'belief_calibration': False, 'partner_response_prediction_loss': False}"
remember_response,gru_ppo_passive,2006,factorized-identity-memory--remember_response--identity,stochastic,exact_neural_policy_tree,91.58100812137127,0.0,8.418991878628733,8.000000018626453,0.4189918600022793,8.418991878628733,0.5999999990686773,0.0,2.0000000046566133,0.2780719057600743,0.27807190576007434,4.656613150633149e-10,0.9650840101142725,,,,,{'2': 1.0000000023283064},"{'policy_dri': True, 'active_frontier_distance': True, 'oracle_normalized_return': True, 'response_signature_accuracy': False, 'belief_calibration': False, 'partner_response_prediction_loss': False}"
remember_response,gru_ppo_passive,2007,factorized-identity-memory--remember_response--identity,greedy,exact_neural_policy_tree,92.0,0.0,8.0,8.0,0.0,8.0,0.6,0.0,2.0,0.2780719051126377,0.27807190511263774,0.0,1.0,,,,,{'2': 1.0},"{'policy_dri': True, 'active_frontier_distance': True, 'oracle_normalized_return': True, 'response_signature_accuracy': False, 'belief_calibration': False, 'partner_response_prediction_loss': False}"
remember_response,gru_ppo_passive,2007,factorized-identity-memory--remember_response--identity,stochastic,exact_neural_policy_tree,91.80743300914764,0.0,8.192566990852358,7.999999493360519,0.19256749749183832,8.192566990852358,0.600000025331974,0.0,1.99999987334013,0.27807188750236206,0.278071887502362,1.2665987036974968e-08,0.9839527507623037,,,,,{'2': 0.9999999366700649},"{'policy_dri': True, 'active_frontier_distance': True, 'oracle_normalized_return': True, 'response_signature_accuracy': False, 'belief_calibration': False, 'partner_response_prediction_loss': False}"
remember_response,gru_ppo_passive,2008,factorized-identity-memory--remember_response--identity,greedy,exact_neural_policy_tree,92.0,0.0,8.0,8.0,0.0,8.0,0.6,0.0,2.0,0.2780719051126377,0.27807190511263774,0.0,1.0,,,,,{'2': 1.0},"{'policy_dri': True, 'active_frontier_distance': True, 'oracle_normalized_return': True, 'response_signature_accuracy': False, 'belief_calibration': False, 'partner_response_prediction_loss': False}"
remember_response,gru_ppo_passive,2008,factorized-identity-memory--remember_response--identity,stochastic,exact_neural_policy_tree,91.62611708045006,0.0,8.373882919549942,7.999999679625034,0.3738832399249077,8.373882919549942,0.6000000160187483,0.0,1.9999999199062588,0.27807189397672805,0.2780718939767281,8.009374163897576e-09,0.9688430900375048,,,,,{'2': 0.9999999599531295},"{'policy_dri': True, 'active_frontier_distance': True, 'oracle_normalized_return': True, 'response_signature_accuracy': False, 'belief_calibration': False, 'partner_response_prediction_loss': False}"
remember_response,gru_ppo_passive,2009,factorized-identity-memory--remember_response--identity,greedy,exact_neural_policy_tree,92.0,0.0,8.0,8.0,0.0,8.0,0.6,0.0,2.0,0.2780719051126377,0.27807190511263774,0.0,1.0,,,,,{'2': 1.0},"{'policy_dri': True, 'active_frontier_distance': True, 'oracle_normalized_return': True, 'response_signature_accuracy': False, 'belief_calibration': False, 'partner_response_prediction_loss': False}"
remember_response,gru_ppo_passive,2009,factorized-identity-memory--remember_response--identity,stochastic,exact_neural_policy_tree,91.73248934745789,0.0,8.267510652542114,8.000000000000002,0.2675106525421125,8.267510652542114,0.5999999999999999,0.0,2.0,0.27807190511263763,0.27807190511263763,2.7755575615628914e-17,0.9777074456214905,,,,,{'2': 1.0},"{'policy_dri': True, 'active_frontier_distance': True, 'oracle_normalized_return': True, 'response_signature_accuracy': False, 'belief_calibration': False, 'partner_response_prediction_loss': False}"
remember_response,gru_ppo_passive,2010,factorized-identity-memory--remember_response--identity,greedy,exact_neural_policy_tree,92.0,0.0,8.0,8.0,0.0,8.0,0.6,0.0,2.0,0.2780719051126377,0.27807190511263774,0.0,1.0,,,,,{'2': 1.0},"{'policy_dri': True, 'active_frontier_distance': True, 'oracle_normalized_return': True, 'response_signature_accuracy': False, 'belief_calibration': False, 'partner_response_prediction_loss': False}"
remember_response,gru_ppo_passive,2010,factorized-identity-memory--remember_response--identity,stochastic,exact_neural_policy_tree,91.66770221292973,0.0,8.332297787070274,7.999999817460775,0.332297969609499,8.332297787070274,0.6000000091269613,0.0,1.999999954365194,0.27807189876775895,0.27807189876775884,4.56348062116696e-09,0.9723085177441438,,,,,{'2': 0.9999999771825969},"{'policy_dri': True, 'active_frontier_distance': True, 'oracle_normalized_return': True, 'response_signature_accuracy': False, 'belief_calibration': False, 'partner_response_prediction_loss': False}"
remember_response,gru_ppo_active,2001,factorized-identity-memory--remember_response--identity,greedy,exact_neural_policy_tree,92.0,0.0,8.0,8.0,0.0,8.0,0.6,0.0,2.0,0.2780719051126377,0.27807190511263774,0.0,1.0,,,,,{'2': 1.0},"{'policy_dri': True, 'active_frontier_distance': True, 'oracle_normalized_return': True, 'response_signature_accuracy': False, 'belief_calibration': False, 'partner_response_prediction_loss': False}"
remember_response,gru_ppo_active,2001,factorized-identity-memory--remember_response--identity,stochastic,exact_neural_policy_tree,91.55244048376106,0.13956779947493317,8.307991716764008,8.000000245466149,0.30799147129785887,8.447559516238941,0.5999999877266926,0.02791355989498663,2.000000061366537,0.27807191364479267,0.2780719136447926,0.0034891949868787256,0.9627033736467551,,,,,{'2': 1.0000000306832684},"{'policy_dri': True, 'active_frontier_distance': True, 'oracle_normalized_return': True, 'response_signature_accuracy': False, 'belief_calibration': False, 'partner_response_prediction_loss': False}"
remember_response,gru_ppo_active,2002,factorized-identity-memory--remember_response--identity,greedy,exact_neural_policy_tree,92.0,0.0,8.0,8.0,0.0,8.0,0.6,0.0,2.0,0.2780719051126377,0.27807190511263774,0.0,1.0,,,,,{'2': 1.0},"{'policy_dri': True, 'active_frontier_distance': True, 'oracle_normalized_return': True, 'response_signature_accuracy': False, 'belief_calibration': False, 'partner_response_prediction_loss': False}"
remember_response,gru_ppo_active,2002,factorized-identity-memory--remember_response--identity,stochastic,exact_neural_policy_tree,91.5152830413183,0.20442062493885274,8.280296333742841,8.000000208007027,0.2802961257358145,8.484716958681695,0.5999999895996486,0.040884124987770554,2.0000000520017567,0.2780719123427514,0.27807191234275147,0.005110515623473964,0.9596069201098582,,,,,{'2': 1.0000000260008783},"{'policy_dri': True, 'active_frontier_distance': True, 'oracle_normalized_return': True, 'response_signature_accuracy': False, 'belief_calibration': False, 'partner_response_prediction_loss': False}"
remember_response,gru_ppo_active,2003,factorized-identity-memory--remember_response--identity,greedy,exact_neural_policy_tree,92.0,0.0,8.0,8.0,0.0,8.0,0.6,0.0,2.0,0.2780719051126377,0.27807190511263774,0.0,1.0,,,,,{'2': 1.0},"{'policy_dri': True, 'active_frontier_distance': True, 'oracle_normalized_return': True, 'response_signature_accuracy': False, 'belief_calibration': False, 'partner_response_prediction_loss': False}"
remember_response,gru_ppo_active,2003,factorized-identity-memory--remember_response--identity,stochastic,exact_neural_policy_tree,91.38881494368766,0.2597820095416555,8.351403046770686,8.000000148140623,0.351402898630063,8.611185056312342,0.5999999925929689,0.05195640190833109,2.0000000370351554,0.27807191026185574,0.2780719102618557,0.006494550238542443,0.9490679119739719,,,,,{'2': 1.0000000185175772},"{'policy_dri': True, 'active_frontier_distance': True, 'oracle_normalized_return': True, 'response_signature_accuracy': False, 'belief_calibration': False, 'partner_response_prediction_loss': False}"
remember_response,gru_ppo_active,2004,factorized-identity-memory--remember_response--identity,greedy,exact_neural_policy_tree,92.0,0.0,8.0,8.0,0.0,8.0,0.6,0.0,2.0,0.2780719051126377,0.27807190511263774,0.0,1.0,,,,,{'2': 1.0},"{'policy_dri': True, 'active_frontier_distance': True, 'oracle_normalized_return': True, 'response_signature_accuracy': False, 'belief_calibration': False, 'partner_response_prediction_loss': False}"
remember_response,gru_ppo_active,2004,factorized-identity-memory--remember_response--identity,stochastic,exact_neural_policy_tree,91.40809800171526,0.1918196344934701,8.40008236379127,7.999999606358209,0.40008275743306143,8.59190199828474,0.6000000196820896,0.038363926898694015,1.9999999015895524,0.27807189143004746,0.27807189143004735,0.00479549086234685,0.9506748334762717,,,,,{'2': 0.9999999507947763},"{'policy_dri': True, 'active_frontier_distance': True, 'oracle_normalized_return': True, 'response_signature_accuracy': False, 'belief_calibration': False, 'partner_response_prediction_loss': False}"
remember_response,gru_ppo_active,2005,factorized-identity-memory--remember_response--identity,greedy,exact_neural_policy_tree,92.0,0.0,8.0,8.0,0.0,8.0,0.6,0.0,2.0,0.2780719051126377,0.27807190511263774,0.0,1.0,,,,,{'2': 1.0},"{'policy_dri': True, 'active_frontier_distance': True, 'oracle_normalized_return': True, 'response_signature_accuracy': False, 'belief_calibration': False, 'partner_response_prediction_loss': False}"
remember_response,gru_ppo_active,2005,factorized-identity-memory--remember_response--identity,stochastic,exact_neural_policy_tree,91.59008299404698,0.175972838176955,8.233944167776059,7.999999764066841,0.2339444037092182,8.409917005953014,0.600000011796658,0.035194567635391,1.9999999410167102,0.27807189691183976,0.2780718969118397,0.004399320954427829,0.965840249503915,,,,,{'2': 0.9999999705083547},"{'policy_dri': True, 'active_frontier_distance': True, 'oracle_normalized_return': True, 'response_signature_accuracy': False, 'belief_calibration': False, 'partner_response_prediction_loss': False}"
remember_response,gru_ppo_active,2006,factorized-identity-memory--remember_response--identity,greedy,exact_neural_policy_tree,92.0,0.0,8.0,8.0,0.0,8.0,0.6,0.0,2.0,0.2780719051126377,0.27807190511263774,0.0,1.0,,,,,{'2': 1.0},"{'policy_dri': True, 'active_frontier_distance': True, 'oracle_normalized_return': True, 'response_signature_accuracy': False, 'belief_calibration': False, 'partner_response_prediction_loss': False}"
remember_response,gru_ppo_active,2006,factorized-identity-memory--remember_response--identity,stochastic,exact_neural_policy_tree,91.44131429718085,0.20912627673608677,8.349559426083063,7.999999551180508,0.349559874902555,8.55868570281915,0.6000000224409746,0.04182525534721736,1.9999998877951273,0.27807188951212614,0.2780718895121262,0.00522815691841421,0.9534428580984043,,,,,{'2': 0.9999999438975637},"{'policy_dri': True, 'active_frontier_distance': True, 'oracle_normalized_return': True, 'response_signature_accuracy': False, 'belief_calibration': False, 'partner_response_prediction_loss': False}"
remember_response,gru_ppo_active,2007,factorized-identity-memory--remember_response--identity,greedy,exact_neural_policy_tree,92.0,0.0,8.0,8.0,0.0,8.0,0.6,0.0,2.0,0.2780719051126377,0.27807190511263774,0.0,1.0,,,,,{'2': 1.0},"{'policy_dri': True, 'active_frontier_distance': True, 'oracle_normalized_return': True, 'response_signature_accuracy': False, 'belief_calibration': False, 'partner_response_prediction_loss': False}"
remember_response,gru_ppo_active,2007,factorized-identity-memory--remember_response--identity,stochastic,exact_neural_policy_tree,91.62207276919835,0.1726825930341671,8.20524463776748,7.9999996647383975,0.20524497302908262,8.377927230801648,0.6000000167630801,0.03453651860683342,1.9999999161845994,0.2780718934592835,0.27807189345928346,0.004317064825862314,0.9685060640998628,,,,,{'2': 0.9999999580922997},"{'policy_dri': True, 'active_frontier_distance': True, 'oracle_normalized_return': True, 'response_signature_accuracy': False, 'belief_calibration': False, 'partner_response_prediction_loss': False}"
remember_response,gru_ppo_active,2008,factorized-identity-memory--remember_response--identity,greedy,exact_neural_policy_tree,92.0,0.0,8.0,8.0,0.0,8.0,0.6,0.0,2.0,0.2780719051126377,0.27807190511263774,0.0,1.0,,,,,{'2': 1.0},"{'policy_dri': True, 'active_frontier_distance': True, 'oracle_normalized_return': True, 'response_signature_accuracy': False, 'belief_calibration': False, 'partner_response_prediction_loss': False}"
remember_response,gru_ppo_active,2008,factorized-identity-memory--remember_response--identity,stochastic,exact_neural_policy_tree,91.4721479318857,0.22205709292931025,8.305794975184991,8.000000232896744,0.30579474228824743,8.527852068114301,0.5999999883551628,0.044411418585862054,2.000000058224186,0.2780719132078928,0.2780719132078928,0.005551427323235809,0.9560123276571417,,,,,{'2': 1.000000029112093},"{'policy_dri': True, 'active_frontier_distance': True, 'oracle_normalized_return': True, 'response_signature_accuracy': False, 'belief_calibration': False, 'partner_response_prediction_loss': False}"
remember_response,gru_ppo_active,2009,factorized-identity-memory--remember_response--identity,greedy,exact_neural_policy_tree,92.0,0.0,8.0,8.0,0.0,8.0,0.6,0.0,2.0,0.2780719051126377,0.27807190511263774,0.0,1.0,,,,,{'2': 1.0},"{'policy_dri': True, 'active_frontier_distance': True, 'oracle_normalized_return': True, 'response_signature_accuracy': False, 'belief_calibration': False, 'partner_response_prediction_loss': False}"
remember_response,gru_ppo_active,2009,factorized-identity-memory--remember_response--identity,stochastic,exact_neural_policy_tree,91.45592923799178,0.20157033802833785,8.342500423979885,7.999999519147885,0.3425009048319998,8.544070762008223,0.6000000240426058,0.04031406760566757,1.9999998797869714,0.2780718883987048,0.2780718883987047,0.005039258450722784,0.9546607698326485,,,,,{'2': 0.9999999398934856},"{'policy_dri': True, 'active_frontier_distance': True, 'oracle_normalized_return': True, 'response_signature_accuracy': False, 'belief_calibration': False, 'partner_response_prediction_loss': False}"
remember_response,gru_ppo_active,2010,factorized-identity-memory--remember_response--identity,greedy,exact_neural_policy_tree,92.0,0.0,8.0,8.0,0.0,8.0,0.6,0.0,2.0,0.2780719051126377,0.27807190511263774,0.0,1.0,,,,,{'2': 1.0},"{'policy_dri': True, 'active_frontier_distance': True, 'oracle_normalized_return': True, 'response_signature_accuracy': False, 'belief_calibration': False, 'partner_response_prediction_loss': False}"
remember_response,gru_ppo_active,2010,factorized-identity-memory--remember_response--identity,stochastic,exact_neural_policy_tree,91.52346608003742,0.1368192231499705,8.339714696812603,8.00000009334974,0.33971460346286264,8.476533919962574,0.599999995332513,0.0273638446299941,2.0000000233374347,0.27807190835738016,0.27807190835737994,0.0034204805787500588,0.9602888400031185,,,,,{'2': 1.0000000116687173},"{'policy_dri': True, 'active_frontier_distance': True, 'oracle_normalized_return': True, 'response_signature_accuracy': False, 'belief_calibration': False, 'partner_response_prediction_loss': False}"
remember_response,odits_style,2001,factorized-identity-memory--remember_response--identity,greedy,exact_neural_policy_tree,92.0,0.0,8.0,8.0,0.0,8.0,0.6,0.0,2.0,0.2780719051126377,0.27807190511263774,0.0,1.0,,,,0.004327001282945275,{'2': 1.0},"{'policy_dri': True, 'active_frontier_distance': True, 'oracle_normalized_return': True, 'response_signature_accuracy': False, 'belief_calibration': False, 'partner_response_prediction_loss': True}"
remember_response,odits_style,2001,factorized-identity-memory--remember_response--identity,stochastic,exact_neural_policy_tree,91.4194696981928,0.13761452606392918,8.442915775743277,8.00000053080263,0.4429152449406466,8.580530301807206,0.5999999734598684,0.027522905212785838,2.000000132700657,0.27807192356279997,0.27807192356279986,0.003440363151623822,0.9516224748493999,,,,0.004317896034941573,{'2': 1.0000000663503288},"{'policy_dri': True, 'active_frontier_distance': True, 'oracle_normalized_return': True, 'response_signature_accuracy': False, 'belief_calibration': False, 'partner_response_prediction_loss': True}"
remember_response,odits_style,2002,factorized-identity-memory--remember_response--identity,greedy,exact_neural_policy_tree,92.0,0.0,8.0,8.0,0.0,8.0,0.6,0.0,2.0,0.2780719051126377,0.27807190511263774,0.0,1.0,,,,0.0048660654574632645,{'2': 1.0},"{'policy_dri': True, 'active_frontier_distance': True, 'oracle_normalized_return': True, 'response_signature_accuracy': False, 'belief_calibration': False, 'partner_response_prediction_loss': True}"
remember_response,odits_style,2002,factorized-identity-memory--remember_response--identity,stochastic,exact_neural_policy_tree,90.8624790249174,0.19794239921039175,8.939578575872195,8.000000306364504,0.9395782695076917,9.137520975082587,0.5999999846817748,0.03958847984207835,2.000000076591126,0.2780719157615579,0.2780719157615578,0.004948559980265721,0.9052065854097838,,,,0.0048651377337088145,{'2': 1.0000000382955627},"{'policy_dri': True, 'active_frontier_distance': True, 'oracle_normalized_return': True, 'response_signature_accuracy': False, 'belief_calibration': False, 'partner_response_prediction_loss': True}"
remember_response,odits_style,2003,factorized-identity-memory--remember_response--identity,greedy,exact_neural_policy_tree,92.0,0.0,8.0,8.0,0.0,8.0,0.6,0.0,2.0,0.2780719051126377,0.27807190511263774,0.0,1.0,,,,0.004851871868595481,{'2': 1.0},"{'policy_dri': True, 'active_frontier_distance': True, 'oracle_normalized_return': True, 'response_signature_accuracy': False, 'belief_calibration': False, 'partner_response_prediction_loss': True}"
remember_response,odits_style,2003,factorized-identity-memory--remember_response--identity,stochastic,exact_neural_policy_tree,91.30108741659511,0.1967239244918057,8.50218865891308,8.000000494608715,0.502188164304366,8.698912583404887,0.5999999752695643,0.03934478489836114,2.0000001236521787,0.27807192230473626,0.2780719223047361,0.004918098112310688,0.9417572847162591,,,,0.00484296953673968,{'2': 1.0000000618260894},"{'policy_dri': True, 'active_frontier_distance': True, 'oracle_normalized_return': True, 'response_signature_accuracy': False, 'belief_calibration': False, 'partner_response_prediction_loss': True}"
remember_response,odits_style,2004,factorized-identity-memory--remember_response--identity,greedy,exact_neural_policy_tree,92.0,0.0,8.0,8.0,0.0,8.0,0.6,0.0,2.0,0.2780719051126377,0.27807190511263774,0.0,1.0,,,,0.004226622288115323,{'2': 1.0},"{'policy_dri': True, 'active_frontier_distance': True, 'oracle_normalized_return': True, 'response_signature_accuracy': False, 'belief_calibration': False, 'partner_response_prediction_loss': True}"
remember_response,odits_style,2004,factorized-identity-memory--remember_response--identity,stochastic,exact_neural_policy_tree,91.08808234384901,0.2122544403895347,8.699663215761458,7.999999773107867,0.6996634426535904,8.911917656150992,0.6000000113446067,0.042450888077906944,1.9999999432769668,0.2780718972260967,0.27807189722609654,0.0053063610097413986,0.9240068619874174,,,,0.004226611012319118,{'2': 0.9999999716384833},"{'policy_dri': True, 'active_frontier_distance': True, 'oracle_normalized_return': True, 'response_signature_accuracy': False, 'belief_calibration': False, 'partner_response_prediction_loss': True}"
remember_response,odits_style,2005,factorized-identity-memory--remember_response--identity,greedy,exact_neural_policy_tree,92.0,0.0,8.0,8.0,0.0,8.0,0.6,0.0,2.0,0.2780719051126377,0.27807190511263774,0.0,1.0,,,,0.0053423105273395785,{'2': 1.0},"{'policy_dri': True, 'active_frontier_distance': True, 'oracle_normalized_return': True, 'response_signature_accuracy': False, 'belief_calibration': False, 'partner_response_prediction_loss': True}"
remember_response,odits_style,2005,factorized-identity-memory--remember_response--identity,stochastic,exact_neural_policy_tree,91.22454437476814,0.24828512707165218,8.527170498160201,7.999999779391266,0.527170718768935,8.775455625231853,0.6000000110304367,0.04965702541433044,1.9999999448478165,0.27807189744450134,0.2780718974445013,0.006207128176793755,0.9353786978973453,,,,0.0053258915073959275,{'2': 0.999999972423908},"{'policy_dri': True, 'active_frontier_distance': True, 'oracle_normalized_return': True, 'response_signature_accuracy': False, 'belief_calibration': False, 'partner_response_prediction_loss': True}"
remember_response,odits_style,2006,factorized-identity-memory--remember_response--identity,greedy,exact_neural_policy_tree,92.0,0.0,8.0,8.0,0.0,8.0,0.6,0.0,2.0,0.2780719051126377,0.27807190511263774,0.0,1.0,,,,0.004221916431561112,{'2': 1.0},"{'policy_dri': True, 'active_frontier_distance': True, 'oracle_normalized_return': True, 'response_signature_accuracy': False, 'belief_calibration': False, 'partner_response_prediction_loss': True}"
remember_response,odits_style,2006,factorized-identity-memory--remember_response--identity,stochastic,exact_neural_policy_tree,91.16901730746939,0.2583597887783411,8.572622903752269,7.999999814618753,0.5726230891335158,8.83098269253061,0.6000000092690623,0.05167195775566822,1.9999999536546882,0.2780718986689732,0.2780718986689732,0.00645899471946019,0.9307514422891158,,,,0.00421639129485994,{'2': 0.9999999768273442},"{'policy_dri': True, 'active_frontier_distance': True, 'oracle_normalized_return': True, 'response_signature_accuracy': False, 'belief_calibration': False, 'partner_response_prediction_loss': True}"
remember_response,odits_style,2007,factorized-identity-memory--remember_response--identity,greedy,exact_neural_policy_tree,92.0,0.0,8.0,8.0,0.0,8.0,0.6,0.0,2.0,0.2780719051126377,0.27807190511263774,0.0,1.0,,,,0.0046770405024290085,{'2': 1.0},"{'policy_dri': True, 'active_frontier_distance': True, 'oracle_normalized_return': True, 'response_signature_accuracy': False, 'belief_calibration': False, 'partner_response_prediction_loss': True}"
remember_response,odits_style,2007,factorized-identity-memory--remember_response--identity,stochastic,exact_neural_policy_tree,91.31256533458966,0.19130141924588154,8.496133246164456,7.999999921458248,0.4961333247062081,8.687434665410338,0.6000000039270876,0.03826028384917631,1.999999980364562,0.27807190238260593,0.27807190238260576,0.004782535481147441,0.942713777882472,,,,0.004673851656293589,{'2': 0.9999999901822811},"{'policy_dri': True, 'active_frontier_distance': True, 'oracle_normalized_return': True, 'response_signature_accuracy': False, 'belief_calibration': False, 'partner_response_prediction_loss': True}"
remember_response,odits_style,2008,factorized-identity-memory--remember_response--identity,greedy,exact_neural_policy_tree,92.0,0.0,8.0,8.0,0.0,8.0,0.6,0.0,2.0,0.2780719051126377,0.27807190511263774,0.0,1.0,,,,0.0035878121852874756,{'2': 1.0},"{'policy_dri': True, 'active_frontier_distance': True, 'oracle_normalized_return': True, 'response_signature_accuracy': False, 'belief_calibration': False, 'partner_response_prediction_loss': True}"
remember_response,odits_style,2008,factorized-identity-memory--remember_response--identity,stochastic,exact_neural_policy_tree,91.15584069151706,0.15367321820330693,8.690486090279633,8.000000587512357,0.6904855027672756,8.84415930848294,0.5999999706243822,0.030734643640661388,2.0000001468780897,0.27807192553397286,0.2780719255339728,0.00384183045511075,0.9296533909597547,,,,0.003582129568082422,{'2': 1.0000000734390448},"{'policy_dri': True, 'active_frontier_distance': True, 'oracle_normalized_return': True, 'response_signature_accuracy': False, 'belief_calibration': False, 'partner_response_prediction_loss': True}"
remember_response,odits_style,2009,factorized-identity-memory--remember_response--identity,greedy,exact_neural_policy_tree,92.0,0.0,8.0,8.0,0.0,8.0,0.6,0.0,2.0,0.2780719051126377,0.27807190511263774,0.0,1.0,,,,0.004420815035700798,{'2': 1.0},"{'policy_dri': True, 'active_frontier_distance': True, 'oracle_normalized_return': True, 'response_signature_accuracy': False, 'belief_calibration': False, 'partner_response_prediction_loss': True}"
remember_response,odits_style,2009,factorized-identity-memory--remember_response--identity,stochastic,exact_neural_policy_tree,91.21699632332374,0.1873819147882978,8.595621761887953,8.000000058950782,0.5956217029371711,8.783003676676252,0.5999999970524609,0.037476382957659565,2.0000000147376955,0.27807190716170715,0.278071907161707,0.004684547869707676,0.9347496936103118,,,,0.00443010235194772,{'2': 1.0000000073688478},"{'policy_dri': True, 'active_frontier_distance': True, 'oracle_normalized_return': True, 'response_signature_accuracy': False, 'belief_calibration': False, 'partner_response_prediction_loss': True}"
remember_response,odits_style,2010,factorized-identity-memory--remember_response--identity,greedy,exact_neural_policy_tree,92.0,0.0,8.0,8.0,0.0,8.0,0.6,0.0,2.0,0.2780719051126377,0.27807190511263774,0.0,1.0,,,,0.004330067546106875,{'2': 1.0},"{'policy_dri': True, 'active_frontier_distance': True, 'oracle_normalized_return': True, 'response_signature_accuracy': False, 'belief_calibration': False, 'partner_response_prediction_loss': True}"
remember_response,odits_style,2010,factorized-identity-memory--remember_response--identity,stochastic,exact_neural_policy_tree,91.13797585875132,0.19884687472638307,8.663177266522299,7.999999696557374,0.6631775699649243,8.862024141248682,0.6000000151721313,0.03976937494527662,1.9999999241393434,0.27807189456527914,0.278071894565279,0.004971171868165365,0.9281646548959431,,,,0.004317966701093183,{'2': 0.9999999620696717},"{'policy_dri': True, 'active_frontier_distance': True, 'oracle_normalized_return': True, 'response_signature_accuracy': False, 'belief_calibration': False, 'partner_response_prediction_loss': True}"
remember_response,pace_aux,2001,factorized-identity-memory--remember_response--identity,greedy,exact_neural_policy_tree,92.0,0.0,8.0,8.0,0.0,8.0,0.6,0.0,2.0,0.2780719051126377,0.27807190511263774,0.0,1.0,0.8,0.32471599475353563,0.04844577163457875,,{'2': 1.0},"{'policy_dri': True, 'active_frontier_distance': True, 'oracle_normalized_return': True, 'response_signature_accuracy': True, 'belief_calibration': True, 'partner_response_prediction_loss': False}"
remember_response,pace_aux,2001,factorized-identity-memory--remember_response--identity,stochastic,exact_neural_policy_tree,91.64846796891925,0.13201556878510837,8.219516462295644,7.999999884503639,0.21951657779200495,8.351532031080753,0.600000005774818,0.026403113757021677,1.9999999711259098,0.27807190109810104,0.2780719010981008,0.003300389219628972,0.9707056640766041,0.7999999884503639,0.3247658608383547,0.04863549493681374,,{'2': 0.9999999855629548},"{'policy_dri': True, 'active_frontier_distance': True, 'oracle_normalized_return': True, 'response_signature_accuracy': True, 'belief_calibration': True, 'partner_response_prediction_loss': False}"
remember_response,pace_aux,2002,factorized-identity-memory--remember_response--identity,greedy,exact_neural_policy_tree,92.0,0.0,8.0,8.0,0.0,8.0,0.6,0.0,2.0,0.2780719051126377,0.27807190511263774,0.0,1.0,0.8,0.3218252528255497,0.030038106441497736,,{'2': 1.0},"{'policy_dri': True, 'active_frontier_distance': True, 'oracle_normalized_return': True, 'response_signature_accuracy': True, 'belief_calibration': True, 'partner_response_prediction_loss': False}"
remember_response,pace_aux,2002,factorized-identity-memory--remember_response--identity,stochastic,exact_neural_policy_tree,91.60263827649132,0.2052262920187032,8.192135431489982,7.999999696917121,0.1921357345728607,8.397361723508686,0.6000000151541439,0.04104525840374064,1.9999999242292803,0.2780718945777833,0.27807189457778353,0.005130657300473175,0.9668865230409432,0.7999999696917119,0.32182967799537254,0.03007898718742208,,{'2': 0.99999996211464},"{'policy_dri': True, 'active_frontier_distance': True, 'oracle_normalized_return': True, 'response_signature_accuracy': True, 'belief_calibration': True, 'partner_response_prediction_loss': False}"
remember_response,pace_aux,2003,factorized-identity-memory--remember_response--identity,greedy,exact_neural_policy_tree,92.0,0.0,8.0,8.0,0.0,8.0,0.6,0.0,2.0,0.2780719051126377,0.27807190511263774,0.0,1.0,0.8,0.32098306857099573,0.02203466668725007,,{'2': 1.0},"{'policy_dri': True, 'active_frontier_distance': True, 'oracle_normalized_return': True, 'response_signature_accuracy': True, 'belief_calibration': True, 'partner_response_prediction_loss': False}"
remember_response,pace_aux,2003,factorized-identity-memory--remember_response--identity,stochastic,exact_neural_policy_tree,91.44615212822494,0.172684003015641,8.381163868759426,8.000000747356426,0.38116312140300046,8.553847871775067,0.5999999626321787,0.0345368006031282,2.0000001868391064,0.27807193108999084,0.2780719310899909,0.004317100075431456,0.9538460106854115,0.8000000747356426,0.321012707572906,0.022291194277260673,,{'2': 1.0000000934195532},"{'policy_dri': True, 'active_frontier_distance': True, 'oracle_normalized_return': True, 'response_signature_accuracy': True, 'belief_calibration': True, 'partner_response_prediction_loss': False}"
remember_response,pace_aux,2004,factorized-identity-memory--remember_response--identity,greedy,exact_neural_policy_tree,92.0,0.0,8.0,8.0,0.0,8.0,0.6,0.0,2.0,0.2780719051126377,0.27807190511263774,0.0,1.0,0.8,0.32332345752631464,0.037978808581829115,,{'2': 1.0},"{'policy_dri': True, 'active_frontier_distance': True, 'oracle_normalized_return': True, 'response_signature_accuracy': True, 'belief_calibration': True, 'partner_response_prediction_loss': False}"
remember_response,pace_aux,2004,factorized-identity-memory--remember_response--identity,stochastic,exact_neural_policy_tree,91.40208609945283,0.2986591939725671,8.2992547065746,8.000000275890214,0.2992544306843854,8.597913900547166,0.5999999862054893,0.05973183879451343,2.0000000689725534,0.27807191470230225,0.2780719147023023,0.007466479849317364,0.9501738416210692,0.8000000275890212,0.3233243534318693,0.03797629473237607,,{'2': 1.0000000344862765},"{'policy_dri': True, 'active_frontier_distance': True, 'oracle_normalized_return': True, 'response_signature_accuracy': True, 'belief_calibration': True, 'partner_response_prediction_loss': False}"
remember_response,pace_aux,2005,factorized-identity-memory--remember_response--identity,greedy,exact_neural_policy_tree,92.0,0.0,8.0,8.0,0.0,8.0,0.6,0.0,2.0,0.2780719051126377,0.27807190511263774,0.0,1.0,0.8,0.32171856044594727,0.029313392192125365,,{'2': 1.0},"{'policy_dri': True, 'active_frontier_distance': True, 'oracle_normalized_return': True, 'response_signature_accuracy': True, 'belief_calibration': True, 'partner_response_prediction_loss': False}"
remember_response,pace_aux,2005,factorized-identity-memory--remember_response--identity,stochastic,exact_neural_policy_tree,91.60185099097656,0.1814432612821924,8.216705747741244,8.000000126352624,0.21670562138861982,8.398149009023436,0.5999999936823688,0.03628865225643848,2.000000031588156,0.2780719095045271,0.2780719095045268,0.00453608153205591,0.9668209159147132,0.8000000126352622,0.3217400963696944,0.029465036758846264,,{'2': 1.0000000157940778},"{'policy_dri': True, 'active_frontier_distance': True, 'oracle_normalized_return': True, 'response_signature_accuracy': True, 'belief_calibration': True, 'partner_response_prediction_loss': False}"
remember_response,pace_aux,2006,factorized-identity-memory--remember_response--identity,greedy,exact_neural_policy_tree,92.0,0.0,8.0,8.0,0.0,8.0,0.6,0.0,2.0,0.2780719051126377,0.27807190511263774,0.0,1.0,0.8,0.3228434062176785,0.037701561301946684,,{'2': 1.0},"{'policy_dri': True, 'active_frontier_distance': True, 'oracle_normalized_return': True, 'response_signature_accuracy': True, 'belief_calibration': True, 'partner_response_prediction_loss': False}"
remember_response,pace_aux,2006,factorized-identity-memory--remember_response--identity,stochastic,exact_neural_policy_tree,91.57308246860225,0.16825759305445784,8.258659938343294,7.999999920945616,0.25866001739767874,8.426917531397752,0.6000000039527192,0.033651518610891565,1.9999999802364037,0.2780719023647873,0.2780719023647872,0.00420643982636191,0.9644235390501876,0.7999999920945612,0.3228586984836767,0.03779310088626053,,{'2': 0.9999999901182017},"{'policy_dri': True, 'active_frontier_distance': True, 'oracle_normalized_return': True, 'response_signature_accuracy': True, 'belief_calibration': True, 'partner_response_prediction_loss': False}"
remember_response,pace_aux,2007,factorized-identity-memory--remember_response--identity,greedy,exact_neural_policy_tree,92.0,0.0,8.0,8.0,0.0,8.0,0.6,0.0,2.0,0.2780719051126377,0.27807190511263774,0.0,1.0,0.8,0.3235103164108993,0.04115715548396104,,{'2': 1.0},"{'policy_dri': True, 'active_frontier_distance': True, 'oracle_normalized_return': True, 'response_signature_accuracy': True, 'belief_calibration': True, 'partner_response_prediction_loss': False}"
remember_response,pace_aux,2007,factorized-identity-memory--remember_response--identity,stochastic,exact_neural_policy_tree,91.5974898310397,0.18051129309408728,8.22199887586621,7.999999704189341,0.22199917167686944,8.402510168960298,0.6000000147905329,0.03610225861881746,1.9999999260473353,0.2780718948305585,0.2780718948305585,0.004512782327358241,0.9664574859199746,0.7999999704189342,0.32350217488510363,0.041125039286988074,,{'2': 0.9999999630236678},"{'policy_dri': True, 'active_frontier_distance': True, 'oracle_normalized_return': True, 'response_signature_accuracy': True, 'belief_calibration': True, 'partner_response_prediction_loss': False}"
remember_response,pace_aux,2008,factorized-identity-memory--remember_response--identity,greedy,exact_neural_policy_tree,92.0,0.0,8.0,8.0,0.0,8.0,0.6,0.0,2.0,0.2780719051126377,0.27807190511263774,0.0,1.0,0.8,0.32077303401088436,0.015074080973863646,,{'2': 1.0},"{'policy_dri': True, 'active_frontier_distance': True, 'oracle_normalized_return': True, 'response_signature_accuracy': True, 'belief_calibration': True, 'partner_response_prediction_loss': False}"
remember_response,pace_aux,2008,factorized-identity-memory--remember_response--identity,stochastic,exact_neural_policy_tree,91.61344894509133,0.16580980626272546,8.220741248645941,8.00000023672209,0.22074101192385065,8.386551054908667,0.5999999881638954,0.03316196125254509,2.0000000591805227,0.2780719133408581,0.278071913340858,0.004145245156572361,0.9677874120909445,0.8000000236722089,0.32077965893364674,0.015217525582513769,,{'2': 1.0000000295902611},"{'policy_dri': True, 'active_frontier_distance': True, 'oracle_normalized_return': True, 'response_signature_accuracy': True, 'belief_calibration': True, 'partner_response_prediction_loss': False}"
remember_response,pace_aux,2009,factorized-identity-memory--remember_response--identity,greedy,exact_neural_policy_tree,92.0,0.0,8.0,8.0,0.0,8.0,0.6,0.0,2.0,0.2780719051126377,0.27807190511263774,0.0,1.0,0.8,0.32761731600345156,0.05980923324823384,,{'2': 1.0},"{'policy_dri': True, 'active_frontier_distance': True, 'oracle_normalized_return': True, 'response_signature_accuracy': True, 'belief_calibration': True, 'partner_response_prediction_loss': False}"
remember_response,pace_aux,2009,factorized-identity-memory--remember_response--identity,stochastic,exact_neural_policy_tree,91.53840149081643,0.1574552908010217,8.304143218382556,7.999999778039938,0.3041434403426182,8.461598509183577,0.600000011098003,0.03149105816020434,1.9999999445099845,0.27807189739753047,0.2780718973975306,0.003936382270029453,0.9615334575680355,0.799999977803994,0.32761089434646806,0.059807199912835673,,{'2': 0.999999972254992},"{'policy_dri': True, 'active_frontier_distance': True, 'oracle_normalized_return': True, 'response_signature_accuracy': True, 'belief_calibration': True, 'partner_response_prediction_loss': False}"
remember_response,pace_aux,2010,factorized-identity-memory--remember_response--identity,greedy,exact_neural_policy_tree,92.0,0.0,8.0,8.0,0.0,8.0,0.6,0.0,2.0,0.2780719051126377,0.27807190511263774,0.0,1.0,0.8,0.3227116257838177,0.03680378124117856,,{'2': 1.0},"{'policy_dri': True, 'active_frontier_distance': True, 'oracle_normalized_return': True, 'response_signature_accuracy': True, 'belief_calibration': True, 'partner_response_prediction_loss': False}"
remember_response,pace_aux,2010,factorized-identity-memory--remember_response--identity,stochastic,exact_neural_policy_tree,91.6284972158971,0.1548940025626635,8.216608781540236,8.000000348889417,0.21660843265081908,8.3715027841029,0.5999999825555291,0.0309788005125327,2.0000000872223542,0.27807191723968067,0.27807191723968067,0.0038723500640764105,0.9690414346580916,0.8000000348889416,0.32275130045109524,0.036946165556054344,,{'2': 1.0000000436111773},"{'policy_dri': True, 'active_frontier_distance': True, 'oracle_normalized_return': True, 'response_signature_accuracy': True, 'belief_calibration': True, 'partner_response_prediction_loss': False}"
remember_response,pace_style,2001,factorized-identity-memory--remember_response--identity,greedy,exact_neural_policy_tree,92.0,0.0,8.0,8.0,0.0,8.0,0.6,0.0,2.0,0.2780719051126377,0.27807190511263774,0.0,1.0,0.8,0.3217015313657305,0.026207785308361098,,{'2': 1.0},"{'policy_dri': True, 'active_frontier_distance': True, 'oracle_normalized_return': True, 'response_signature_accuracy': True, 'belief_calibration': True, 'partner_response_prediction_loss': False}"
remember_response,pace_style,2001,factorized-identity-memory--remember_response--identity,stochastic,exact_neural_policy_tree,91.55516389500445,0.15135465633838582,8.293481448657166,7.99999961425935,0.2934818343978165,8.444836104995552,0.6000000192870325,0.030270931267677163,1.9999999035648373,0.2780718917046828,0.2780718917046829,0.0037838664084719345,0.9629303245837045,0.7999999614259348,0.3217988230508488,0.02651750458507407,,{'2': 0.9999999517824184},"{'policy_dri': True, 'active_frontier_distance': True, 'oracle_normalized_return': True, 'response_signature_accuracy': True, 'belief_calibration': True, 'partner_response_prediction_loss': False}"
remember_response,pace_style,2002,factorized-identity-memory--remember_response--identity,greedy,exact_neural_policy_tree,92.0,0.0,8.0,8.0,0.0,8.0,0.6,0.0,2.0,0.2780719051126377,0.27807190511263774,0.0,1.0,0.8,0.3204467159114244,0.012624222040176436,,{'2': 1.0},"{'policy_dri': True, 'active_frontier_distance': True, 'oracle_normalized_return': True, 'response_signature_accuracy': True, 'belief_calibration': True, 'partner_response_prediction_loss': False}"
remember_response,pace_style,2002,factorized-identity-memory--remember_response--identity,stochastic,exact_neural_policy_tree,91.5040561637375,0.23425282190521865,8.261691014357284,8.000000224227199,0.26169079013008556,8.495943836262503,0.59999998878864,0.046850564381043736,2.0000000560567996,0.2780719129065481,0.2780719129065483,0.005856320547633149,0.9586713469781252,0.8000000224227196,0.3204635846704948,0.01270229847440052,,{'2': 1.0000000280283996},"{'policy_dri': True, 'active_frontier_distance': True, 'oracle_normalized_return': True, 'response_signature_accuracy': True, 'belief_calibration': True, 'partner_response_prediction_loss': False}"
remember_response,pace_style,2003,factorized-identity-memory--remember_response--identity,greedy,exact_neural_policy_tree,92.0,0.0,8.0,8.0,0.0,8.0,0.6,0.0,2.0,0.2780719051126377,0.27807190511263774,0.0,1.0,0.8,0.32115441001543943,0.020565654337406092,,{'2': 1.0},"{'policy_dri': True, 'active_frontier_distance': True, 'oracle_normalized_return': True, 'response_signature_accuracy': True, 'belief_calibration': True, 'partner_response_prediction_loss': False}"
remember_response,pace_style,2003,factorized-identity-memory--remember_response--identity,stochastic,exact_neural_policy_tree,91.45380258739989,0.19656535228874286,8.349632060311365,8.000000578133765,0.34963148217759965,8.546197412600108,0.5999999710933117,0.03931307045774857,2.0000001445334417,0.2780719252079824,0.27807192520798235,0.004914133807239826,0.954483548949991,0.8000000578133767,0.32120485912959396,0.020837397258839818,,{'2': 1.0000000722667206},"{'policy_dri': True, 'active_frontier_distance': True, 'oracle_normalized_return': True, 'response_signature_accuracy': True, 'belief_calibration': True, 'partner_response_prediction_loss': False}"
remember_response,pace_style,2004,factorized-identity-memory--remember_response--identity,greedy,exact_neural_policy_tree,92.0,0.0,8.0,8.0,0.0,8.0,0.6,0.0,2.0,0.2780719051126377,0.27807190511263774,0.0,1.0,0.8,0.32252609450636394,0.02677814662456518,,{'2': 1.0},"{'policy_dri': True, 'active_frontier_distance': True, 'oracle_normalized_return': True, 'response_signature_accuracy': True, 'belief_calibration': True, 'partner_response_prediction_loss': False}"
remember_response,pace_style,2004,factorized-identity-memory--remember_response--identity,stochastic,exact_neural_policy_tree,91.26169288918899,0.3274916979481163,8.410815412862888,7.9999998794229965,0.41081553343989174,8.738307110811004,0.6000000060288502,0.06549833958962326,1.9999999698557491,0.2780719009215028,0.27807190092150297,0.008187292448703462,0.9384744074324161,0.7999999879422997,0.32273377844970375,0.027933199967505318,,{'2': 0.9999999849278749},"{'policy_dri': True, 'active_frontier_distance': True, 'oracle_normalized_return': True, 'response_signature_accuracy': True, 'belief_calibration': True, 'partner_response_prediction_loss': False}"
remember_response,pace_style,2005,factorized-identity-memory--remember_response--identity,greedy,exact_neural_policy_tree,92.0,0.0,8.0,8.0,0.0,8.0,0.6,0.0,2.0,0.2780719051126377,0.27807190511263774,0.0,1.0,0.8,0.3200318740121439,0.0039817273616790105,,{'2': 1.0},"{'policy_dri': True, 'active_frontier_distance': True, 'oracle_normalized_return': True, 'response_signature_accuracy': True, 'belief_calibration': True, 'partner_response_prediction_loss': False}"
remember_response,pace_style,2005,factorized-identity-memory--remember_response--identity,stochastic,exact_neural_policy_tree,91.59952352702697,0.161871956657239,8.238604516315783,8.000000313427085,0.23860420288869832,8.400476472973022,0.5999999843286458,0.0323743913314478,2.0000000783567713,0.27807191600704595,0.2780719160070461,0.004046798916438561,0.9666269605855812,0.8000000313427085,0.3200367661302477,0.004090537059644128,,{'2': 1.0000000391783856},"{'policy_dri': True, 'active_frontier_distance': True, 'oracle_normalized_return': True, 'response_signature_accuracy': True, 'belief_calibration': True, 'partner_response_prediction_loss': False}"
remember_response,pace_style,2006,factorized-identity-memory--remember_response--identity,greedy,exact_neural_policy_tree,92.0,0.0,8.0,8.0,0.0,8.0,0.6,0.0,2.0,0.2780719051126377,0.27807190511263774,0.0,1.0,0.8,0.3205218146658093,0.015949214994907313,,{'2': 1.0},"{'policy_dri': True, 'active_frontier_distance': True, 'oracle_normalized_return': True, 'response_signature_accuracy': True, 'belief_calibration': True, 'partner_response_prediction_loss': False}"
remember_response,pace_style,2006,factorized-identity-memory--remember_response--identity,stochastic,exact_neural_policy_tree,91.50296762921445,0.20309895267565783,8.293933418109884,8.000000498129657,0.29393291998022697,8.497032370785542,0.5999999750935172,0.04061979053513156,2.0000001245324146,0.27807192242712064,0.2780719224271206,0.0050774738169067175,0.9585806357678711,0.8000000498129659,0.320538991772532,0.016182750348931685,,{'2': 1.000000062266207},"{'policy_dri': True, 'active_frontier_distance': True, 'oracle_normalized_return': True, 'response_signature_accuracy': True, 'belief_calibration': True, 'partner_response_prediction_loss': False}"
remember_response,pace_style,2007,factorized-identity-memory--remember_response--identity,greedy,exact_neural_policy_tree,92.0,0.0,8.0,8.0,0.0,8.0,0.6,0.0,2.0,0.2780719051126377,0.27807190511263774,0.0,1.0,0.8,0.3217287423594841,0.026193398237228327,,{'2': 1.0},"{'policy_dri': True, 'active_frontier_distance': True, 'oracle_normalized_return': True, 'response_signature_accuracy': True, 'belief_calibration': True, 'partner_response_prediction_loss': False}"
remember_response,pace_style,2007,factorized-identity-memory--remember_response--identity,stochastic,exact_neural_policy_tree,91.57536935083552,0.22903362123760346,8.195597027926887,7.9999999615249955,0.19559706640189134,8.42463064916449,0.6000000019237502,0.04580672424752069,1.999999990381249,0.27807190377528557,0.2780719037752854,0.005725840530940168,0.9646141125696263,0.7999999961524996,0.32173259316105585,0.0263228037616956,,{'2': 0.9999999951906244},"{'policy_dri': True, 'active_frontier_distance': True, 'oracle_normalized_return': True, 'response_signature_accuracy': True, 'belief_calibration': True, 'partner_response_prediction_loss': False}"
remember_response,pace_style,2008,factorized-identity-memory--remember_response--identity,greedy,exact_neural_policy_tree,92.0,0.0,8.0,8.0,0.0,8.0,0.6,0.0,2.0,0.2780719051126377,0.27807190511263774,0.0,1.0,0.8,0.32025962902422556,0.008251242339611053,,{'2': 1.0},"{'policy_dri': True, 'active_frontier_distance': True, 'oracle_normalized_return': True, 'response_signature_accuracy': True, 'belief_calibration': True, 'partner_response_prediction_loss': False}"
remember_response,pace_style,2008,factorized-identity-memory--remember_response--identity,stochastic,exact_neural_policy_tree,91.5039373332516,0.18008730718581384,8.315975359562582,7.999999956804053,0.31597540275852953,8.496062666748395,0.6000000021597973,0.036017461437162765,1.9999999892010134,0.27807190361119005,0.27807190361119033,0.004502182679645475,0.9586614444376332,0.7999999956804054,0.320264963774195,0.008352690445909416,,{'2': 0.9999999946005065},"{'policy_dri': True, 'active_frontier_distance': True, 'oracle_normalized_return': True, 'response_signature_accuracy': True, 'belief_calibration': True, 'partner_response_prediction_loss': False}"
remember_response,pace_style,2009,factorized-identity-memory--remember_response--identity,greedy,exact_neural_policy_tree,92.0,0.0,8.0,8.0,0.0,8.0,0.6,0.0,2.0,0.2780719051126377,0.27807190511263774,0.0,1.0,0.8,0.32428972395027106,0.04631243571639054,,{'2': 1.0},"{'policy_dri': True, 'active_frontier_distance': True, 'oracle_normalized_return': True, 'response_signature_accuracy': True, 'belief_calibration': True, 'partner_response_prediction_loss': False}"
remember_response,pace_style,2009,factorized-identity-memory--remember_response--identity,stochastic,exact_neural_policy_tree,91.55572400996554,0.18407833208304197,8.26019765795141,7.999999815655568,0.26019784229584264,8.444275990034452,0.6000000092172216,0.0368156664166084,1.9999999539138922,0.2780718987050116,0.2780718987050116,0.004601958302078357,0.962977000830462,0.7999999815655569,0.3242998895681272,0.04635802286002444,,{'2': 0.9999999769569459},"{'policy_dri': True, 'active_frontier_distance': True, 'oracle_normalized_return': True, 'response_signature_accuracy': True, 'belief_calibration': True, 'partner_response_prediction_loss': False}"
remember_response,pace_style,2010,factorized-identity-memory--remember_response--identity,greedy,exact_neural_policy_tree,92.0,0.0,8.0,8.0,0.0,8.0,0.6,0.0,2.0,0.2780719051126377,0.27807190511263774,0.0,1.0,0.8,0.32203905628979834,0.03111280426383012,,{'2': 1.0},"{'policy_dri': True, 'active_frontier_distance': True, 'oracle_normalized_return': True, 'response_signature_accuracy': True, 'belief_calibration': True, 'partner_response_prediction_loss': False}"
remember_response,pace_style,2010,factorized-identity-memory--remember_response--identity,stochastic,exact_neural_policy_tree,91.5424369735207,0.17679677946871553,8.28076624701059,8.000000219829149,0.28076602718144095,8.457563026479304,0.5999999890085426,0.0353593558937431,2.000000054957287,0.2780719127536765,0.2780719127536764,0.004419919486721304,0.9618697477933912,0.800000021982915,0.3220912340657819,0.03135504928565058,,{'2': 1.0000000274786438},"{'policy_dri': True, 'active_frontier_distance': True, 'oracle_normalized_return': True, 'response_signature_accuracy': True, 'belief_calibration': True, 'partner_response_prediction_loss': False}"
remember_response,talents_style,2001,factorized-identity-memory--remember_response--identity,greedy,exact_neural_policy_tree,92.0,0.0,8.0,8.0,0.0,8.0,0.6,0.0,2.0,0.2780719051126377,0.27807190511263774,0.0,1.0,0.5,0.5149997144117053,0.0676313042640686,0.0036122476449236274,{'2': 1.0},"{'policy_dri': True, 'active_frontier_distance': True, 'oracle_normalized_return': True, 'response_signature_accuracy': True, 'belief_calibration': True, 'partner_response_prediction_loss': True}"
remember_response,talents_style,2001,factorized-identity-memory--remember_response--identity,stochastic,exact_neural_policy_tree,91.11858858522557,0.18578795698863645,8.695623457785791,8.000000489800403,0.695622967985388,8.881411414774428,0.5999999755099799,0.037157591397727285,2.0000001224501007,0.2780719221376041,0.2780719221376041,0.004644698924732053,0.9265490487687972,0.5000000309325394,0.5150942978979044,0.06768138281099834,0.0036041524231745625,{'2': 1.0000000612250504},"{'policy_dri': True, 'active_frontier_distance': True, 'oracle_normalized_return': True, 'response_signature_accuracy': True, 'belief_calibration': True, 'partner_response_prediction_loss': True}"
remember_response,talents_style,2002,factorized-identity-memory--remember_response--identity,greedy,exact_neural_policy_tree,92.0,0.0,8.0,8.0,0.0,8.0,0.6,0.0,2.0,0.2780719051126377,0.27807190511263774,0.0,1.0,0.8,0.3751225853162592,0.16371180415153508,0.0036723766243085265,{'2': 1.0},"{'policy_dri': True, 'active_frontier_distance': True, 'oracle_normalized_return': True, 'response_signature_accuracy': True, 'belief_calibration': True, 'partner_response_prediction_loss': True}"
remember_response,talents_style,2002,factorized-identity-memory--remember_response--identity,stochastic,exact_neural_policy_tree,91.28867831666803,0.1489577383957276,8.56236394493624,8.000000662594871,0.5623632823413693,8.711321683331969,0.5999999668702565,0.02979154767914552,2.000000165648718,0.278071928143765,0.27807192814376486,0.003723943459930032,0.9407231930556689,0.8000000662594872,0.37516293637019155,0.1637733185263176,0.0036704764247477845,{'2': 1.000000082824359},"{'policy_dri': True, 'active_frontier_distance': True, 'oracle_normalized_return': True, 'response_signature_accuracy': True, 'belief_calibration': True, 'partner_response_prediction_loss': True}"
remember_response,talents_style,2003,factorized-identity-memory--remember_response--identity,greedy,exact_neural_policy_tree,92.0,0.0,8.0,8.0,0.0,8.0,0.6,0.0,2.0,0.2780719051126377,0.27807190511263774,0.0,1.0,0.5,0.4995083466430208,0.012282997369766235,0.0038792818086221814,{'2': 1.0},"{'policy_dri': True, 'active_frontier_distance': True, 'oracle_normalized_return': True, 'response_signature_accuracy': True, 'belief_calibration': True, 'partner_response_prediction_loss': True}"
remember_response,talents_style,2003,factorized-identity-memory--remember_response--identity,stochastic,exact_neural_policy_tree,91.204969557556,0.21534024297803253,8.579690199465965,7.999999970929588,0.5796902285363768,8.795030442443997,0.6000000014535206,0.04306804859560651,1.999999992732397,0.27807190410217947,0.2780719041021797,0.005383506074450863,0.9337474631296665,0.49999999431778497,0.49949019501152475,0.01226948050011728,0.0038806268716437236,{'2': 0.9999999963661984},"{'policy_dri': True, 'active_frontier_distance': True, 'oracle_normalized_return': True, 'response_signature_accuracy': True, 'belief_calibration': True, 'partner_response_prediction_loss': True}"
remember_response,talents_style,2004,factorized-identity-memory--remember_response--identity,greedy,exact_neural_policy_tree,92.0,0.0,8.0,8.0,0.0,8.0,0.6,0.0,2.0,0.2780719051126377,0.27807190511263774,0.0,1.0,0.5,0.47401223875412246,0.03332945704460144,0.00408564112149179,{'2': 1.0},"{'policy_dri': True, 'active_frontier_distance': True, 'oracle_normalized_return': True, 'response_signature_accuracy': True, 'belief_calibration': True, 'partner_response_prediction_loss': True}"
remember_response,talents_style,2004,factorized-identity-memory--remember_response--identity,stochastic,exact_neural_policy_tree,91.39153660999287,0.13558242028077613,8.472880969726361,7.999999597441953,0.47288137228440874,8.608463390007138,0.6000000201279023,0.027116484056155226,1.999999899360488,0.2780718911201273,0.27807189112012703,0.0033895605070343436,0.9492947174994057,0.4999999667546181,0.47400412020612226,0.03329488838707856,0.0040931466960689175,{'2': 0.9999999496802441},"{'policy_dri': True, 'active_frontier_distance': True, 'oracle_normalized_return': True, 'response_signature_accuracy': True, 'belief_calibration': True, 'partner_response_prediction_loss': True}"
remember_response,talents_style,2005,factorized-identity-memory--remember_response--identity,greedy,exact_neural_policy_tree,92.0,0.0,8.0,8.0,0.0,8.0,0.6,0.0,2.0,0.2780719051126377,0.27807190511263774,0.0,1.0,0.2,0.8047829536079623,0.49171240925788884,0.003333723987452686,{'2': 1.0},"{'policy_dri': True, 'active_frontier_distance': True, 'oracle_normalized_return': True, 'response_signature_accuracy': True, 'belief_calibration': True, 'partner_response_prediction_loss': True}"
remember_response,talents_style,2005,factorized-identity-memory--remember_response--identity,stochastic,exact_neural_policy_tree,91.27775195060885,0.14115668898986974,8.581091360401286,8.000000143000419,0.5810912174008678,8.722248049391156,0.5999999928499791,0.02823133779797395,2.0000000357501047,0.2780719100831875,0.27807191008318766,0.0035289172247485543,0.9398126625507371,0.2000000035750105,0.8047363641520503,0.49168780209641616,0.003329752555084608,{'2': 1.0000000178750523},"{'policy_dri': True, 'active_frontier_distance': True, 'oracle_normalized_return': True, 'response_signature_accuracy': True, 'belief_calibration': True, 'partner_response_prediction_loss': True}"
remember_response,talents_style,2006,factorized-identity-memory--remember_response--identity,greedy,exact_neural_policy_tree,92.0,0.0,8.0,8.0,0.0,8.0,0.6,0.0,2.0,0.2780719051126377,0.27807190511263774,0.0,1.0,0.2,0.6693862230311316,0.4129496097564697,0.0036965053295716643,{'2': 1.0},"{'policy_dri': True, 'active_frontier_distance': True, 'oracle_normalized_return': True, 'response_signature_accuracy': True, 'belief_calibration': True, 'partner_response_prediction_loss': True}"
remember_response,talents_style,2006,factorized-identity-memory--remember_response--identity,stochastic,exact_neural_policy_tree,91.17650179882995,0.19849359600956965,8.62500460516048,7.999999825650804,0.6250047795096769,8.82349820117005,0.6000000087174598,0.03969871920191393,1.999999956412701,0.2780718990524361,0.278071899052436,0.0049623399002411556,0.9313751499024955,0.19999999564127002,0.6690680419113049,0.412749397103009,0.0036954438411854204,{'2': 0.9999999782063506},"{'policy_dri': True, 'active_frontier_distance': True, 'oracle_normalized_return': True, 'response_signature_accuracy': True, 'belief_calibration': True, 'partner_response_prediction_loss': True}"
remember_response,talents_style,2007,factorized-identity-memory--remember_response--identity,greedy,exact_neural_policy_tree,92.0,0.0,8.0,8.0,0.0,8.0,0.6,0.0,2.0,0.2780719051126377,0.27807190511263774,0.0,1.0,0.2,0.6821730500313086,0.42462267279624943,0.003581081982702017,{'2': 1.0},"{'policy_dri': True, 'active_frontier_distance': True, 'oracle_normalized_return': True, 'response_signature_accuracy': True, 'belief_calibration': True, 'partner_response_prediction_loss': True}"
remember_response,talents_style,2007,factorized-identity-memory--remember_response--identity,stochastic,exact_neural_policy_tree,91.1334857178887,0.15025374108008058,8.71626054103121,7.999999902377723,0.7162606386534867,8.86651428211129,0.6000000048811138,0.030050748216016113,1.9999999755944309,0.2780719017193861,0.27807190171938606,0.0037563435270028074,0.9277904764907253,0.19999999755944314,0.6821135659065517,0.42457280245016227,0.003580457795539642,{'2': 0.9999999877972152},"{'policy_dri': True, 'active_frontier_distance': True, 'oracle_normalized_return': True, 'response_signature_accuracy': True, 'belief_calibration': True, 'partner_response_prediction_loss': True}"
remember_response,talents_style,2008,factorized-identity-memory--remember_response--identity,greedy,exact_neural_policy_tree,92.0,0.0,8.0,8.0,0.0,8.0,0.6,0.0,2.0,0.2780719051126377,0.27807190511263774,0.0,1.0,0.8,0.48552508284725115,0.28763218522071843,0.0031378602143377066,{'2': 1.0},"{'policy_dri': True, 'active_frontier_distance': True, 'oracle_normalized_return': True, 'response_signature_accuracy': True, 'belief_calibration': True, 'partner_response_prediction_loss': True}"
remember_response,talents_style,2008,factorized-identity-memory--remember_response--identity,stochastic,exact_neural_policy_tree,91.09361592973613,0.22187342918914146,8.68451064107473,7.999999680935814,0.6845109601389163,8.906384070263872,0.6000000159532093,0.04437468583782829,1.9999999202339533,0.2780718940222895,0.27807189402228927,0.005546835729734271,0.9244679941446776,0.7999999680935813,0.4855736181822844,0.28767230267929,0.0031399893996699748,{'2': 0.9999999601169769},"{'policy_dri': True, 'active_frontier_distance': True, 'oracle_normalized_return': True, 'response_signature_accuracy': True, 'belief_calibration': True, 'partner_response_prediction_loss': True}"
remember_response,talents_style,2009,factorized-identity-memory--remember_response--identity,greedy,exact_neural_policy_tree,92.0,0.0,8.0,8.0,0.0,8.0,0.6,0.0,2.0,0.2780719051126377,0.27807190511263774,0.0,1.0,0.2,0.5424603423970618,0.3334142446517944,0.003948707832023501,{'2': 1.0},"{'policy_dri': True, 'active_frontier_distance': True, 'oracle_normalized_return': True, 'response_signature_accuracy': True, 'belief_calibration': True, 'partner_response_prediction_loss': True}"
remember_response,talents_style,2009,factorized-identity-memory--remember_response--identity,stochastic,exact_neural_policy_tree,91.33870329203782,0.16644723442119858,8.494849473540977,7.99999998522285,0.4948494883181276,8.661296707962176,0.6000000007388575,0.033289446884239716,1.9999999963057127,0.278071904598999,0.2780719045989989,0.004161180860529981,0.9448919410031517,0.1999999996305713,0.5424176150294038,0.33338214636820174,0.003952234828909715,{'2': 0.9999999981528559},"{'policy_dri': True, 'active_frontier_distance': True, 'oracle_normalized_return': True, 'response_signature_accuracy': True, 'belief_calibration': True, 'partner_response_prediction_loss': True}"
remember_response,talents_style,2010,factorized-identity-memory--remember_response--identity,greedy,exact_neural_policy_tree,92.0,0.0,8.0,8.0,0.0,8.0,0.6,0.0,2.0,0.2780719051126377,0.27807190511263774,0.0,1.0,0.8,0.323885470571988,0.040504354238510065,0.0024818640667945147,{'2': 1.0},"{'policy_dri': True, 'active_frontier_distance': True, 'oracle_normalized_return': True, 'response_signature_accuracy': True, 'belief_calibration': True, 'partner_response_prediction_loss': True}"
remember_response,talents_style,2010,factorized-identity-memory--remember_response--identity,stochastic,exact_neural_policy_tree,91.20070566732599,0.24431641735351123,8.554977915320498,8.00000005431313,0.5549778610073677,8.799294332674009,0.5999999972843435,0.04886328347070225,2.0000000135782825,0.27807190700050716,0.2780719070005071,0.006107910433837932,0.9333921389438325,0.800000005431313,0.32392066915985923,0.040667207332696576,0.002477545766648582,{'2': 1.0000000067891415},"{'policy_dri': True, 'active_frontier_distance': True, 'oracle_normalized_return': True, 'response_signature_accuracy': True, 'belief_calibration': True, 'partner_response_prediction_loss': True}"
remember_response,tom_selector_style,2001,factorized-identity-memory--remember_response--identity,greedy,exact_neural_policy_tree,92.0,0.0,8.0,8.0,0.0,8.0,0.6,0.0,2.0,0.2780719051126377,0.27807190511263774,0.0,1.0,0.2,0.5000948930063266,0.30007906556129454,0.0011776355386245996,{'2': 1.0},"{'policy_dri': True, 'active_frontier_distance': True, 'oracle_normalized_return': True, 'response_signature_accuracy': True, 'belief_calibration': True, 'partner_response_prediction_loss': True}"
remember_response,tom_selector_style,2001,factorized-identity-memory--remember_response--identity,stochastic,exact_neural_policy_tree,90.8246152177717,0.0006442678352411437,9.174740514393068,8.000000070492002,1.174740443901067,9.17538478222831,0.5999999964753999,0.00012885356704822875,2.0000000176230004,0.27807190756286837,0.27807190756286826,1.6106695977438852e-05,0.9020512681476411,0.2000000017623001,0.5000948976629955,0.300079068412865,0.001177622560181359,{'2': 1.0000000088115004},"{'policy_dri': True, 'active_frontier_distance': True, 'oracle_normalized_return': True, 'response_signature_accuracy': True, 'belief_calibration': True, 'partner_response_prediction_loss': True}"
remember_response,tom_selector_style,2002,factorized-identity-memory--remember_response--identity,greedy,exact_neural_policy_tree,92.0,0.0,8.0,8.0,0.0,8.0,0.6,0.0,2.0,0.2780719051126377,0.27807190511263774,0.0,1.0,0.2,0.500455402740595,0.30037914514541625,0.002218696608906612,{'2': 1.0},"{'policy_dri': True, 'active_frontier_distance': True, 'oracle_normalized_return': True, 'response_signature_accuracy': True, 'belief_calibration': True, 'partner_response_prediction_loss': True}"
remember_response,tom_selector_style,2002,factorized-identity-memory--remember_response--identity,stochastic,exact_neural_policy_tree,90.24582383709009,0.000529573255706089,9.7536465896542,7.9999996199385,1.7536469697157004,9.754176162909907,0.600000019003075,0.0001059146511412178,1.9999999049846253,0.27807189190208437,0.2780718919020844,1.3239334802159871e-05,0.8538186530908405,0.1999999904984625,0.5004553769477099,0.30037912919399,0.00221869353386597,{'2': 0.9999999524923125},"{'policy_dri': True, 'active_frontier_distance': True, 'oracle_normalized_return': True, 'response_signature_accuracy': True, 'belief_calibration': True, 'partner_response_prediction_loss': True}"
remember_response,tom_selector_style,2003,factorized-identity-memory--remember_response--identity,greedy,exact_neural_policy_tree,92.0,0.0,8.0,8.0,0.0,8.0,0.6,0.0,2.0,0.2780719051126377,0.27807190511263774,0.0,1.0,0.2,0.5001673847800892,0.300139445066452,0.0019544246315490454,{'2': 1.0},"{'policy_dri': True, 'active_frontier_distance': True, 'oracle_normalized_return': True, 'response_signature_accuracy': True, 'belief_calibration': True, 'partner_response_prediction_loss': True}"
remember_response,tom_selector_style,2003,factorized-identity-memory--remember_response--identity,stochastic,exact_neural_policy_tree,90.37863073211693,0.00039964458755712855,9.620969623295514,7.999999754273292,1.6209698690222218,9.62136926788307,0.6000000122863354,7.99289175114257e-05,1.999999938568323,0.2780718965714257,0.278071896571426,9.991116577531602e-06,0.8648858943430776,0.19999999385683237,0.5001673697282708,0.3001394361061306,0.001954409985318122,{'2': 0.9999999692841611},"{'policy_dri': True, 'active_frontier_distance': True, 'oracle_normalized_return': True, 'response_signature_accuracy': True, 'belief_calibration': True, 'partner_response_prediction_loss': True}"
remember_response,tom_selector_style,2004,factorized-identity-memory--remember_response--identity,greedy,exact_neural_policy_tree,92.0,0.0,8.0,8.0,0.0,8.0,0.6,0.0,2.0,0.2780719051126377,0.27807190511263774,0.0,1.0,0.5,0.5002719695854674,0.0003712177276611328,0.0011290480033494532,{'2': 1.0},"{'policy_dri': True, 'active_frontier_distance': True, 'oracle_normalized_return': True, 'response_signature_accuracy': True, 'belief_calibration': True, 'partner_response_prediction_loss': True}"
remember_response,tom_selector_style,2004,factorized-identity-memory--remember_response--identity,stochastic,exact_neural_policy_tree,80.4246439132173,0.016905131459751775,19.558450955322957,8.000000218179933,11.558450737143025,19.57535608678271,0.5999999890910034,0.003381026291950355,2.0000000545449828,0.27807191269635134,0.2780719126963512,0.0004226282865289926,0.03538699276810794,0.500000009196126,0.500272006048539,0.00037128374710226897,0.0011289978773254383,{'2': 1.0000000272724914},"{'policy_dri': True, 'active_frontier_distance': True, 'oracle_normalized_return': True, 'response_signature_accuracy': True, 'belief_calibration': True, 'partner_response_prediction_loss': True}"
remember_response,tom_selector_style,2005,factorized-identity-memory--remember_response--identity,greedy,exact_neural_policy_tree,92.0,0.0,8.0,8.0,0.0,8.0,0.6,0.0,2.0,0.2780719051126377,0.27807190511263774,0.0,1.0,0.2,0.5001142044982885,0.3000951588153839,0.0014398402418009937,{'2': 1.0},"{'policy_dri': True, 'active_frontier_distance': True, 'oracle_normalized_return': True, 'response_signature_accuracy': True, 'belief_calibration': True, 'partner_response_prediction_loss': True}"
remember_response,tom_selector_style,2005,factorized-identity-memory--remember_response--identity,stochastic,exact_neural_policy_tree,90.34140623013938,0.0005755498066293924,9.658018220053984,7.999999302513163,1.6580189175408213,9.658593769860614,0.6000000348743418,0.00011510996132587846,1.999999825628291,0.27807188086870105,0.27807188086870094,1.4388755731451795e-05,0.8617838525116154,0.19999998256282905,0.5001141604246326,0.3000951322566369,0.0014398314165887868,{'2': 0.9999999128141452},"{'policy_dri': True, 'active_frontier_distance': True, 'oracle_normalized_return': True, 'response_signature_accuracy': True, 'belief_calibration': True, 'partner_response_prediction_loss': True}"
remember_response,tom_selector_style,2006,factorized-identity-memory--remember_response--identity,greedy,exact_neural_policy_tree,92.0,0.0,8.0,8.0,0.0,8.0,0.6,0.0,2.0,0.2780719051126377,0.27807190511263774,0.0,1.0,0.2,0.5000754857598314,0.3000629127025604,0.0023463224060833454,{'2': 1.0},"{'policy_dri': True, 'active_frontier_distance': True, 'oracle_normalized_return': True, 'response_signature_accuracy': True, 'belief_calibration': True, 'partner_response_prediction_loss': True}"
remember_response,tom_selector_style,2006,factorized-identity-memory--remember_response--identity,stochastic,exact_neural_policy_tree,80.3638852262475,0.025311405393311295,19.610803368359186,7.999999752320415,11.61080361603877,19.636114773752496,0.6000000123839793,0.00506228107866226,1.9999999380801035,0.2780718965035458,0.27807189650354575,0.0006327851348630776,0.030323768853958672,0.19999999380801037,0.500075451266637,0.3000628874211091,0.0023458678396550926,{'2': 0.9999999690400518},"{'policy_dri': True, 'active_frontier_distance': True, 'oracle_normalized_return': True, 'response_signature_accuracy': True, 'belief_calibration': True, 'partner_response_prediction_loss': True}"
remember_response,tom_selector_style,2007,factorized-identity-memory--remember_response--identity,greedy,exact_neural_policy_tree,92.0,0.0,8.0,8.0,0.0,8.0,0.6,0.0,2.0,0.2780719051126377,0.27807190511263774,0.0,1.0,0.2,0.5000825864305206,0.3000688135623932,0.0006251163431443274,{'2': 1.0},"{'policy_dri': True, 'active_frontier_distance': True, 'oracle_normalized_return': True, 'response_signature_accuracy': True, 'belief_calibration': True, 'partner_response_prediction_loss': True}"
remember_response,tom_selector_style,2007,factorized-identity-memory--remember_response--identity,stochastic,exact_neural_policy_tree,80.68387678556493,0.0020843094951948594,19.31403890493987,8.000000372944998,11.314038531994873,19.316123214435066,0.5999999813527501,0.00041686189903897194,2.0000000932362494,0.27807191807582843,0.2780719180758285,5.2107738214008464e-05,0.05698973213041114,0.20000000932362497,0.5000826088002857,0.3000688267683609,0.0006251125937245019,{'2': 1.0000000466181247},"{'policy_dri': True, 'active_frontier_distance': True, 'oracle_normalized_return': True, 'response_signature_accuracy': True, 'belief_calibration': True, 'partner_response_prediction_loss': True}"
remember_response,tom_selector_style,2008,factorized-identity-memory--remember_response--identity,greedy,exact_neural_policy_tree,92.0,0.0,8.0,8.0,0.0,8.0,0.6,0.0,2.0,0.2780719051126377,0.27807190511263774,0.0,1.0,0.5,0.500086916439041,0.0002778470516204834,0.0016831880202516916,{'2': 1.0},"{'policy_dri': True, 'active_frontier_distance': True, 'oracle_normalized_return': True, 'response_signature_accuracy': True, 'belief_calibration': True, 'partner_response_prediction_loss': True}"
remember_response,tom_selector_style,2008,factorized-identity-memory--remember_response--identity,stochastic,exact_neural_policy_tree,80.40031334028043,0.02388024738252531,19.575806412337037,8.000000148442261,11.575806263894776,19.599686659719563,0.5999999925778869,0.004776049476505062,2.0000000371105653,0.27807191027234046,0.2780719102723404,0.0005970061845746669,0.03335944502336948,0.5000000092562906,0.5000868747719535,0.00027781519456104853,0.0016828412875429005,{'2': 1.0000000185552824},"{'policy_dri': True, 'active_frontier_distance': True, 'oracle_normalized_return': True, 'response_signature_accuracy': True, 'belief_calibration': True, 'partner_response_prediction_loss': True}"
remember_response,tom_selector_style,2009,factorized-identity-memory--remember_response--identity,greedy,exact_neural_policy_tree,92.0,0.0,8.0,8.0,0.0,8.0,0.6,0.0,2.0,0.2780719051126377,0.27807190511263774,0.0,1.0,0.5,0.5000039270333803,3.2007694244384766e-05,0.0006372683565132321,{'2': 1.0},"{'policy_dri': True, 'active_frontier_distance': True, 'oracle_normalized_return': True, 'response_signature_accuracy': True, 'belief_calibration': True, 'partner_response_prediction_loss': True}"
remember_response,tom_selector_style,2009,factorized-identity-memory--remember_response--identity,stochastic,exact_neural_policy_tree,80.9535687736238,0.001518091157777235,19.044913135218415,7.999999937368558,11.044913197849858,19.046431226376193,0.6000000031315722,0.000303618231555447,1.9999999843421394,0.2780719029356321,0.278071902935632,3.795227897673046e-05,0.07946406446865002,0.49999998714755284,0.5000039230738988,3.201677684994131e-05,0.0006372658058329286,{'2': 0.9999999921710698},"{'policy_dri': True, 'active_frontier_distance': True, 'oracle_normalized_return': True, 'response_signature_accuracy': True, 'belief_calibration': True, 'partner_response_prediction_loss': True}"
remember_response,tom_selector_style,2010,factorized-identity-memory--remember_response--identity,greedy,exact_neural_policy_tree,92.0,0.0,8.0,8.0,0.0,8.0,0.6,0.0,2.0,0.2780719051126377,0.27807190511263774,0.0,1.0,0.2,0.5000552221734381,0.3000460147857666,0.0020402099471539263,{'2': 1.0},"{'policy_dri': True, 'active_frontier_distance': True, 'oracle_normalized_return': True, 'response_signature_accuracy': True, 'belief_calibration': True, 'partner_response_prediction_loss': True}"
remember_response,tom_selector_style,2010,factorized-identity-memory--remember_response--identity,stochastic,exact_neural_policy_tree,80.41441630059214,0.022970759994410256,19.562612939413444,8.000000871170288,11.562612068243157,19.585583699407856,0.5999999564414856,0.004594151998882051,2.000000217792572,0.2780719353936354,0.27807193539363545,0.0005742690002732475,0.03453469171601142,0.2000000217792572,0.5000552986057235,0.3000460658063128,0.0020402861920411296,{'2': 1.0000001088962858},"{'policy_dri': True, 'active_frontier_distance': True, 'oracle_normalized_return': True, 'response_signature_accuracy': True, 'belief_calibration': True, 'partner_response_prediction_loss': True}"
remember_subtype,mlp_ppo,2001,factorized-identity-memory--remember_subtype--identity,greedy,exact_neural_policy_tree,80.0,0.0,20.0,20.0,0.0,20.0,0.0,0.0,2.0,0.2780719051126377,0.0,0.0,,,,,,{'2': 1.0},"{'policy_dri': True, 'active_frontier_distance': True, 'oracle_normalized_return': False, 'response_signature_accuracy': False, 'belief_calibration': False, 'partner_response_prediction_loss': False}"
remember_subtype,mlp_ppo,2001,factorized-identity-memory--remember_subtype--identity,stochastic,exact_neural_policy_tree,79.72442877588955,0.2755702555349543,20.00000096857549,20.000000968575495,-7.105427357601002e-15,20.275571224110443,-4.84287747681833e-08,0.05511405110699086,2.000000096857549,0.27807191857931923,0.0,0.006889256388416412,,,,,,{'2': 1.0000000484287745},"{'policy_dri': True, 'active_frontier_distance': True, 'oracle_normalized_return': False, 'response_signature_accuracy': False, 'belief_calibration': False, 'partner_response_prediction_loss': False}"
remember_subtype,mlp_ppo,2002,factorized-identity-memory--remember_subtype--identity,greedy,exact_neural_policy_tree,80.0,0.0,20.0,20.0,0.0,20.0,0.0,0.0,2.0,0.2780719051126377,0.0,0.0,,,,,,{'2': 1.0},"{'policy_dri': True, 'active_frontier_distance': True, 'oracle_normalized_return': False, 'response_signature_accuracy': False, 'belief_calibration': False, 'partner_response_prediction_loss': False}"
remember_subtype,mlp_ppo,2002,factorized-identity-memory--remember_subtype--identity,stochastic,exact_neural_policy_tree,79.78315437858839,0.2168456959174364,19.99999992549418,19.99999992549418,0.0,20.216845621411615,3.72529100900465e-09,0.04336913918348728,1.9999999925494178,0.27807190407673876,0.0,0.00542114239793623,,,,,,{'2': 0.9999999962747089},"{'policy_dri': True, 'active_frontier_distance': True, 'oracle_normalized_return': False, 'response_signature_accuracy': False, 'belief_calibration': False, 'partner_response_prediction_loss': False}"
remember_subtype,mlp_ppo,2003,factorized-identity-memory--remember_subtype--identity,greedy,exact_neural_policy_tree,80.0,0.0,20.0,20.0,0.0,20.0,0.0,0.0,2.0,0.2780719051126377,0.0,0.0,,,,,,{'2': 1.0},"{'policy_dri': True, 'active_frontier_distance': True, 'oracle_normalized_return': False, 'response_signature_accuracy': False, 'belief_calibration': False, 'partner_response_prediction_loss': False}"
remember_subtype,mlp_ppo,2003,factorized-identity-memory--remember_subtype--identity,stochastic,exact_neural_policy_tree,79.77630668721761,0.2236942068520653,19.999999105930314,19.999999105930314,0.0,20.22369331278238,4.47034842920857e-08,0.04473884137041306,1.9999999105930313,0.2780718926818547,0.0,0.005592355171346301,,,,,,{'2': 0.9999999552965156},"{'policy_dri': True, 'active_frontier_distance': True, 'oracle_normalized_return': False, 'response_signature_accuracy': False, 'belief_calibration': False, 'partner_response_prediction_loss': False}"
remember_subtype,mlp_ppo,2004,factorized-identity-memory--remember_subtype--identity,greedy,exact_neural_policy_tree,80.0,0.0,20.0,20.0,0.0,20.0,0.0,0.0,2.0,0.2780719051126377,0.0,0.0,,,,,,{'2': 1.0},"{'policy_dri': True, 'active_frontier_distance': True, 'oracle_normalized_return': False, 'response_signature_accuracy': False, 'belief_calibration': False, 'partner_response_prediction_loss': False}"
remember_subtype,mlp_ppo,2004,factorized-identity-memory--remember_subtype--identity,stochastic,exact_neural_policy_tree,79.77265557274222,0.2273455448448658,19.99999888241291,19.99999888241291,0.0,20.227344427257776,5.587935447692871e-08,0.04546910896897316,1.999999888241291,0.2780718895741593,0.0,0.005683638621190318,,,,,,{'2': 0.9999999441206457},"{'policy_dri': True, 'active_frontier_distance': True, 'oracle_normalized_return': False, 'response_signature_accuracy': False, 'belief_calibration': False, 'partner_response_prediction_loss': False}"
remember_subtype,mlp_ppo,2005,factorized-identity-memory--remember_subtype--identity,greedy,exact_neural_policy_tree,80.0,0.0,20.0,20.0,0.0,20.0,0.0,0.0,2.0,0.2780719051126377,0.0,0.0,,,,,,{'2': 1.0},"{'policy_dri': True, 'active_frontier_distance': True, 'oracle_normalized_return': False, 'response_signature_accuracy': False, 'belief_calibration': False, 'partner_response_prediction_loss': False}"
remember_subtype,mlp_ppo,2005,factorized-identity-memory--remember_subtype--identity,stochastic,exact_neural_policy_tree,79.76290651821813,0.23709296024122695,20.000000521540642,20.000000521540642,0.0,20.23709348178187,-2.60770320892334e-08,0.04741859204824539,2.000000052154064,0.2780719123639276,0.0,0.005927324006045015,,,,,,{'2': 1.000000026077032},"{'policy_dri': True, 'active_frontier_distance': True, 'oracle_normalized_return': False, 'response_signature_accuracy': False, 'belief_calibration': False, 'partner_response_prediction_loss': False}"
remember_subtype,mlp_ppo,2006,factorized-identity-memory--remember_subtype--identity,greedy,exact_neural_policy_tree,80.0,0.0,20.0,20.0,0.0,20.0,0.0,0.0,2.0,0.2780719051126377,0.0,0.0,,,,,,{'2': 1.0},"{'policy_dri': True, 'active_frontier_distance': True, 'oracle_normalized_return': False, 'response_signature_accuracy': False, 'belief_calibration': False, 'partner_response_prediction_loss': False}"
remember_subtype,mlp_ppo,2006,factorized-identity-memory--remember_subtype--identity,stochastic,exact_neural_policy_tree,79.77693992933453,0.22305962363063148,20.000000447034832,20.000000447034832,0.0,20.223060070665465,-2.23517416131358e-08,0.044611924726126295,2.000000044703483,0.2780719113280289,0.0,0.005576490590776985,,,,,,{'2': 1.0000000223517418},"{'policy_dri': True, 'active_frontier_distance': True, 'oracle_normalized_return': False, 'response_signature_accuracy': False, 'belief_calibration': False, 'partner_response_prediction_loss': False}"
remember_subtype,mlp_ppo,2007,factorized-identity-memory--remember_subtype--identity,greedy,exact_neural_policy_tree,80.0,0.0,20.0,20.0,0.0,20.0,0.0,0.0,2.0,0.2780719051126377,0.0,0.0,,,,,,{'2': 1.0},"{'policy_dri': True, 'active_frontier_distance': True, 'oracle_normalized_return': False, 'response_signature_accuracy': False, 'belief_calibration': False, 'partner_response_prediction_loss': False}"
remember_subtype,mlp_ppo,2007,factorized-identity-memory--remember_subtype--identity,stochastic,exact_neural_policy_tree,79.72516493871808,0.2748342417180538,20.000000819563866,20.000000819563866,0.0,20.27483506128192,-4.0978193283081055e-08,0.054966848343610764,2.0000000819563866,0.27807191650752217,0.0,0.006870856042981895,,,,,,{'2': 1.0000000409781933},"{'policy_dri': True, 'active_frontier_distance': True, 'oracle_normalized_return': False, 'response_signature_accuracy': False, 'belief_calibration': False, 'partner_response_prediction_loss': False}"
remember_subtype,mlp_ppo,2008,factorized-identity-memory--remember_subtype--identity,greedy,exact_neural_policy_tree,80.0,0.0,20.0,20.0,0.0,20.0,0.0,0.0,2.0,0.2780719051126377,0.0,0.0,,,,,,{'2': 1.0},"{'policy_dri': True, 'active_frontier_distance': True, 'oracle_normalized_return': False, 'response_signature_accuracy': False, 'belief_calibration': False, 'partner_response_prediction_loss': False}"
remember_subtype,mlp_ppo,2008,factorized-identity-memory--remember_subtype--identity,stochastic,exact_neural_policy_tree,79.76181779499763,0.23818153445014478,20.00000067055222,20.00000067055223,-7.105427357601002e-15,20.238182205002367,-3.352761144270744e-08,0.04763630689002896,2.0000000670552223,0.2780719144357243,0.0,0.005954538361277217,,,,,,{'2': 1.0000000335276111},"{'policy_dri': True, 'active_frontier_distance': True, 'oracle_normalized_return': False, 'response_signature_accuracy': False, 'belief_calibration': False, 'partner_response_prediction_loss': False}"
remember_subtype,mlp_ppo,2009,factorized-identity-memory--remember_subtype--identity,greedy,exact_neural_policy_tree,80.0,0.0,20.0,20.0,0.0,20.0,0.0,0.0,2.0,0.2780719051126377,0.0,0.0,,,,,,{'2': 1.0},"{'policy_dri': True, 'active_frontier_distance': True, 'oracle_normalized_return': False, 'response_signature_accuracy': False, 'belief_calibration': False, 'partner_response_prediction_loss': False}"
remember_subtype,mlp_ppo,2009,factorized-identity-memory--remember_subtype--identity,stochastic,exact_neural_policy_tree,79.66266337782145,0.3373361751437187,20.00000044703484,20.00000044703484,0.0,20.337336622178558,-2.2351741968407168e-08,0.06746723502874374,2.0000000447034836,0.278071911328029,0.0,0.008433404378600374,,,,,,{'2': 1.0000000223517418},"{'policy_dri': True, 'active_frontier_distance': True, 'oracle_normalized_return': False, 'response_signature_accuracy': False, 'belief_calibration': False, 'partner_response_prediction_loss': False}"
remember_subtype,mlp_ppo,2010,factorized-identity-memory--remember_subtype--identity,greedy,exact_neural_policy_tree,80.0,0.0,20.0,20.0,0.0,20.0,0.0,0.0,2.0,0.2780719051126377,0.0,0.0,,,,,,{'2': 1.0},"{'policy_dri': True, 'active_frontier_distance': True, 'oracle_normalized_return': False, 'response_signature_accuracy': False, 'belief_calibration': False, 'partner_response_prediction_loss': False}"
remember_subtype,mlp_ppo,2010,factorized-identity-memory--remember_subtype--identity,stochastic,exact_neural_policy_tree,79.79281381400317,0.20718417434001934,20.00000201165681,20.000002011656814,-3.552713678800501e-15,20.20718618599683,-1.0058284072300694e-07,0.04143683486800387,2.000000201165681,0.2780719330818998,0.0,0.005179604358744636,,,,,,{'2': 1.0000001005828407},"{'policy_dri': True, 'active_frontier_distance': True, 'oracle_normalized_return': False, 'response_signature_accuracy': False, 'belief_calibration': False, 'partner_response_prediction_loss': False}"
remember_subtype,gru_ppo_passive,2001,factorized-identity-memory--remember_subtype--identity,greedy,exact_neural_policy_tree,80.0,0.0,20.0,20.0,0.0,20.0,0.0,0.0,2.0,0.2780719051126377,0.0,0.0,,,,,,{'2': 1.0},"{'policy_dri': True, 'active_frontier_distance': True, 'oracle_normalized_return': False, 'response_signature_accuracy': False, 'belief_calibration': False, 'partner_response_prediction_loss': False}"
remember_subtype,gru_ppo_passive,2001,factorized-identity-memory--remember_subtype--identity,stochastic,exact_neural_policy_tree,79.99999970197678,0.0,20.000000298023224,20.000000298023224,0.0,20.000000298023224,-1.4901161193847656e-08,0.0,2.0000000298023224,0.278071909256232,0.0,7.450580596923828e-09,,,,,,{'2': 1.0000000149011612},"{'policy_dri': True, 'active_frontier_distance': True, 'oracle_normalized_return': False, 'response_signature_accuracy': False, 'belief_calibration': False, 'partner_response_prediction_loss': False}"
remember_subtype,gru_ppo_passive,2002,factorized-identity-memory--remember_subtype--identity,greedy,exact_neural_policy_tree,80.0,0.0,20.0,20.0,0.0,20.0,0.0,0.0,2.0,0.2780719051126377,0.0,0.0,,,,,,{'2': 1.0},"{'policy_dri': True, 'active_frontier_distance': True, 'oracle_normalized_return': False, 'response_signature_accuracy': False, 'belief_calibration': False, 'partner_response_prediction_loss': False}"
remember_subtype,gru_ppo_passive,2002,factorized-identity-memory--remember_subtype--identity,stochastic,exact_neural_policy_tree,80.0,0.0,20.0,20.0,0.0,20.0,0.0,0.0,2.0,0.2780719051126376,0.0,0.0,,,,,,{'2': 1.0},"{'policy_dri': True, 'active_frontier_distance': True, 'oracle_normalized_return': False, 'response_signature_accuracy': False, 'belief_calibration': False, 'partner_response_prediction_loss': False}"
remember_subtype,gru_ppo_passive,2003,factorized-identity-memory--remember_subtype--identity,greedy,exact_neural_policy_tree,80.0,0.0,20.0,20.0,0.0,20.0,0.0,0.0,2.0,0.2780719051126377,0.0,0.0,,,,,,{'2': 1.0},"{'policy_dri': True, 'active_frontier_distance': True, 'oracle_normalized_return': False, 'response_signature_accuracy': False, 'belief_calibration': False, 'partner_response_prediction_loss': False}"
remember_subtype,gru_ppo_passive,2003,factorized-identity-memory--remember_subtype--identity,stochastic,exact_neural_policy_tree,79.99999850988388,0.0,20.00000149011612,20.00000149011612,0.0,20.00000149011612,-7.450580596923828e-08,0.0,2.000000149011612,0.27807192583060913,0.0,3.725290298461914e-08,,,,,,{'2': 1.000000074505806},"{'policy_dri': True, 'active_frontier_distance': True, 'oracle_normalized_return': False, 'response_signature_accuracy': False, 'belief_calibration': False, 'partner_response_prediction_loss': False}"
remember_subtype,gru_ppo_passive,2004,factorized-identity-memory--remember_subtype--identity,greedy,exact_neural_policy_tree,80.0,0.0,20.0,20.0,0.0,20.0,0.0,0.0,2.0,0.2780719051126377,0.0,0.0,,,,,,{'2': 1.0},"{'policy_dri': True, 'active_frontier_distance': True, 'oracle_normalized_return': False, 'response_signature_accuracy': False, 'belief_calibration': False, 'partner_response_prediction_loss': False}"
remember_subtype,gru_ppo_passive,2004,factorized-identity-memory--remember_subtype--identity,stochastic,exact_neural_policy_tree,80.00000029802322,0.0,19.999999701976776,19.999999701976776,0.0,19.999999701976776,1.4901161193847656e-08,0.0,1.9999999701976776,0.2780719009690434,0.0,7.450580596923828e-09,,,,,,{'2': 0.9999999850988388},"{'policy_dri': True, 'active_frontier_distance': True, 'oracle_normalized_return': False, 'response_signature_accuracy': False, 'belief_calibration': False, 'partner_response_prediction_loss': False}"
remember_subtype,gru_ppo_passive,2005,factorized-identity-memory--remember_subtype--identity,greedy,exact_neural_policy_tree,80.0,0.0,20.0,20.0,0.0,20.0,0.0,0.0,2.0,0.2780719051126377,0.0,0.0,,,,,,{'2': 1.0},"{'policy_dri': True, 'active_frontier_distance': True, 'oracle_normalized_return': False, 'response_signature_accuracy': False, 'belief_calibration': False, 'partner_response_prediction_loss': False}"
remember_subtype,gru_ppo_passive,2005,factorized-identity-memory--remember_subtype--identity,stochastic,exact_neural_policy_tree,80.0,0.0,20.0,20.0,0.0,20.0,0.0,0.0,2.0,0.27807190511263774,0.0,0.0,,,,,,{'2': 1.0},"{'policy_dri': True, 'active_frontier_distance': True, 'oracle_normalized_return': False, 'response_signature_accuracy': False, 'belief_calibration': False, 'partner_response_prediction_loss': False}"
remember_subtype,gru_ppo_passive,2006,factorized-identity-memory--remember_subtype--identity,greedy,exact_neural_policy_tree,80.0,0.0,20.0,20.0,0.0,20.0,0.0,0.0,2.0,0.2780719051126377,0.0,0.0,,,,,,{'2': 1.0},"{'policy_dri': True, 'active_frontier_distance': True, 'oracle_normalized_return': False, 'response_signature_accuracy': False, 'belief_calibration': False, 'partner_response_prediction_loss': False}"
remember_subtype,gru_ppo_passive,2006,factorized-identity-memory--remember_subtype--identity,stochastic,exact_neural_policy_tree,79.99999970197678,0.0,20.000000298023224,20.000000298023224,0.0,20.000000298023224,-1.4901161193847656e-08,0.0,2.0000000298023224,0.278071909256232,0.0,7.450580596923828e-09,,,,,,{'2': 1.0000000149011612},"{'policy_dri': True, 'active_frontier_distance': True, 'oracle_normalized_return': False, 'response_signature_accuracy': False, 'belief_calibration': False, 'partner_response_prediction_loss': False}"
remember_subtype,gru_ppo_passive,2007,factorized-identity-memory--remember_subtype--identity,greedy,exact_neural_policy_tree,80.0,0.0,20.0,20.0,0.0,20.0,0.0,0.0,2.0,0.2780719051126377,0.0,0.0,,,,,,{'2': 1.0},"{'policy_dri': True, 'active_frontier_distance': True, 'oracle_normalized_return': False, 'response_signature_accuracy': False, 'belief_calibration': False, 'partner_response_prediction_loss': False}"
remember_subtype,gru_ppo_passive,2007,factorized-identity-memory--remember_subtype--identity,stochastic,exact_neural_policy_tree,79.99999970197678,0.0,20.000000298023224,20.000000298023224,0.0,20.000000298023224,-1.4901161193847656e-08,0.0,2.0000000298023224,0.278071909256232,0.0,7.450580596923828e-09,,,,,,{'2': 1.0000000149011612},"{'policy_dri': True, 'active_frontier_distance': True, 'oracle_normalized_return': False, 'response_signature_accuracy': False, 'belief_calibration': False, 'partner_response_prediction_loss': False}"
remember_subtype,gru_ppo_passive,2008,factorized-identity-memory--remember_subtype--identity,greedy,exact_neural_policy_tree,80.0,0.0,20.0,20.0,0.0,20.0,0.0,0.0,2.0,0.2780719051126377,0.0,0.0,,,,,,{'2': 1.0},"{'policy_dri': True, 'active_frontier_distance': True, 'oracle_normalized_return': False, 'response_signature_accuracy': False, 'belief_calibration': False, 'partner_response_prediction_loss': False}"
remember_subtype,gru_ppo_passive,2008,factorized-identity-memory--remember_subtype--identity,stochastic,exact_neural_policy_tree,80.00000029802322,0.0,19.999999701976776,19.999999701976776,0.0,19.999999701976776,1.4901161193847656e-08,0.0,1.9999999701976778,0.27807190096904333,0.0,7.450580596923828e-09,,,,,,{'2': 0.9999999850988389},"{'policy_dri': True, 'active_frontier_distance': True, 'oracle_normalized_return': False, 'response_signature_accuracy': False, 'belief_calibration': False, 'partner_response_prediction_loss': False}"
remember_subtype,gru_ppo_passive,2009,factorized-identity-memory--remember_subtype--identity,greedy,exact_neural_policy_tree,80.0,0.0,20.0,20.0,0.0,20.0,0.0,0.0,2.0,0.2780719051126377,0.0,0.0,,,,,,{'2': 1.0},"{'policy_dri': True, 'active_frontier_distance': True, 'oracle_normalized_return': False, 'response_signature_accuracy': False, 'belief_calibration': False, 'partner_response_prediction_loss': False}"
remember_subtype,gru_ppo_passive,2009,factorized-identity-memory--remember_subtype--identity,stochastic,exact_neural_policy_tree,80.00000029802322,0.0,19.999999701976776,19.999999701976776,0.0,19.999999701976776,1.4901161193847656e-08,0.0,1.9999999701976776,0.27807190096904344,0.0,7.450580596923828e-09,,,,,,{'2': 0.9999999850988388},"{'policy_dri': True, 'active_frontier_distance': True, 'oracle_normalized_return': False, 'response_signature_accuracy': False, 'belief_calibration': False, 'partner_response_prediction_loss': False}"
remember_subtype,gru_ppo_passive,2010,factorized-identity-memory--remember_subtype--identity,greedy,exact_neural_policy_tree,80.0,0.0,20.0,20.0,0.0,20.0,0.0,0.0,2.0,0.2780719051126377,0.0,0.0,,,,,,{'2': 1.0},"{'policy_dri': True, 'active_frontier_distance': True, 'oracle_normalized_return': False, 'response_signature_accuracy': False, 'belief_calibration': False, 'partner_response_prediction_loss': False}"
remember_subtype,gru_ppo_passive,2010,factorized-identity-memory--remember_subtype--identity,stochastic,exact_neural_policy_tree,80.00000029802322,0.0,19.999999701976776,19.999999701976776,0.0,19.999999701976776,1.4901161193847656e-08,0.0,1.9999999701976776,0.27807190096904344,0.0,7.450580596923828e-09,,,,,,{'2': 0.9999999850988388},"{'policy_dri': True, 'active_frontier_distance': True, 'oracle_normalized_return': False, 'response_signature_accuracy': False, 'belief_calibration': False, 'partner_response_prediction_loss': False}"
remember_subtype,gru_ppo_active,2001,factorized-identity-memory--remember_subtype--identity,greedy,exact_neural_policy_tree,80.0,0.0,20.0,20.0,0.0,20.0,0.0,0.0,2.0,0.2780719051126377,0.0,0.0,,,,,,{'2': 1.0},"{'policy_dri': True, 'active_frontier_distance': True, 'oracle_normalized_return': False, 'response_signature_accuracy': False, 'belief_calibration': False, 'partner_response_prediction_loss': False}"
remember_subtype,gru_ppo_active,2001,factorized-identity-memory--remember_subtype--identity,stochastic,exact_neural_policy_tree,79.80318433157379,0.1968146488070488,20.000001019619162,20.000001019619162,0.0,20.19681566842621,-5.098095812172687e-08,0.03936292976140976,2.0000001019619162,0.2780719192890099,0.0,0.004920366220242248,,,,,,{'2': 1.0000000509809583},"{'policy_dri': True, 'active_frontier_distance': True, 'oracle_normalized_return': False, 'response_signature_accuracy': False, 'belief_calibration': False, 'partner_response_prediction_loss': False}"
remember_subtype,gru_ppo_active,2002,factorized-identity-memory--remember_subtype--identity,greedy,exact_neural_policy_tree,80.0,0.0,20.0,20.0,0.0,20.0,0.0,0.0,2.0,0.2780719051126377,0.0,0.0,,,,,,{'2': 1.0},"{'policy_dri': True, 'active_frontier_distance': True, 'oracle_normalized_return': False, 'response_signature_accuracy': False, 'belief_calibration': False, 'partner_response_prediction_loss': False}"
remember_subtype,gru_ppo_active,2002,factorized-identity-memory--remember_subtype--identity,stochastic,exact_neural_policy_tree,79.6724765393166,0.32752349972724915,19.999999960956142,19.999999960956142,0.0,20.32752346068339,1.952192896226279e-09,0.06550469994544983,1.999999996095614,0.2780719045697878,0.0,0.008188087493181286,,,,,,{'2': 0.9999999980478069},"{'policy_dri': True, 'active_frontier_distance': True, 'oracle_normalized_return': False, 'response_signature_accuracy': False, 'belief_calibration': False, 'partner_response_prediction_loss': False}"
remember_subtype,gru_ppo_active,2003,factorized-identity-memory--remember_subtype--identity,greedy,exact_neural_policy_tree,80.0,0.0,20.0,20.0,0.0,20.0,0.0,0.0,2.0,0.2780719051126377,0.0,0.0,,,,,,{'2': 1.0},"{'policy_dri': True, 'active_frontier_distance': True, 'oracle_normalized_return': False, 'response_signature_accuracy': False, 'belief_calibration': False, 'partner_response_prediction_loss': False}"
remember_subtype,gru_ppo_active,2003,factorized-identity-memory--remember_subtype--identity,stochastic,exact_neural_policy_tree,79.70307812558931,0.29692261433370726,19.999999260076986,19.99999926007699,-3.552713678800501e-15,20.296921874410693,3.6996150498680434e-08,0.05938452286674145,1.9999999260076986,0.2780718948250478,0.0,0.00742306535836573,,,,,,{'2': 0.9999999630038494},"{'policy_dri': True, 'active_frontier_distance': True, 'oracle_normalized_return': False, 'response_signature_accuracy': False, 'belief_calibration': False, 'partner_response_prediction_loss': False}"
remember_subtype,gru_ppo_active,2004,factorized-identity-memory--remember_subtype--identity,greedy,exact_neural_policy_tree,80.0,0.0,20.0,20.0,0.0,20.0,0.0,0.0,2.0,0.2780719051126377,0.0,0.0,,,,,,{'2': 1.0},"{'policy_dri': True, 'active_frontier_distance': True, 'oracle_normalized_return': False, 'response_signature_accuracy': False, 'belief_calibration': False, 'partner_response_prediction_loss': False}"
remember_subtype,gru_ppo_active,2004,factorized-identity-memory--remember_subtype--identity,stochastic,exact_neural_policy_tree,79.77623856224048,0.22376202046871185,19.999999417290812,19.999999417290812,0.0,20.223761437759524,2.9135459378437645e-08,0.04475240409374237,1.9999999417290812,0.278071897010885,0.0,0.005594050511736765,,,,,,{'2': 0.9999999708645406},"{'policy_dri': True, 'active_frontier_distance': True, 'oracle_normalized_return': False, 'response_signature_accuracy': False, 'belief_calibration': False, 'partner_response_prediction_loss': False}"
remember_subtype,gru_ppo_active,2005,factorized-identity-memory--remember_subtype--identity,greedy,exact_neural_policy_tree,80.0,0.0,20.0,20.0,0.0,20.0,0.0,0.0,2.0,0.2780719051126377,0.0,0.0,,,,,,{'2': 1.0},"{'policy_dri': True, 'active_frontier_distance': True, 'oracle_normalized_return': False, 'response_signature_accuracy': False, 'belief_calibration': False, 'partner_response_prediction_loss': False}"
remember_subtype,gru_ppo_active,2005,factorized-identity-memory--remember_subtype--identity,stochastic,exact_neural_policy_tree,79.73311505059226,0.2668855831124889,19.999999366295253,19.999999366295256,-3.552713678800501e-15,20.266884949407743,3.16852371895493e-08,0.05337711662249778,1.9999999366295254,0.2780718963018634,0.0,0.006672139577831031,,,,,,{'2': 0.9999999683147626},"{'policy_dri': True, 'active_frontier_distance': True, 'oracle_normalized_return': False, 'response_signature_accuracy': False, 'belief_calibration': False, 'partner_response_prediction_loss': False}"
remember_subtype,gru_ppo_active,2006,factorized-identity-memory--remember_subtype--identity,greedy,exact_neural_policy_tree,80.0,0.0,20.0,20.0,0.0,20.0,0.0,0.0,2.0,0.2780719051126377,0.0,0.0,,,,,,{'2': 1.0},"{'policy_dri': True, 'active_frontier_distance': True, 'oracle_normalized_return': False, 'response_signature_accuracy': False, 'belief_calibration': False, 'partner_response_prediction_loss': False}"
remember_subtype,gru_ppo_active,2006,factorized-identity-memory--remember_subtype--identity,stochastic,exact_neural_policy_tree,79.79246401821516,0.20753462802463904,20.000001353760197,20.000001353760197,0.0,20.207535981784837,-6.768800986378665e-08,0.04150692560492781,2.0000001353760197,0.27807192393477154,0.0,0.005188365700726359,,,,,,{'2': 1.0000000676880099},"{'policy_dri': True, 'active_frontier_distance': True, 'oracle_normalized_return': False, 'response_signature_accuracy': False, 'belief_calibration': False, 'partner_response_prediction_loss': False}"
remember_subtype,gru_ppo_active,2007,factorized-identity-memory--remember_subtype--identity,greedy,exact_neural_policy_tree,80.0,0.0,20.0,20.0,0.0,20.0,0.0,0.0,2.0,0.2780719051126377,0.0,0.0,,,,,,{'2': 1.0},"{'policy_dri': True, 'active_frontier_distance': True, 'oracle_normalized_return': False, 'response_signature_accuracy': False, 'belief_calibration': False, 'partner_response_prediction_loss': False}"
remember_subtype,gru_ppo_active,2007,factorized-identity-memory--remember_subtype--identity,stochastic,exact_neural_policy_tree,79.76138789461268,0.23861273327228677,19.999999372115028,19.999999372115024,3.552713678800501e-15,20.238612105387315,3.1394248800609145e-08,0.047722546654457354,1.9999999372115027,0.2780718963827791,0.0,0.005965318331827822,,,,,,{'2': 0.9999999686057512},"{'policy_dri': True, 'active_frontier_distance': True, 'oracle_normalized_return': False, 'response_signature_accuracy': False, 'belief_calibration': False, 'partner_response_prediction_loss': False}"
remember_subtype,gru_ppo_active,2008,factorized-identity-memory--remember_subtype--identity,greedy,exact_neural_policy_tree,80.0,0.0,20.0,20.0,0.0,20.0,0.0,0.0,2.0,0.2780719051126377,0.0,0.0,,,,,,{'2': 1.0},"{'policy_dri': True, 'active_frontier_distance': True, 'oracle_normalized_return': False, 'response_signature_accuracy': False, 'belief_calibration': False, 'partner_response_prediction_loss': False}"
remember_subtype,gru_ppo_active,2008,factorized-identity-memory--remember_subtype--identity,stochastic,exact_neural_policy_tree,79.73680020653582,0.2631982602179051,20.000001533246277,20.000001533246277,0.0,20.26319979346418,-7.666231383041122e-08,0.052639652043581016,2.0000001533246277,0.2780719264302733,0.0,0.0065799565055592755,,,,,,{'2': 1.0000000766623138},"{'policy_dri': True, 'active_frontier_distance': True, 'oracle_normalized_return': False, 'response_signature_accuracy': False, 'belief_calibration': False, 'partner_response_prediction_loss': False}"
remember_subtype,gru_ppo_active,2009,factorized-identity-memory--remember_subtype--identity,greedy,exact_neural_policy_tree,80.0,0.0,20.0,20.0,0.0,20.0,0.0,0.0,2.0,0.2780719051126377,0.0,0.0,,,,,,{'2': 1.0},"{'policy_dri': True, 'active_frontier_distance': True, 'oracle_normalized_return': False, 'response_signature_accuracy': False, 'belief_calibration': False, 'partner_response_prediction_loss': False}"
remember_subtype,gru_ppo_active,2009,factorized-identity-memory--remember_subtype--identity,stochastic,exact_neural_policy_tree,79.79221647285823,0.20778214868578535,20.000001378455984,20.000001378455984,0.0,20.207783527141768,-6.892279920123201e-08,0.04155642973715707,2.0000001378455985,0.2780719242781317,0.0,0.005194553717258944,,,,,,{'2': 1.000000068922799},"{'policy_dri': True, 'active_frontier_distance': True, 'oracle_normalized_return': False, 'response_signature_accuracy': False, 'belief_calibration': False, 'partner_response_prediction_loss': False}"
remember_subtype,gru_ppo_active,2010,factorized-identity-memory--remember_subtype--identity,greedy,exact_neural_policy_tree,80.0,0.0,20.0,20.0,0.0,20.0,0.0,0.0,2.0,0.2780719051126377,0.0,0.0,,,,,,{'2': 1.0},"{'policy_dri': True, 'active_frontier_distance': True, 'oracle_normalized_return': False, 'response_signature_accuracy': False, 'belief_calibration': False, 'partner_response_prediction_loss': False}"
remember_subtype,gru_ppo_active,2010,factorized-identity-memory--remember_subtype--identity,stochastic,exact_neural_policy_tree,79.8195708967425,0.18042991206690534,19.999999191190597,19.999999191190597,0.0,20.180429103257502,4.0440470172598e-08,0.03608598241338107,1.9999999191190594,0.2780718938672788,0.0,0.004510747801717954,,,,,,{'2': 0.9999999595595296},"{'policy_dri': True, 'active_frontier_distance': True, 'oracle_normalized_return': False, 'response_signature_accuracy': False, 'belief_calibration': False, 'partner_response_prediction_loss': False}"
remember_subtype,odits_style,2001,factorized-identity-memory--remember_subtype--identity,greedy,exact_neural_policy_tree,80.0,0.0,20.0,20.0,0.0,20.0,0.0,0.0,2.0,0.2780719051126377,0.0,0.0,,,,,0.002158417657483369,{'2': 1.0},"{'policy_dri': True, 'active_frontier_distance': True, 'oracle_normalized_return': False, 'response_signature_accuracy': False, 'belief_calibration': False, 'partner_response_prediction_loss': True}"
remember_subtype,odits_style,2001,factorized-identity-memory--remember_subtype--identity,stochastic,exact_neural_policy_tree,79.7922820255759,0.2077168815987837,20.00000109282532,20.00000109282532,0.0,20.207717974424103,-5.464126591192553e-08,0.04154337631975674,2.000000109282532,0.2780719203068385,0.0,0.0051929220400414615,,,,,0.0021529298775554485,{'2': 1.000000054641266},"{'policy_dri': True, 'active_frontier_distance': True, 'oracle_normalized_return': False, 'response_signature_accuracy': False, 'belief_calibration': False, 'partner_response_prediction_loss': True}"
remember_subtype,odits_style,2002,factorized-identity-memory--remember_subtype--identity,greedy,exact_neural_policy_tree,80.0,0.0,20.0,20.0,0.0,20.0,0.0,0.0,2.0,0.2780719051126377,0.0,0.0,,,,,0.0026274757692590356,{'2': 1.0},"{'policy_dri': True, 'active_frontier_distance': True, 'oracle_normalized_return': False, 'response_signature_accuracy': False, 'belief_calibration': False, 'partner_response_prediction_loss': True}"
remember_subtype,odits_style,2002,factorized-identity-memory--remember_subtype--identity,stochastic,exact_neural_policy_tree,79.7768183924056,0.2231811951574861,20.000000412436908,20.000000412436908,0.0,20.223181607594395,-2.0621845386870064e-08,0.04463623903149722,2.0000000412436907,0.27807191084699356,0.0,0.00557952987894668,,,,,0.0026268330435254518,{'2': 1.0000000206218453},"{'policy_dri': True, 'active_frontier_distance': True, 'oracle_normalized_return': False, 'response_signature_accuracy': False, 'belief_calibration': False, 'partner_response_prediction_loss': True}"
remember_subtype,odits_style,2003,factorized-identity-memory--remember_subtype--identity,greedy,exact_neural_policy_tree,80.0,0.0,20.0,20.0,0.0,20.0,0.0,0.0,2.0,0.2780719051126377,0.0,0.0,,,,,0.002483600052073598,{'2': 1.0},"{'policy_dri': True, 'active_frontier_distance': True, 'oracle_normalized_return': False, 'response_signature_accuracy': False, 'belief_calibration': False, 'partner_response_prediction_loss': True}"
remember_subtype,odits_style,2003,factorized-identity-memory--remember_subtype--identity,stochastic,exact_neural_policy_tree,79.76771636626971,0.23228385724771428,19.99999977648257,19.99999977648257,0.0,20.232283633730287,1.1175871428292794e-08,0.046456771449542855,1.9999999776482573,0.278071902004942,0.0,0.005807096431195545,,,,,0.0024788212768203184,{'2': 0.9999999888241285},"{'policy_dri': True, 'active_frontier_distance': True, 'oracle_normalized_return': False, 'response_signature_accuracy': False, 'belief_calibration': False, 'partner_response_prediction_loss': True}"
remember_subtype,odits_style,2004,factorized-identity-memory--remember_subtype--identity,greedy,exact_neural_policy_tree,80.0,0.0,20.0,20.0,0.0,20.0,0.0,0.0,2.0,0.2780719051126377,0.0,0.0,,,,,0.0021199152106419206,{'2': 1.0},"{'policy_dri': True, 'active_frontier_distance': True, 'oracle_normalized_return': False, 'response_signature_accuracy': False, 'belief_calibration': False, 'partner_response_prediction_loss': True}"
remember_subtype,odits_style,2004,factorized-identity-memory--remember_subtype--identity,stochastic,exact_neural_policy_tree,79.78374626809737,0.21625328486780393,20.000000447034825,20.000000447034825,0.0,20.21625373190263,-2.235174125786443e-08,0.043250656973560786,2.0000000447034827,0.2780719113280289,0.0,0.00540633212170665,,,,,0.002120908125686078,{'2': 1.0000000223517413},"{'policy_dri': True, 'active_frontier_distance': True, 'oracle_normalized_return': False, 'response_signature_accuracy': False, 'belief_calibration': False, 'partner_response_prediction_loss': True}"
remember_subtype,odits_style,2005,factorized-identity-memory--remember_subtype--identity,greedy,exact_neural_policy_tree,80.0,0.0,20.0,20.0,0.0,20.0,0.0,0.0,2.0,0.2780719051126377,0.0,0.0,,,,,0.00263534055557102,{'2': 1.0},"{'policy_dri': True, 'active_frontier_distance': True, 'oracle_normalized_return': False, 'response_signature_accuracy': False, 'belief_calibration': False, 'partner_response_prediction_loss': True}"
remember_subtype,odits_style,2005,factorized-identity-memory--remember_subtype--identity,stochastic,exact_neural_policy_tree,79.73127556564324,0.268724955897405,19.999999478459348,19.99999947845935,-3.552713678800501e-15,20.268724434356752,2.6077032444504765e-08,0.053744991179481005,1.9999999478459347,0.2780718978613475,0.0,0.006718123897447779,,,,,0.0026308769484126187,{'2': 0.9999999739229675},"{'policy_dri': True, 'active_frontier_distance': True, 'oracle_normalized_return': False, 'response_signature_accuracy': False, 'belief_calibration': False, 'partner_response_prediction_loss': True}"
remember_subtype,odits_style,2006,factorized-identity-memory--remember_subtype--identity,greedy,exact_neural_policy_tree,80.0,0.0,20.0,20.0,0.0,20.0,0.0,0.0,2.0,0.2780719051126377,0.0,0.0,,,,,0.002138797950465232,{'2': 1.0},"{'policy_dri': True, 'active_frontier_distance': True, 'oracle_normalized_return': False, 'response_signature_accuracy': False, 'belief_calibration': False, 'partner_response_prediction_loss': True}"
remember_subtype,odits_style,2006,factorized-identity-memory--remember_subtype--identity,stochastic,exact_neural_policy_tree,79.72342079735469,0.2765807923165081,19.9999984103288,19.999998410328796,3.552713678800501e-15,20.27657920264531,7.948356017806191e-08,0.05531615846330162,1.99999984103288,0.2780718830104926,0.0,0.006914519808026913,,,,,0.0021379061570870233,{'2': 0.9999999205164398},"{'policy_dri': True, 'active_frontier_distance': True, 'oracle_normalized_return': False, 'response_signature_accuracy': False, 'belief_calibration': False, 'partner_response_prediction_loss': True}"
remember_subtype,odits_style,2007,factorized-identity-memory--remember_subtype--identity,greedy,exact_neural_policy_tree,80.0,0.0,20.0,20.0,0.0,20.0,0.0,0.0,2.0,0.2780719051126377,0.0,0.0,,,,,0.002682659192942083,{'2': 1.0},"{'policy_dri': True, 'active_frontier_distance': True, 'oracle_normalized_return': False, 'response_signature_accuracy': False, 'belief_calibration': False, 'partner_response_prediction_loss': True}"
remember_subtype,odits_style,2007,factorized-identity-memory--remember_subtype--identity,stochastic,exact_neural_policy_tree,79.70987407325009,0.29012596667000595,19.9999999600799,19.9999999600799,0.0,20.290125926749905,1.9960049613132467e-09,0.0580251933340012,1.9999999960079902,0.2780719045576047,0.0,0.007253149166750217,,,,,0.002683548667770475,{'2': 0.999999998003995},"{'policy_dri': True, 'active_frontier_distance': True, 'oracle_normalized_return': False, 'response_signature_accuracy': False, 'belief_calibration': False, 'partner_response_prediction_loss': True}"
remember_subtype,odits_style,2008,factorized-identity-memory--remember_subtype--identity,greedy,exact_neural_policy_tree,80.0,0.0,20.0,20.0,0.0,20.0,0.0,0.0,2.0,0.2780719051126377,0.0,0.0,,,,,0.0020620902068912983,{'2': 1.0},"{'policy_dri': True, 'active_frontier_distance': True, 'oracle_normalized_return': False, 'response_signature_accuracy': False, 'belief_calibration': False, 'partner_response_prediction_loss': True}"
remember_subtype,odits_style,2008,factorized-identity-memory--remember_subtype--identity,stochastic,exact_neural_policy_tree,79.76914736140267,0.23085223854858034,20.00000040004875,20.00000040004875,0.0,20.23085263859733,-2.000243757294129e-08,0.04617044770971607,2.000000040004875,0.2780719106747538,0.0,0.005771305963723174,,,,,0.0020595885565652537,{'2': 1.0000000200024375},"{'policy_dri': True, 'active_frontier_distance': True, 'oracle_normalized_return': False, 'response_signature_accuracy': False, 'belief_calibration': False, 'partner_response_prediction_loss': True}"
remember_subtype,odits_style,2009,factorized-identity-memory--remember_subtype--identity,greedy,exact_neural_policy_tree,80.0,0.0,20.0,20.0,0.0,20.0,0.0,0.0,2.0,0.2780719051126377,0.0,0.0,,,,,0.002070485963486135,{'2': 1.0},"{'policy_dri': True, 'active_frontier_distance': True, 'oracle_normalized_return': False, 'response_signature_accuracy': False, 'belief_calibration': False, 'partner_response_prediction_loss': True}"
remember_subtype,odits_style,2009,factorized-identity-memory--remember_subtype--identity,stochastic,exact_neural_policy_tree,79.75582096595573,0.24417810913124144,20.000000924913028,20.000000924913028,0.0,20.24417903404427,-4.624565139721426e-08,0.04883562182624829,2.0000000924913026,0.27807191797225395,0.0,0.006104452728324829,,,,,0.0020760919445995418,{'2': 1.0000000462456513},"{'policy_dri': True, 'active_frontier_distance': True, 'oracle_normalized_return': False, 'response_signature_accuracy': False, 'belief_calibration': False, 'partner_response_prediction_loss': True}"
remember_subtype,odits_style,2010,factorized-identity-memory--remember_subtype--identity,greedy,exact_neural_policy_tree,80.0,0.0,20.0,20.0,0.0,20.0,0.0,0.0,2.0,0.2780719051126377,0.0,0.0,,,,,0.0022735149832442403,{'2': 1.0},"{'policy_dri': True, 'active_frontier_distance': True, 'oracle_normalized_return': False, 'response_signature_accuracy': False, 'belief_calibration': False, 'partner_response_prediction_loss': True}"
remember_subtype,odits_style,2010,factorized-identity-memory--remember_subtype--identity,stochastic,exact_neural_policy_tree,79.78655210309515,0.2134473499192996,20.000000546985547,20.000000546985547,0.0,20.213447896904846,-2.7349277331722988e-08,0.04268946998385992,2.000000054698555,0.2780719127177035,0.0,0.005336183748000011,,,,,0.0022686937882416764,{'2': 1.0000000273492773},"{'policy_dri': True, 'active_frontier_distance': True, 'oracle_normalized_return': False, 'response_signature_accuracy': False, 'belief_calibration': False, 'partner_response_prediction_loss': True}"
remember_subtype,pace_aux,2001,factorized-identity-memory--remember_subtype--identity,greedy,exact_neural_policy_tree,80.0,0.0,20.0,20.0,0.0,20.0,0.0,0.0,2.0,0.2780719051126377,0.0,0.0,,0.5,0.5000336936095764,0.0034093204885721207,,{'2': 1.0},"{'policy_dri': True, 'active_frontier_distance': True, 'oracle_normalized_return': False, 'response_signature_accuracy': True, 'belief_calibration': True, 'partner_response_prediction_loss': False}"
remember_subtype,pace_aux,2001,factorized-identity-memory--remember_subtype--identity,stochastic,exact_neural_policy_tree,79.7973597840236,0.20264068920374942,19.999999526772648,19.99999952677265,-3.552713678800501e-15,20.2026402159764,2.3661367443139623e-08,0.040528137840749885,1.9999999526772647,0.2780718985330762,0.0,0.005066017230107549,,0.4999999881693162,0.5000333816446013,0.0034162725186433485,,{'2': 0.9999999763386326},"{'policy_dri': True, 'active_frontier_distance': True, 'oracle_normalized_return': False, 'response_signature_accuracy': True, 'belief_calibration': True, 'partner_response_prediction_loss': False}"
remember_subtype,pace_aux,2002,factorized-identity-memory--remember_subtype--identity,greedy,exact_neural_policy_tree,80.0,0.0,20.0,20.0,0.0,20.0,0.0,0.0,2.0,0.2780719051126377,0.0,0.0,,0.5,0.5000890099368626,0.006606122478842735,,{'2': 1.0},"{'policy_dri': True, 'active_frontier_distance': True, 'oracle_normalized_return': False, 'response_signature_accuracy': True, 'belief_calibration': True, 'partner_response_prediction_loss': False}"
remember_subtype,pace_aux,2002,factorized-identity-memory--remember_subtype--identity,stochastic,exact_neural_policy_tree,79.74622182198034,0.2537778206169605,20.000000357402694,20.000000357402698,-3.552713678800501e-15,20.253778178019655,-1.7870134882969068e-08,0.050755564123392105,2.0000000357402694,0.2780719100818201,0.0,0.006344445515430305,,0.5000000089350674,0.5000893561733172,0.006587669150989961,,{'2': 1.0000000178701347},"{'policy_dri': True, 'active_frontier_distance': True, 'oracle_normalized_return': False, 'response_signature_accuracy': True, 'belief_calibration': True, 'partner_response_prediction_loss': False}"
remember_subtype,pace_aux,2003,factorized-identity-memory--remember_subtype--identity,greedy,exact_neural_policy_tree,80.0,0.0,20.0,20.0,0.0,20.0,0.0,0.0,2.0,0.2780719051126377,0.0,0.0,,0.5,0.5000111806365776,0.0018424943555146456,,{'2': 1.0},"{'policy_dri': True, 'active_frontier_distance': True, 'oracle_normalized_return': False, 'response_signature_accuracy': True, 'belief_calibration': True, 'partner_response_prediction_loss': False}"
remember_subtype,pace_aux,2003,factorized-identity-memory--remember_subtype--identity,stochastic,exact_neural_policy_tree,79.75401869563578,0.2459813190258545,19.99999998533836,19.99999998533836,0.0,20.245981304364214,7.330820395168303e-10,0.0491962638051709,1.9999999985338361,0.27807190490878825,0.0,0.006149532975646374,,0.49999999963345904,0.500010646390842,0.0017706808880780245,,{'2': 0.999999999266918},"{'policy_dri': True, 'active_frontier_distance': True, 'oracle_normalized_return': False, 'response_signature_accuracy': True, 'belief_calibration': True, 'partner_response_prediction_loss': False}"
remember_subtype,pace_aux,2004,factorized-identity-memory--remember_subtype--identity,greedy,exact_neural_policy_tree,80.0,0.0,20.0,20.0,0.0,20.0,0.0,0.0,2.0,0.2780719051126377,0.0,0.0,,0.5,0.5000650120066954,0.00420805998146534,,{'2': 1.0},"{'policy_dri': True, 'active_frontier_distance': True, 'oracle_normalized_return': False, 'response_signature_accuracy': True, 'belief_calibration': True, 'partner_response_prediction_loss': False}"
remember_subtype,pace_aux,2004,factorized-identity-memory--remember_subtype--identity,stochastic,exact_neural_policy_tree,79.71134430235182,0.28865557736207886,20.000000120286103,20.000000120286103,0.0,20.28865569764818,-6.014305142798548e-09,0.05773111547241578,2.0000000120286106,0.27807190678504706,0.0,0.007216389434052599,,0.5000000030071525,0.5000657178828974,0.004267796703864568,,{'2': 1.0000000060143053},"{'policy_dri': True, 'active_frontier_distance': True, 'oracle_normalized_return': False, 'response_signature_accuracy': True, 'belief_calibration': True, 'partner_response_prediction_loss': False}"
remember_subtype,pace_aux,2005,factorized-identity-memory--remember_subtype--identity,greedy,exact_neural_policy_tree,80.0,0.0,20.0,20.0,0.0,20.0,0.0,0.0,2.0,0.2780719051126377,0.0,0.0,,0.5,0.500025316429987,0.002965768100693822,,{'2': 1.0},"{'policy_dri': True, 'active_frontier_distance': True, 'oracle_normalized_return': False, 'response_signature_accuracy': True, 'belief_calibration': True, 'partner_response_prediction_loss': False}"
remember_subtype,pace_aux,2005,factorized-identity-memory--remember_subtype--identity,stochastic,exact_neural_policy_tree,79.76688860235942,0.23311114633414567,20.00000025130643,20.00000025130643,0.0,20.233111397640577,-1.2565321583224432e-08,0.046622229266829136,2.0000000251306433,0.2780719086067007,0.0,0.005827778658357028,,0.5000000062826608,0.5000256297702865,0.003005181186600203,,{'2': 1.0000000125653214},"{'policy_dri': True, 'active_frontier_distance': True, 'oracle_normalized_return': False, 'response_signature_accuracy': True, 'belief_calibration': True, 'partner_response_prediction_loss': False}"
remember_subtype,pace_aux,2006,factorized-identity-memory--remember_subtype--identity,greedy,exact_neural_policy_tree,80.0,0.0,20.0,20.0,0.0,20.0,0.0,0.0,2.0,0.2780719051126377,0.0,0.0,,0.5,0.5005648834072871,0.014182551531121135,,{'2': 1.0},"{'policy_dri': True, 'active_frontier_distance': True, 'oracle_normalized_return': False, 'response_signature_accuracy': True, 'belief_calibration': True, 'partner_response_prediction_loss': False}"
remember_subtype,pace_aux,2006,factorized-identity-memory--remember_subtype--identity,stochastic,exact_neural_policy_tree,79.81205087715237,0.18794956988246514,19.99999955296516,19.999999552965157,3.552713678800501e-15,20.187949122847627,2.235174214604285e-08,0.03758991397649303,1.9999999552965162,0.27807189889724626,0.0,0.004698739247074919,,0.49999998882412905,0.5005640772349191,0.014152682579709197,,{'2': 0.9999999776482582},"{'policy_dri': True, 'active_frontier_distance': True, 'oracle_normalized_return': False, 'response_signature_accuracy': True, 'belief_calibration': True, 'partner_response_prediction_loss': False}"
remember_subtype,pace_aux,2007,factorized-identity-memory--remember_subtype--identity,greedy,exact_neural_policy_tree,80.0,0.0,20.0,20.0,0.0,20.0,0.0,0.0,2.0,0.2780719051126377,0.0,0.0,,0.5,0.5012415535401212,0.024853321723639965,,{'2': 1.0},"{'policy_dri': True, 'active_frontier_distance': True, 'oracle_normalized_return': False, 'response_signature_accuracy': True, 'belief_calibration': True, 'partner_response_prediction_loss': False}"
remember_subtype,pace_aux,2007,factorized-identity-memory--remember_subtype--identity,stochastic,exact_neural_policy_tree,79.78133587492502,0.21866464661561477,19.99999947845936,19.999999478459365,-3.552713678800501e-15,20.218664125074977,2.6077031733962032e-08,0.043732929323122956,1.9999999478459363,0.2780718978613478,0.0,0.005466616165405919,,0.49999998696148407,0.5012347792950091,0.02478245559968817,,{'2': 0.9999999739229684},"{'policy_dri': True, 'active_frontier_distance': True, 'oracle_normalized_return': False, 'response_signature_accuracy': True, 'belief_calibration': True, 'partner_response_prediction_loss': False}"
remember_subtype,pace_aux,2008,factorized-identity-memory--remember_subtype--identity,greedy,exact_neural_policy_tree,80.0,0.0,20.0,20.0,0.0,20.0,0.0,0.0,2.0,0.2780719051126377,0.0,0.0,,0.5,0.500512922719475,0.015632559079676867,,{'2': 1.0},"{'policy_dri': True, 'active_frontier_distance': True, 'oracle_normalized_return': False, 'response_signature_accuracy': True, 'belief_calibration': True, 'partner_response_prediction_loss': False}"
remember_subtype,pace_aux,2008,factorized-identity-memory--remember_subtype--identity,stochastic,exact_neural_policy_tree,79.76493197740557,0.23506858616862916,19.999999436425806,19.999999436425806,0.0,20.235068022594437,2.8178709676751625e-08,0.047013717233725834,1.9999999436425808,0.27807189727693016,0.0,0.0058767146542326185,,0.4999999859106452,0.5005082626713263,0.01554199793768074,,{'2': 0.9999999718212905},"{'policy_dri': True, 'active_frontier_distance': True, 'oracle_normalized_return': False, 'response_signature_accuracy': True, 'belief_calibration': True, 'partner_response_prediction_loss': False}"
remember_subtype,pace_aux,2009,factorized-identity-memory--remember_subtype--identity,greedy,exact_neural_policy_tree,80.0,0.0,20.0,20.0,0.0,20.0,0.0,0.0,2.0,0.2780719051126377,0.0,0.0,,0.5,0.5009365502158274,0.015987733844667673,,{'2': 1.0},"{'policy_dri': True, 'active_frontier_distance': True, 'oracle_normalized_return': False, 'response_signature_accuracy': True, 'belief_calibration': True, 'partner_response_prediction_loss': False}"
remember_subtype,pace_aux,2009,factorized-identity-memory--remember_subtype--identity,stochastic,exact_neural_policy_tree,79.78944351229363,0.2105574186312381,19.999999069075134,19.99999906907513,3.552713678800501e-15,20.210556487706373,4.6546243481770946e-08,0.04211148372624762,1.9999999069075134,0.2780718921694353,0.0,0.0052639354658324,,0.49999997672687835,0.5009381844553465,0.01597858592859669,,{'2': 0.9999999534537567},"{'policy_dri': True, 'active_frontier_distance': True, 'oracle_normalized_return': False, 'response_signature_accuracy': True, 'belief_calibration': True, 'partner_response_prediction_loss': False}"
remember_subtype,pace_aux,2010,factorized-identity-memory--remember_subtype--identity,greedy,exact_neural_policy_tree,80.0,0.0,20.0,20.0,0.0,20.0,0.0,0.0,2.0,0.2780719051126377,0.0,0.0,,0.5,0.500558304403349,0.01271359552629292,,{'2': 1.0},"{'policy_dri': True, 'active_frontier_distance': True, 'oracle_normalized_return': False, 'response_signature_accuracy': True, 'belief_calibration': True, 'partner_response_prediction_loss': False}"
remember_subtype,pace_aux,2010,factorized-identity-memory--remember_subtype--identity,stochastic,exact_neural_policy_tree,79.7998901880998,0.20011043474242735,19.999999377157785,19.999999377157785,0.0,20.200109811900212,3.1142110756832154e-08,0.04002208694848547,1.9999999377157784,0.2780718964528916,0.0,0.005002760868584916,,0.49999998442894455,0.5005642017566052,0.012785915798298297,,{'2': 0.999999968857889},"{'policy_dri': True, 'active_frontier_distance': True, 'oracle_normalized_return': False, 'response_signature_accuracy': True, 'belief_calibration': True, 'partner_response_prediction_loss': False}"
remember_subtype,pace_style,2001,factorized-identity-memory--remember_subtype--identity,greedy,exact_neural_policy_tree,80.0,0.0,20.0,20.0,0.0,20.0,0.0,0.0,2.0,0.2780719051126377,0.0,0.0,,0.5,0.5000025305239295,0.001092560589313507,,{'2': 1.0},"{'policy_dri': True, 'active_frontier_distance': True, 'oracle_normalized_return': False, 'response_signature_accuracy': True, 'belief_calibration': True, 'partner_response_prediction_loss': False}"
remember_subtype,pace_style,2001,factorized-identity-memory--remember_subtype--identity,stochastic,exact_neural_policy_tree,79.80110935654898,0.1988895140091854,20.000001129441845,20.00000112944184,3.552713678800501e-15,20.19889064345103,-5.647209206927073e-08,0.03977790280183708,2.0000001129441847,0.2780719208159398,0.0,0.004972237850309808,,0.5000000282360462,0.5000029529953348,0.0011405861238444892,,{'2': 1.0000000564720923},"{'policy_dri': True, 'active_frontier_distance': True, 'oracle_normalized_return': False, 'response_signature_accuracy': True, 'belief_calibration': True, 'partner_response_prediction_loss': False}"
remember_subtype,pace_style,2002,factorized-identity-memory--remember_subtype--identity,greedy,exact_neural_policy_tree,80.0,0.0,20.0,20.0,0.0,20.0,0.0,0.0,2.0,0.2780719051126377,0.0,0.0,,0.5,0.5000385449369078,0.003714997321367264,,{'2': 1.0},"{'policy_dri': True, 'active_frontier_distance': True, 'oracle_normalized_return': False, 'response_signature_accuracy': True, 'belief_calibration': True, 'partner_response_prediction_loss': False}"
remember_subtype,pace_style,2002,factorized-identity-memory--remember_subtype--identity,stochastic,exact_neural_policy_tree,79.7370156077306,0.26298601572194713,19.999998376547456,19.999998376547456,0.0,20.262984392269402,8.11726271976454e-08,0.05259720314438943,1.9999998376547456,0.2780718825408107,0.0,0.0065746503931739505,,0.4999999594136864,0.500038303341178,0.003716683535862242,,{'2': 0.9999999188273728},"{'policy_dri': True, 'active_frontier_distance': True, 'oracle_normalized_return': False, 'response_signature_accuracy': True, 'belief_calibration': True, 'partner_response_prediction_loss': False}"
remember_subtype,pace_style,2003,factorized-identity-memory--remember_subtype--identity,greedy,exact_neural_policy_tree,80.0,0.0,20.0,20.0,0.0,20.0,0.0,0.0,2.0,0.2780719051126377,0.0,0.0,,0.5,0.5000758731840579,0.006149591878056526,,{'2': 1.0},"{'policy_dri': True, 'active_frontier_distance': True, 'oracle_normalized_return': False, 'response_signature_accuracy': True, 'belief_calibration': True, 'partner_response_prediction_loss': False}"
remember_subtype,pace_style,2003,factorized-identity-memory--remember_subtype--identity,stochastic,exact_neural_policy_tree,79.73601696434417,0.2639832827751848,19.999999752880637,19.999999752880633,3.552713678800501e-15,20.263983035655823,1.2355968337374179e-08,0.05279665655503696,1.9999999752880637,0.27807190167679013,0.0,0.0065995820693825116,,0.49999999382201593,0.5000727320651881,0.005975884545013133,,{'2': 0.9999999876440319},"{'policy_dri': True, 'active_frontier_distance': True, 'oracle_normalized_return': False, 'response_signature_accuracy': True, 'belief_calibration': True, 'partner_response_prediction_loss': False}"
remember_subtype,pace_style,2004,factorized-identity-memory--remember_subtype--identity,greedy,exact_neural_policy_tree,80.0,0.0,20.0,20.0,0.0,20.0,0.0,0.0,2.0,0.2780719051126377,0.0,0.0,,0.5,0.500062579339898,0.005481775850057602,,{'2': 1.0},"{'policy_dri': True, 'active_frontier_distance': True, 'oracle_normalized_return': False, 'response_signature_accuracy': True, 'belief_calibration': True, 'partner_response_prediction_loss': False}"
remember_subtype,pace_style,2004,factorized-identity-memory--remember_subtype--identity,stochastic,exact_neural_policy_tree,79.67381338062052,0.32618557629818745,20.00000104308129,20.000001043081294,-3.552713678800501e-15,20.326186619379477,-5.215406471137385e-08,0.06523711525963749,2.0000001043081292,0.2780719196152178,0.0,0.00815463940749638,,0.5000000260770324,0.5000650280113971,0.005583195317812262,,{'2': 1.0000000521540646},"{'policy_dri': True, 'active_frontier_distance': True, 'oracle_normalized_return': False, 'response_signature_accuracy': True, 'belief_calibration': True, 'partner_response_prediction_loss': False}"
remember_subtype,pace_style,2005,factorized-identity-memory--remember_subtype--identity,greedy,exact_neural_policy_tree,80.0,0.0,20.0,20.0,0.0,20.0,0.0,0.0,2.0,0.2780719051126377,0.0,0.0,,0.5,0.50001384706544,0.001993432641029358,,{'2': 1.0},"{'policy_dri': True, 'active_frontier_distance': True, 'oracle_normalized_return': False, 'response_signature_accuracy': True, 'belief_calibration': True, 'partner_response_prediction_loss': False}"
remember_subtype,pace_style,2005,factorized-identity-memory--remember_subtype--identity,stochastic,exact_neural_policy_tree,79.79673083781053,0.20326919853687286,19.9999999636526,19.9999999636526,0.0,20.20326916218947,1.8173700766510592e-09,0.04065383970737457,1.9999999963652597,0.27807190460727804,0.0,0.005081729963421903,,0.4999999990913148,0.5000154373588493,0.0020967338394873303,,{'2': 0.9999999981826297},"{'policy_dri': True, 'active_frontier_distance': True, 'oracle_normalized_return': False, 'response_signature_accuracy': True, 'belief_calibration': True, 'partner_response_prediction_loss': False}"
remember_subtype,pace_style,2006,factorized-identity-memory--remember_subtype--identity,greedy,exact_neural_policy_tree,80.0,0.0,20.0,20.0,0.0,20.0,0.0,0.0,2.0,0.2780719051126377,0.0,0.0,,0.5,0.5009281672220438,0.021433230489492416,,{'2': 1.0},"{'policy_dri': True, 'active_frontier_distance': True, 'oracle_normalized_return': False, 'response_signature_accuracy': True, 'belief_calibration': True, 'partner_response_prediction_loss': False}"
remember_subtype,pace_style,2006,factorized-identity-memory--remember_subtype--identity,stochastic,exact_neural_policy_tree,79.7992566244254,0.20074326245869298,20.000000113115906,20.000000113115906,0.0,20.2007433755746,-5.655795298764588e-09,0.0401486524917386,2.0000000113115903,0.2780719066853554,0.0,0.0050185815614681205,,0.5000000028278977,0.500928169999,0.021433424072272667,,{'2': 1.0000000056557954},"{'policy_dri': True, 'active_frontier_distance': True, 'oracle_normalized_return': False, 'response_signature_accuracy': True, 'belief_calibration': True, 'partner_response_prediction_loss': False}"
remember_subtype,pace_style,2007,factorized-identity-memory--remember_subtype--identity,greedy,exact_neural_policy_tree,80.0,0.0,20.0,20.0,0.0,20.0,0.0,0.0,2.0,0.2780719051126377,0.0,0.0,,0.5,0.5003231913144027,0.010445363819599152,,{'2': 1.0},"{'policy_dri': True, 'active_frontier_distance': True, 'oracle_normalized_return': False, 'response_signature_accuracy': True, 'belief_calibration': True, 'partner_response_prediction_loss': False}"
remember_subtype,pace_style,2007,factorized-identity-memory--remember_subtype--identity,stochastic,exact_neural_policy_tree,79.80463631685481,0.19536350620606438,20.000000176939125,20.000000176939125,0.0,20.19536368314519,-8.846956234265235e-09,0.03907270124121288,2.0000000176939126,0.2780719075727277,0.0,0.004884087655153612,,0.5000000044234781,0.500322291095252,0.010431482134234171,,{'2': 1.0000000088469563},"{'policy_dri': True, 'active_frontier_distance': True, 'oracle_normalized_return': False, 'response_signature_accuracy': True, 'belief_calibration': True, 'partner_response_prediction_loss': False}"
remember_subtype,pace_style,2008,factorized-identity-memory--remember_subtype--identity,greedy,exact_neural_policy_tree,80.0,0.0,20.0,20.0,0.0,20.0,0.0,0.0,2.0,0.2780719051126377,0.0,0.0,,0.5,0.5000145085766521,0.002050219103693962,,{'2': 1.0},"{'policy_dri': True, 'active_frontier_distance': True, 'oracle_normalized_return': False, 'response_signature_accuracy': True, 'belief_calibration': True, 'partner_response_prediction_loss': False}"
remember_subtype,pace_style,2008,factorized-identity-memory--remember_subtype--identity,stochastic,exact_neural_policy_tree,79.77976579875454,0.22023494630351806,19.999999254941944,19.999999254941947,-3.552713678800501e-15,20.22023420124546,3.7252902629347774e-08,0.04404698926070361,1.9999999254941945,0.278071894753652,0.0,0.0055058736576194586,,0.4999999813735486,0.5000142880423945,0.0020509086884322736,,{'2': 0.9999999627470972},"{'policy_dri': True, 'active_frontier_distance': True, 'oracle_normalized_return': False, 'response_signature_accuracy': True, 'belief_calibration': True, 'partner_response_prediction_loss': False}"
remember_subtype,pace_style,2009,factorized-identity-memory--remember_subtype--identity,greedy,exact_neural_policy_tree,80.0,0.0,20.0,20.0,0.0,20.0,0.0,0.0,2.0,0.2780719051126377,0.0,0.0,,0.5,0.5000708671422968,0.005686204880475998,,{'2': 1.0},"{'policy_dri': True, 'active_frontier_distance': True, 'oracle_normalized_return': False, 'response_signature_accuracy': True, 'belief_calibration': True, 'partner_response_prediction_loss': False}"
remember_subtype,pace_style,2009,factorized-identity-memory--remember_subtype--identity,stochastic,exact_neural_policy_tree,79.78628309839787,0.213718464298156,19.999998437303972,19.999998437303972,0.0,20.21371690160213,7.813480138452177e-08,0.0427436928596312,1.9999998437303974,0.27807188338554467,0.0,0.005342961607596729,,0.49999996093259935,0.5000711793995516,0.005703272983556773,,{'2': 0.9999999218651987},"{'policy_dri': True, 'active_frontier_distance': True, 'oracle_normalized_return': False, 'response_signature_accuracy': True, 'belief_calibration': True, 'partner_response_prediction_loss': False}"
remember_subtype,pace_style,2010,factorized-identity-memory--remember_subtype--identity,greedy,exact_neural_policy_tree,80.0,0.0,20.0,20.0,0.0,20.0,0.0,0.0,2.0,0.2780719051126377,0.0,0.0,,0.5,0.5000227603389451,0.0027745813131332397,,{'2': 1.0},"{'policy_dri': True, 'active_frontier_distance': True, 'oracle_normalized_return': False, 'response_signature_accuracy': True, 'belief_calibration': True, 'partner_response_prediction_loss': False}"
remember_subtype,pace_style,2010,factorized-identity-memory--remember_subtype--identity,stochastic,exact_neural_policy_tree,79.77009807231201,0.2299032953367128,19.999998632351275,19.999998632351275,0.0,20.229901927687987,6.838243624684991e-08,0.04598065906734256,1.9999998632351277,0.2780718860974036,0.0,0.005747582383519519,,0.49999996580878187,0.500022505872539,0.002784809738728855,,{'2': 0.9999999316175638},"{'policy_dri': True, 'active_frontier_distance': True, 'oracle_normalized_return': False, 'response_signature_accuracy': True, 'belief_calibration': True, 'partner_response_prediction_loss': False}"
remember_subtype,talents_style,2001,factorized-identity-memory--remember_subtype--identity,greedy,exact_neural_policy_tree,80.0,0.0,20.0,20.0,0.0,20.0,0.0,0.0,2.0,0.2780719051126377,0.0,0.0,,0.5,0.5000726643191431,0.006019920110702515,0.001971313380636275,{'2': 1.0},"{'policy_dri': True, 'active_frontier_distance': True, 'oracle_normalized_return': False, 'response_signature_accuracy': True, 'belief_calibration': True, 'partner_response_prediction_loss': True}"
remember_subtype,talents_style,2001,factorized-identity-memory--remember_subtype--identity,stochastic,exact_neural_policy_tree,79.80605109979868,0.19394907233346637,19.999999827867853,19.999999827867857,-3.552713678800501e-15,20.19394890020132,8.606607160288603e-09,0.03878981446669327,1.9999999827867854,0.2780719027193821,0.0,0.004848726808338569,,0.4999999956966964,0.5000730358558237,0.00603521545943303,0.001968980383138285,{'2': 0.9999999913933928},"{'policy_dri': True, 'active_frontier_distance': True, 'oracle_normalized_return': False, 'response_signature_accuracy': True, 'belief_calibration': True, 'partner_response_prediction_loss': True}"
remember_subtype,talents_style,2002,factorized-identity-memory--remember_subtype--identity,greedy,exact_neural_policy_tree,80.0,0.0,20.0,20.0,0.0,20.0,0.0,0.0,2.0,0.2780719051126377,0.0,0.0,,0.5,0.5000008034699359,0.000629723072052002,0.0017777346656657758,{'2': 1.0},"{'policy_dri': True, 'active_frontier_distance': True, 'oracle_normalized_return': False, 'response_signature_accuracy': True, 'belief_calibration': True, 'partner_response_prediction_loss': True}"
remember_subtype,talents_style,2002,factorized-identity-memory--remember_subtype--identity,stochastic,exact_neural_policy_tree,79.79641808366821,0.203582079177026,19.999999837154768,19.999999837154764,3.552713678800501e-15,20.203581916331792,8.142261798127493e-09,0.0407164158354052,1.9999999837154767,0.27807190284850325,0.0,0.005089551979427278,,0.49999999592886923,0.5000008683538615,0.0006495665115925919,0.0017777758501387954,{'2': 0.9999999918577385},"{'policy_dri': True, 'active_frontier_distance': True, 'oracle_normalized_return': False, 'response_signature_accuracy': True, 'belief_calibration': True, 'partner_response_prediction_loss': True}"
remember_subtype,talents_style,2003,factorized-identity-memory--remember_subtype--identity,greedy,exact_neural_policy_tree,80.0,0.0,20.0,20.0,0.0,20.0,0.0,0.0,2.0,0.2780719051126377,0.0,0.0,,0.5,0.5001260528308729,0.007842063903808594,0.0017972473287954926,{'2': 1.0},"{'policy_dri': True, 'active_frontier_distance': True, 'oracle_normalized_return': False, 'response_signature_accuracy': True, 'belief_calibration': True, 'partner_response_prediction_loss': True}"
remember_subtype,talents_style,2003,factorized-identity-memory--remember_subtype--identity,stochastic,exact_neural_policy_tree,79.79286301428785,0.20713689268686372,20.000000093025285,20.00000009302529,-3.552713678800501e-15,20.20713698571215,-4.6512644402696425e-09,0.041427378537372744,2.0000000093025285,0.2780719064060237,0.0,0.005178422317172115,,0.5000000023256322,0.5001248011912356,0.007801174126212951,0.001798176727095867,{'2': 1.0000000046512645},"{'policy_dri': True, 'active_frontier_distance': True, 'oracle_normalized_return': False, 'response_signature_accuracy': True, 'belief_calibration': True, 'partner_response_prediction_loss': True}"
remember_subtype,talents_style,2004,factorized-identity-memory--remember_subtype--identity,greedy,exact_neural_policy_tree,80.0,0.0,20.0,20.0,0.0,20.0,0.0,0.0,2.0,0.2780719051126377,0.0,0.0,,0.5,0.5009787641647518,0.02209344506263733,0.0014901955146342516,{'2': 1.0},"{'policy_dri': True, 'active_frontier_distance': True, 'oracle_normalized_return': False, 'response_signature_accuracy': True, 'belief_calibration': True, 'partner_response_prediction_loss': True}"
remember_subtype,talents_style,2004,factorized-identity-memory--remember_subtype--identity,stochastic,exact_neural_policy_tree,79.81579617097317,0.1842036470770836,20.000000181949748,20.000000181949744,3.552713678800501e-15,20.18420382902683,-9.097487208009625e-09,0.03684072941541672,2.000000018194975,0.27807190764239326,0.0,0.004605091176929336,,0.5000000045487436,0.5009792331827009,0.02209874832774783,0.0014953739636029706,{'2': 1.0000000090974872},"{'policy_dri': True, 'active_frontier_distance': True, 'oracle_normalized_return': False, 'response_signature_accuracy': True, 'belief_calibration': True, 'partner_response_prediction_loss': True}"
remember_subtype,talents_style,2005,factorized-identity-memory--remember_subtype--identity,greedy,exact_neural_policy_tree,80.0,0.0,20.0,20.0,0.0,20.0,0.0,0.0,2.0,0.2780719051126377,0.0,0.0,,0.5,0.500000252387089,0.0003033280372619629,0.0020611927611753345,{'2': 1.0},"{'policy_dri': True, 'active_frontier_distance': True, 'oracle_normalized_return': False, 'response_signature_accuracy': True, 'belief_calibration': True, 'partner_response_prediction_loss': True}"
remember_subtype,talents_style,2005,factorized-identity-memory--remember_subtype--identity,stochastic,exact_neural_policy_tree,79.76706142265928,0.23293818584268713,20.000000391498038,20.000000391498038,0.0,20.232938577340725,-1.957490187720623e-08,0.04658763716853743,2.000000039149804,0.278071910555868,0.0,0.005823454646075404,,0.500000009787451,0.5000002703134236,0.0003045193069219909,0.002057515328611003,{'2': 1.000000019574902},"{'policy_dri': True, 'active_frontier_distance': True, 'oracle_normalized_return': False, 'response_signature_accuracy': True, 'belief_calibration': True, 'partner_response_prediction_loss': True}"
remember_subtype,talents_style,2006,factorized-identity-memory--remember_subtype--identity,greedy,exact_neural_policy_tree,80.0,0.0,20.0,20.0,0.0,20.0,0.0,0.0,2.0,0.2780719051126377,0.0,0.0,,0.5,0.5000074050592294,0.001923978328704834,0.0016107067349366844,{'2': 1.0},"{'policy_dri': True, 'active_frontier_distance': True, 'oracle_normalized_return': False, 'response_signature_accuracy': True, 'belief_calibration': True, 'partner_response_prediction_loss': True}"
remember_subtype,talents_style,2006,factorized-identity-memory--remember_subtype--identity,stochastic,exact_neural_policy_tree,79.8178836547871,0.18211621791124344,20.000000127301654,20.000000127301654,0.0,20.182116345212897,-6.365082683146284e-09,0.03642324358224869,2.0000000127301654,0.2780719068825885,0.0,0.004552905447782198,,0.5000000031825413,0.5000073275348343,0.0019125578235631435,0.0016109148322869683,{'2': 1.0000000063650827},"{'policy_dri': True, 'active_frontier_distance': True, 'oracle_normalized_return': False, 'response_signature_accuracy': True, 'belief_calibration': True, 'partner_response_prediction_loss': True}"
remember_subtype,talents_style,2007,factorized-identity-memory--remember_subtype--identity,greedy,exact_neural_policy_tree,80.0,0.0,20.0,20.0,0.0,20.0,0.0,0.0,2.0,0.2780719051126377,0.0,0.0,,0.5,0.5001206117381423,0.007759690284729004,0.0018673927406780426,{'2': 1.0},"{'policy_dri': True, 'active_frontier_distance': True, 'oracle_normalized_return': False, 'response_signature_accuracy': True, 'belief_calibration': True, 'partner_response_prediction_loss': True}"
remember_subtype,talents_style,2007,factorized-identity-memory--remember_subtype--identity,stochastic,exact_neural_policy_tree,79.8306304185104,0.16937028616666794,19.999999295322937,19.999999295322937,0.0,20.169369581489605,3.523385316839267e-08,0.03387405723333359,1.9999999295322939,0.27807189531509313,0.0,0.004234257154203347,,0.4999999823830734,0.5001221061805895,0.007804604812813143,0.001867862225649989,{'2': 0.9999999647661468},"{'policy_dri': True, 'active_frontier_distance': True, 'oracle_normalized_return': False, 'response_signature_accuracy': True, 'belief_calibration': True, 'partner_response_prediction_loss': True}"
remember_subtype,talents_style,2008,factorized-identity-memory--remember_subtype--identity,greedy,exact_neural_policy_tree,80.0,0.0,20.0,20.0,0.0,20.0,0.0,0.0,2.0,0.2780719051126377,0.0,0.0,,0.5,0.5000001827271632,0.00022047758102416992,0.0015150741674005987,{'2': 1.0},"{'policy_dri': True, 'active_frontier_distance': True, 'oracle_normalized_return': False, 'response_signature_accuracy': True, 'belief_calibration': True, 'partner_response_prediction_loss': True}"
remember_subtype,talents_style,2008,factorized-identity-memory--remember_subtype--identity,stochastic,exact_neural_policy_tree,79.77902753165608,0.22097275319614254,19.999999715147773,19.999999715147773,0.0,20.220972468343916,1.4242611356962698e-08,0.04419455063922851,1.9999999715147772,0.27807190115216757,0.0,0.005524318829908154,,0.49999999287869434,0.500000174462752,0.00022118486326566655,0.0015172070927002843,{'2': 0.9999999857573886},"{'policy_dri': True, 'active_frontier_distance': True, 'oracle_normalized_return': False, 'response_signature_accuracy': True, 'belief_calibration': True, 'partner_response_prediction_loss': True}"
remember_subtype,talents_style,2009,factorized-identity-memory--remember_subtype--identity,greedy,exact_neural_policy_tree,80.0,0.0,20.0,20.0,0.0,20.0,0.0,0.0,2.0,0.2780719051126377,0.0,0.0,,0.5,0.5002778877048062,0.011713951826095581,0.0016269444022327662,{'2': 1.0},"{'policy_dri': True, 'active_frontier_distance': True, 'oracle_normalized_return': False, 'response_signature_accuracy': True, 'belief_calibration': True, 'partner_response_prediction_loss': True}"
remember_subtype,talents_style,2009,factorized-identity-memory--remember_subtype--identity,stochastic,exact_neural_policy_tree,79.76311795826271,0.23688291071878725,19.999999131018498,19.999999131018498,0.0,20.236882041737285,4.344907509334917e-08,0.04737658214375745,1.99999991310185,0.27807189303067054,0.0,0.005922072768009529,,0.49999997827546244,0.5002736316381851,0.01161519085154239,0.001630552860151181,{'2': 0.9999999565509249},"{'policy_dri': True, 'active_frontier_distance': True, 'oracle_normalized_return': False, 'response_signature_accuracy': True, 'belief_calibration': True, 'partner_response_prediction_loss': True}"
remember_subtype,talents_style,2010,factorized-identity-memory--remember_subtype--identity,greedy,exact_neural_policy_tree,80.0,0.0,20.0,20.0,0.0,20.0,0.0,0.0,2.0,0.2780719051126377,0.0,0.0,,0.5,0.50003040674595,0.0038986504077911377,0.0016949030687101185,{'2': 1.0},"{'policy_dri': True, 'active_frontier_distance': True, 'oracle_normalized_return': False, 'response_signature_accuracy': True, 'belief_calibration': True, 'partner_response_prediction_loss': True}"
remember_subtype,talents_style,2010,factorized-identity-memory--remember_subtype--identity,stochastic,exact_neural_policy_tree,79.70826851204038,0.2917306683957577,20.000000819563866,20.000000819563866,0.0,20.291731487959623,-4.0978193283081055e-08,0.058346133679151535,2.0000000819563866,0.27807191650752194,0.0,0.007293266709922722,,0.5000000204890966,0.5000305218082032,0.0039046530788791056,0.0016911427547107894,{'2': 1.0000000409781933},"{'policy_dri': True, 'active_frontier_distance': True, 'oracle_normalized_return': False, 'response_signature_accuracy': True, 'belief_calibration': True, 'partner_response_prediction_loss': True}"
remember_subtype,tom_selector_style,2001,factorized-identity-memory--remember_subtype--identity,greedy,exact_neural_policy_tree,80.0,0.0,20.0,20.0,0.0,20.0,0.0,0.0,2.0,0.2780719051126377,0.0,0.0,,0.5,0.5000000002100586,1.0132789611816406e-05,0.001743283646646887,{'2': 1.0},"{'policy_dri': True, 'active_frontier_distance': True, 'oracle_normalized_return': False, 'response_signature_accuracy': True, 'belief_calibration': True, 'partner_response_prediction_loss': True}"
remember_subtype,tom_selector_style,2001,factorized-identity-memory--remember_subtype--identity,stochastic,exact_neural_policy_tree,79.98481829443263,0.015180966843308944,20.00000073872406,20.000000738724065,-3.552713678800501e-15,20.01518170556737,-3.693620325151414e-08,0.0030361933686617886,2.0000000738724064,0.27807191538355797,0.0,0.0003795241715320636,,0.5000000184681015,0.500000018677895,1.0125551113793207e-05,0.0017430753443916983,{'2': 1.0000000369362032},"{'policy_dri': True, 'active_frontier_distance': True, 'oracle_normalized_return': False, 'response_signature_accuracy': True, 'belief_calibration': True, 'partner_response_prediction_loss': True}"
remember_subtype,tom_selector_style,2002,factorized-identity-memory--remember_subtype--identity,greedy,exact_neural_policy_tree,80.0,0.0,20.0,20.0,0.0,20.0,0.0,0.0,2.0,0.2780719051126377,0.0,0.0,,0.5,0.5000000478178084,0.00015249848365783691,0.001577562594320625,{'2': 1.0},"{'policy_dri': True, 'active_frontier_distance': True, 'oracle_normalized_return': False, 'response_signature_accuracy': True, 'belief_calibration': True, 'partner_response_prediction_loss': True}"
remember_subtype,tom_selector_style,2002,factorized-identity-memory--remember_subtype--identity,stochastic,exact_neural_policy_tree,79.98455862258835,0.01544092106358589,20.000000456348065,20.000000456348065,0.0,20.01544137741165,-2.2817403255714907e-08,0.003088184212717178,2.0000000456348066,0.2780719114575166,0.0,0.00038602302675823624,,0.5000000114087015,0.5000000592194247,0.00015248597151384935,0.0015774293518449071,{'2': 1.0000000228174033},"{'policy_dri': True, 'active_frontier_distance': True, 'oracle_normalized_return': False, 'response_signature_accuracy': True, 'belief_calibration': True, 'partner_response_prediction_loss': True}"
remember_subtype,tom_selector_style,2003,factorized-identity-memory--remember_subtype--identity,greedy,exact_neural_policy_tree,80.0,0.0,20.0,20.0,0.0,20.0,0.0,0.0,2.0,0.2780719051126377,0.0,0.0,,0.5,0.5000000479981948,0.0001417100429534912,0.0013731170329265299,{'2': 1.0},"{'policy_dri': True, 'active_frontier_distance': True, 'oracle_normalized_return': False, 'response_signature_accuracy': True, 'belief_calibration': True, 'partner_response_prediction_loss': True}"
remember_subtype,tom_selector_style,2003,factorized-identity-memory--remember_subtype--identity,stochastic,exact_neural_policy_tree,79.97803483518358,0.02196352961605086,20.000001635200373,20.000001635200373,0.0,20.021965164816425,-8.176001866644356e-08,0.004392705923210172,2.0000001635200375,0.2780719278478019,0.0,0.0005490882419230443,,0.5000000408800094,0.500000088861905,0.00014168151740112656,0.0013730409601415189,{'2': 1.0000000817600188},"{'policy_dri': True, 'active_frontier_distance': True, 'oracle_normalized_return': False, 'response_signature_accuracy': True, 'belief_calibration': True, 'partner_response_prediction_loss': True}"
remember_subtype,tom_selector_style,2004,factorized-identity-memory--remember_subtype--identity,greedy,exact_neural_policy_tree,80.0,0.0,20.0,20.0,0.0,20.0,0.0,0.0,2.0,0.2780719051126377,0.0,0.0,,0.5,0.5000002751729689,0.00036004185676574707,0.000956790754571557,{'2': 1.0},"{'policy_dri': True, 'active_frontier_distance': True, 'oracle_normalized_return': False, 'response_signature_accuracy': True, 'belief_calibration': True, 'partner_response_prediction_loss': True}"
remember_subtype,tom_selector_style,2004,factorized-identity-memory--remember_subtype--identity,stochastic,exact_neural_policy_tree,79.98142048229498,0.01858082422482442,19.999998693480197,19.9999986934802,-3.552713678800501e-15,20.01857951770502,6.532598995079297e-08,0.0037161648449648838,1.9999998693480199,0.2780718869473151,0.0,0.00046452060676896776,,0.4999999673370049,0.5000002425545299,0.0003600696342403453,0.000956758446542341,{'2': 0.9999999346740099},"{'policy_dri': True, 'active_frontier_distance': True, 'oracle_normalized_return': False, 'response_signature_accuracy': True, 'belief_calibration': True, 'partner_response_prediction_loss': True}"
remember_subtype,tom_selector_style,2005,factorized-identity-memory--remember_subtype--identity,greedy,exact_neural_policy_tree,80.0,0.0,20.0,20.0,0.0,20.0,0.0,0.0,2.0,0.2780719051126377,0.0,0.0,,0.5,0.5000000186243061,9.420514106750488e-05,0.002600621315650642,{'2': 1.0},"{'policy_dri': True, 'active_frontier_distance': True, 'oracle_normalized_return': False, 'response_signature_accuracy': True, 'belief_calibration': True, 'partner_response_prediction_loss': True}"
remember_subtype,tom_selector_style,2005,factorized-identity-memory--remember_subtype--identity,stochastic,exact_neural_policy_tree,79.98534745005473,0.014652895697708208,19.99999965424756,19.999999654247564,-3.552713678800501e-15,20.014652549945268,1.7287621822958955e-08,0.0029305791395416417,1.999999965424756,0.2780719003054357,0.0,0.0003663223925446857,,0.499999991356189,0.5000000099769067,9.419675467348121e-05,0.002600341503392118,{'2': 0.9999999827123781},"{'policy_dri': True, 'active_frontier_distance': True, 'oracle_normalized_return': False, 'response_signature_accuracy': True, 'belief_calibration': True, 'partner_response_prediction_loss': True}"
remember_subtype,tom_selector_style,2006,factorized-identity-memory--remember_subtype--identity,greedy,exact_neural_policy_tree,80.0,0.0,20.0,20.0,0.0,20.0,0.0,0.0,2.0,0.2780719051126377,0.0,0.0,,0.5,0.5000000014435235,2.6792287826538086e-05,0.002314303070306778,{'2': 1.0},"{'policy_dri': True, 'active_frontier_distance': True, 'oracle_normalized_return': False, 'response_signature_accuracy': True, 'belief_calibration': True, 'partner_response_prediction_loss': True}"
remember_subtype,tom_selector_style,2006,factorized-identity-memory--remember_subtype--identity,stochastic,exact_neural_policy_tree,79.97560194584442,0.02439756986785988,20.00000048428772,20.000000484287725,-3.552713678800501e-15,20.02439805415558,-2.4214386229459705e-08,0.004879513973571976,2.000000048428772,0.27807191184597835,0.0,0.0006099392468166599,,0.5000000121071931,0.5000000135509693,2.6790688813171926e-05,0.0023138005414355435,{'2': 1.000000024214386},"{'policy_dri': True, 'active_frontier_distance': True, 'oracle_normalized_return': False, 'response_signature_accuracy': True, 'belief_calibration': True, 'partner_response_prediction_loss': True}"
remember_subtype,tom_selector_style,2007,factorized-identity-memory--remember_subtype--identity,greedy,exact_neural_policy_tree,80.0,0.0,20.0,20.0,0.0,20.0,0.0,0.0,2.0,0.2780719051126377,0.0,0.0,,0.5,0.5000000007722205,1.952052116394043e-05,0.0017365359817631543,{'2': 1.0},"{'policy_dri': True, 'active_frontier_distance': True, 'oracle_normalized_return': False, 'response_signature_accuracy': True, 'belief_calibration': True, 'partner_response_prediction_loss': True}"
remember_subtype,tom_selector_style,2007,factorized-identity-memory--remember_subtype--identity,stochastic,exact_neural_policy_tree,79.98177950736135,0.018219579942524433,20.000000912696123,20.000000912696127,-3.552713678800501e-15,20.018220492638648,-4.5634806333794134e-08,0.0036439159885048866,2.0000000912696123,0.27807191780239526,0.0,0.0004554894991346211,,0.5000000228174031,0.5000000235894072,1.9516938348562718e-05,0.001736339126726263,{'2': 1.0000000456348062},"{'policy_dri': True, 'active_frontier_distance': True, 'oracle_normalized_return': False, 'response_signature_accuracy': True, 'belief_calibration': True, 'partner_response_prediction_loss': True}"
remember_subtype,tom_selector_style,2008,factorized-identity-memory--remember_subtype--identity,greedy,exact_neural_policy_tree,80.0,0.0,20.0,20.0,0.0,20.0,0.0,0.0,2.0,0.2780719051126377,0.0,0.0,,0.5,0.5000001077109233,0.000232011079788208,0.001563630998134613,{'2': 1.0},"{'policy_dri': True, 'active_frontier_distance': True, 'oracle_normalized_return': False, 'response_signature_accuracy': True, 'belief_calibration': True, 'partner_response_prediction_loss': True}"
remember_subtype,tom_selector_style,2008,factorized-identity-memory--remember_subtype--identity,stochastic,exact_neural_policy_tree,79.97581432035751,0.024186888920161437,19.99999879072232,19.99999879072232,0.0,20.024185679642482,6.046388403291303e-08,0.004837377784032287,1.9999998790722318,0.27807188829933016,0.0,0.0006046722237597927,,0.49999996976805794,0.5000000774664506,0.00023199765867598643,0.0015632702712500492,{'2': 0.999999939536116},"{'policy_dri': True, 'active_frontier_distance': True, 'oracle_normalized_return': False, 'response_signature_accuracy': True, 'belief_calibration': True, 'partner_response_prediction_loss': True}"
remember_subtype,tom_selector_style,2009,factorized-identity-memory--remember_subtype--identity,greedy,exact_neural_policy_tree,80.0,0.0,20.0,20.0,0.0,20.0,0.0,0.0,2.0,0.2780719051126377,0.0,0.0,,0.5,0.5000000394785133,0.00014013051986694336,0.0018093296675942838,{'2': 1.0},"{'policy_dri': True, 'active_frontier_distance': True, 'oracle_normalized_return': False, 'response_signature_accuracy': True, 'belief_calibration': True, 'partner_response_prediction_loss': True}"
remember_subtype,tom_selector_style,2009,factorized-identity-memory--remember_subtype--identity,stochastic,exact_neural_policy_tree,79.9826166452809,0.01738416289738063,19.999999191821722,19.999999191821725,-3.552713678800501e-15,20.0173833547191,4.0408913726253107e-08,0.0034768325794761264,1.9999999191821722,0.27807189387605397,0.0,0.0004346040729041617,,0.49999997979554306,0.5000000192751908,0.00014013258671247142,0.0018092771244985874,{'2': 0.9999999595910858},"{'policy_dri': True, 'active_frontier_distance': True, 'oracle_normalized_return': False, 'response_signature_accuracy': True, 'belief_calibration': True, 'partner_response_prediction_loss': True}"
remember_subtype,tom_selector_style,2010,factorized-identity-memory--remember_subtype--identity,greedy,exact_neural_policy_tree,80.0,0.0,20.0,20.0,0.0,20.0,0.0,0.0,2.0,0.2780719051126377,0.0,0.0,,0.5,0.5000000016660473,2.4765729904174805e-05,0.0018930970109067857,{'2': 1.0},"{'policy_dri': True, 'active_frontier_distance': True, 'oracle_normalized_return': False, 'response_signature_accuracy': True, 'belief_calibration': True, 'partner_response_prediction_loss': True}"
remember_subtype,tom_selector_style,2010,factorized-identity-memory--remember_subtype--identity,stochastic,exact_neural_policy_tree,79.97486582366005,0.025136189818715727,19.999997986521233,19.99999798652123,3.552713678800501e-15,20.02513417633995,1.0067393851898032e-07,0.0050272379637431456,1.9999997986521234,0.2780718771180437,0.0,0.0006284047474839589,,0.49999994966303074,0.4999999513280143,2.476018372676858e-05,0.0018929408906969332,{'2': 0.9999998993260616},"{'policy_dri': True, 'active_frontier_distance': True, 'oracle_normalized_return': False, 'response_signature_accuracy': True, 'belief_calibration': True, 'partner_response_prediction_loss': True}"
active_response,mlp_ppo,2001,factorized-identity-memory--active_response--identity,greedy,exact_neural_policy_tree,80.0,0.0,20.0,20.0,0.0,20.0,0.0,0.0,2.0,0.2780719051126377,0.0,0.0,0.0,,,,,{'2': 1.0},"{'policy_dri': True, 'active_frontier_distance': True, 'oracle_normalized_return': True, 'response_signature_accuracy': False, 'belief_calibration': False, 'partner_response_prediction_loss': False}"
active_response,mlp_ppo,2001,factorized-identity-memory--active_response--identity,stochastic,exact_neural_policy_tree,79.72942433195044,0.2705749974973498,20.000000670552215,19.350620676558577,0.6493799939936373,20.270575668049563,0.03246896617207114,0.05411499949946996,2.000000067055222,0.2780719144357243,0.015047861005987049,6.4476174645060444e-09,-0.038653666864222815,,,,,{'2': 1.000000033527611},"{'policy_dri': True, 'active_frontier_distance': True, 'oracle_normalized_return': True, 'response_signature_accuracy': False, 'belief_calibration': False, 'partner_response_prediction_loss': False}"
active_response,mlp_ppo,2002,factorized-identity-memory--active_response--identity,greedy,exact_neural_policy_tree,80.0,0.0,20.0,20.0,0.0,20.0,0.0,0.0,2.0,0.2780719051126377,0.0,0.0,0.0,,,,,{'2': 1.0},"{'policy_dri': True, 'active_frontier_distance': True, 'oracle_normalized_return': True, 'response_signature_accuracy': False, 'belief_calibration': False, 'partner_response_prediction_loss': False}"
active_response,mlp_ppo,2002,factorized-identity-memory--active_response--identity,stochastic,exact_neural_policy_tree,79.77811289289932,0.22188613852519193,20.00000096857549,19.46747423611503,0.5325267324604575,20.22188710710068,0.02662628819424846,0.04437722770503838,2.000000096857549,0.27807191857931923,0.012340060251557343,9.313225876659367e-09,-0.03169815815724064,,,,,{'2': 1.0000000484287745},"{'policy_dri': True, 'active_frontier_distance': True, 'oracle_normalized_return': True, 'response_signature_accuracy': False, 'belief_calibration': False, 'partner_response_prediction_loss': False}"
active_response,mlp_ppo,2003,factorized-identity-memory--active_response--identity,greedy,exact_neural_policy_tree,80.0,0.0,20.0,20.0,0.0,20.0,0.0,0.0,2.0,0.2780719051126377,0.0,0.0,0.0,,,,,{'2': 1.0},"{'policy_dri': True, 'active_frontier_distance': True, 'oracle_normalized_return': True, 'response_signature_accuracy': False, 'belief_calibration': False, 'partner_response_prediction_loss': False}"
active_response,mlp_ppo,2003,factorized-identity-memory--active_response--identity,stochastic,exact_neural_policy_tree,79.78303281590343,0.2169674076139927,19.999999776482586,19.479277998209003,0.5207217782735825,20.21696718409658,0.02603610008954984,0.04339348152279854,1.9999999776482584,0.27807190200494186,0.012066508076514625,2.149205905925224e-09,-0.0309953120137964,,,,,{'2': 0.9999999888241294},"{'policy_dri': True, 'active_frontier_distance': True, 'oracle_normalized_return': True, 'response_signature_accuracy': False, 'belief_calibration': False, 'partner_response_prediction_loss': False}"
active_response,mlp_ppo,2004,factorized-identity-memory--active_response--identity,greedy,exact_neural_policy_tree,80.0,0.0,20.0,20.0,0.0,20.0,0.0,0.0,2.0,0.2780719051126377,0.0,0.0,0.0,,,,,{'2': 1.0},"{'policy_dri': True, 'active_frontier_distance': True, 'oracle_normalized_return': True, 'response_signature_accuracy': False, 'belief_calibration': False, 'partner_response_prediction_loss': False}"
active_response,mlp_ppo,2004,factorized-identity-memory--active_response--identity,stochastic,exact_neural_policy_tree,79.76652611742838,0.23347462762967847,19.999999254941944,19.439660148630715,0.5603391063112291,20.233473882571623,0.02801699256846426,0.04669492552593569,1.9999999254941945,0.27807189475365224,0.012984546900089676,7.164019783650888e-09,-0.03335341179594512,,,,,{'2': 0.9999999627470971},"{'policy_dri': True, 'active_frontier_distance': True, 'oracle_normalized_return': True, 'response_signature_accuracy': False, 'belief_calibration': False, 'partner_response_prediction_loss': False}"
active_response,mlp_ppo,2005,factorized-identity-memory--active_response--identity,greedy,exact_neural_policy_tree,80.0,0.0,20.0,20.0,0.0,20.0,0.0,0.0,2.0,0.2780719051126377,0.0,0.0,0.0,,,,,{'2': 1.0},"{'policy_dri': True, 'active_frontier_distance': True, 'oracle_normalized_return': True, 'response_signature_accuracy': False, 'belief_calibration': False, 'partner_response_prediction_loss': False}"
active_response,mlp_ppo,2005,factorized-identity-memory--active_response--identity,stochastic,exact_neural_policy_tree,79.7599938210847,0.24000602990370878,20.00000014901159,19.42398567724269,0.5760144717689002,20.240006178915298,0.02880071613786548,0.04800120598074176,2.000000014901159,0.27807190718443475,0.013347786794769,1.432803752246312e-09,-0.03428659698789919,,,,,{'2': 1.0000000074505797},"{'policy_dri': True, 'active_frontier_distance': True, 'oracle_normalized_return': True, 'response_signature_accuracy': False, 'belief_calibration': False, 'partner_response_prediction_loss': False}"
active_response,mlp_ppo,2006,factorized-identity-memory--active_response--identity,greedy,exact_neural_policy_tree,80.0,0.0,20.0,20.0,0.0,20.0,0.0,0.0,2.0,0.2780719051126377,0.0,0.0,0.0,,,,,{'2': 1.0},"{'policy_dri': True, 'active_frontier_distance': True, 'oracle_normalized_return': True, 'response_signature_accuracy': False, 'belief_calibration': False, 'partner_response_prediction_loss': False}"
active_response,mlp_ppo,2006,factorized-identity-memory--active_response--identity,stochastic,exact_neural_policy_tree,79.78463652254236,0.21536384998667668,19.999999627470963,19.483126387502942,0.5168732399680209,20.21536347745764,0.025843680624852892,0.04307276999733534,1.9999999627470963,0.27807189993314474,0.011977327211637504,3.582009933859128e-09,-0.030766211065377597,,,,,{'2': 0.9999999813735481},"{'policy_dri': True, 'active_frontier_distance': True, 'oracle_normalized_return': True, 'response_signature_accuracy': False, 'belief_calibration': False, 'partner_response_prediction_loss': False}"
active_response,mlp_ppo,2007,factorized-identity-memory--active_response--identity,greedy,exact_neural_policy_tree,80.0,0.0,20.0,20.0,0.0,20.0,0.0,0.0,2.0,0.2780719051126377,0.0,0.0,0.0,,,,,{'2': 1.0},"{'policy_dri': True, 'active_frontier_distance': True, 'oracle_normalized_return': True, 'response_signature_accuracy': False, 'belief_calibration': False, 'partner_response_prediction_loss': False}"
active_response,mlp_ppo,2007,factorized-identity-memory--active_response--identity,stochastic,exact_neural_policy_tree,79.74190717563033,0.25809334591031075,19.999999478459358,19.380575448274612,0.6194240301847458,20.25809282436967,0.030971227586269377,0.05161866918206215,1.9999999478459358,0.2780718978613478,0.014353701678835023,5.014813868117964e-09,-0.03687040348138128,,,,,{'2': 0.9999999739229679},"{'policy_dri': True, 'active_frontier_distance': True, 'oracle_normalized_return': True, 'response_signature_accuracy': False, 'belief_calibration': False, 'partner_response_prediction_loss': False}"
active_response,mlp_ppo,2008,factorized-identity-memory--active_response--identity,greedy,exact_neural_policy_tree,80.0,0.0,20.0,20.0,0.0,20.0,0.0,0.0,2.0,0.2780719051126377,0.0,0.0,0.0,,,,,{'2': 1.0},"{'policy_dri': True, 'active_frontier_distance': True, 'oracle_normalized_return': True, 'response_signature_accuracy': False, 'belief_calibration': False, 'partner_response_prediction_loss': False}"
active_response,mlp_ppo,2008,factorized-identity-memory--active_response--identity,stochastic,exact_neural_policy_tree,79.76304682677846,0.23695354575057173,19.999999627470963,19.431311117669594,0.568688509801369,20.236953173221536,0.028434444116520297,0.04739070915011435,1.9999999627470966,0.27807189993314474,0.013178024778011208,3.5820099370616947e-09,-0.03385045331736235,,,,,{'2': 0.9999999813735484},"{'policy_dri': True, 'active_frontier_distance': True, 'oracle_normalized_return': True, 'response_signature_accuracy': False, 'belief_calibration': False, 'partner_response_prediction_loss': False}"
active_response,mlp_ppo,2009,factorized-identity-memory--active_response--identity,greedy,exact_neural_policy_tree,80.0,0.0,20.0,20.0,0.0,20.0,0.0,0.0,2.0,0.2780719051126377,0.0,0.0,0.0,,,,,{'2': 1.0},"{'policy_dri': True, 'active_frontier_distance': True, 'oracle_normalized_return': True, 'response_signature_accuracy': False, 'belief_calibration': False, 'partner_response_prediction_loss': False}"
active_response,mlp_ppo,2009,factorized-identity-memory--active_response--identity,stochastic,exact_neural_policy_tree,79.71341190005577,0.28658772741519567,20.000000372529026,19.31218982673256,0.6878105457964665,20.286588099944222,0.03439050866337201,0.05731754548303914,2.0000000372529025,0.2780719102921302,0.015938399068848946,3.582009901833464e-09,-0.04094115713488934,,,,,{'2': 1.0000000186264513},"{'policy_dri': True, 'active_frontier_distance': True, 'oracle_normalized_return': True, 'response_signature_accuracy': False, 'belief_calibration': False, 'partner_response_prediction_loss': False}"
active_response,mlp_ppo,2010,factorized-identity-memory--active_response--identity,greedy,exact_neural_policy_tree,80.0,0.0,20.0,20.0,0.0,20.0,0.0,0.0,2.0,0.2780719051126377,0.0,0.0,0.0,,,,,{'2': 1.0},"{'policy_dri': True, 'active_frontier_distance': True, 'oracle_normalized_return': True, 'response_signature_accuracy': False, 'belief_calibration': False, 'partner_response_prediction_loss': False}"
active_response,mlp_ppo,2010,factorized-identity-memory--active_response--identity,stochastic,exact_neural_policy_tree,79.79293771705218,0.20706436911033468,19.99999791383748,19.503043427972678,0.4969544858648014,20.207062282947813,0.02484782860136612,0.04141287382206694,1.999999791383748,0.2780718761074785,0.011515756719891437,2.005925498941809e-08,-0.0295803261354024,,,,,{'2': 0.999999895691874},"{'policy_dri': True, 'active_frontier_distance': True, 'oracle_normalized_return': True, 'response_signature_accuracy': False, 'belief_calibration': False, 'partner_response_prediction_loss': False}"
active_response,gru_ppo_passive,2001,factorized-identity-memory--active_response--identity,greedy,exact_neural_policy_tree,80.0,0.0,20.0,20.0,0.0,20.0,0.0,0.0,2.0,0.2780719051126377,0.0,0.0,0.0,,,,,{'2': 1.0},"{'policy_dri': True, 'active_frontier_distance': True, 'oracle_normalized_return': True, 'response_signature_accuracy': False, 'belief_calibration': False, 'partner_response_prediction_loss': False}"
active_response,gru_ppo_passive,2001,factorized-identity-memory--active_response--identity,stochastic,exact_neural_policy_tree,79.99999970197678,0.0,20.000000298023224,20.000000298023224,0.0,20.000000298023224,-1.4901161193847656e-08,0.0,2.0000000298023224,0.278071909256232,0.0,7.450580596923828e-09,-4.257474626813616e-08,,,,,{'2': 1.0000000149011612},"{'policy_dri': True, 'active_frontier_distance': True, 'oracle_normalized_return': True, 'response_signature_accuracy': False, 'belief_calibration': False, 'partner_response_prediction_loss': False}"
active_response,gru_ppo_passive,2002,factorized-identity-memory--active_response--identity,greedy,exact_neural_policy_tree,80.0,0.0,20.0,20.0,0.0,20.0,0.0,0.0,2.0,0.2780719051126377,0.0,0.0,0.0,,,,,{'2': 1.0},"{'policy_dri': True, 'active_frontier_distance': True, 'oracle_normalized_return': True, 'response_signature_accuracy': False, 'belief_calibration': False, 'partner_response_prediction_loss': False}"
active_response,gru_ppo_passive,2002,factorized-identity-memory--active_response--identity,stochastic,exact_neural_policy_tree,80.0,0.0,20.0,20.0,0.0,20.0,0.0,0.0,2.0,0.2780719051126376,0.0,0.0,0.0,,,,,{'2': 1.0},"{'policy_dri': True, 'active_frontier_distance': True, 'oracle_normalized_return': True, 'response_signature_accuracy': False, 'belief_calibration': False, 'partner_response_prediction_loss': False}"
active_response,gru_ppo_passive,2003,factorized-identity-memory--active_response--identity,greedy,exact_neural_policy_tree,80.0,0.0,20.0,20.0,0.0,20.0,0.0,0.0,2.0,0.2780719051126377,0.0,0.0,0.0,,,,,{'2': 1.0},"{'policy_dri': True, 'active_frontier_distance': True, 'oracle_normalized_return': True, 'response_signature_accuracy': False, 'belief_calibration': False, 'partner_response_prediction_loss': False}"
active_response,gru_ppo_passive,2003,factorized-identity-memory--active_response--identity,stochastic,exact_neural_policy_tree,79.99999850988388,0.0,20.00000149011612,20.00000149011612,0.0,20.00000149011612,-7.450580596923828e-08,0.0,2.000000149011612,0.27807192583060913,0.0,3.725290298461914e-08,-2.1287373134068081e-07,,,,,{'2': 1.000000074505806},"{'policy_dri': True, 'active_frontier_distance': True, 'oracle_normalized_return': True, 'response_signature_accuracy': False, 'belief_calibration': False, 'partner_response_prediction_loss': False}"
active_response,gru_ppo_passive,2004,factorized-identity-memory--active_response--identity,greedy,exact_neural_policy_tree,80.0,0.0,20.0,20.0,0.0,20.0,0.0,0.0,2.0,0.2780719051126377,0.0,0.0,0.0,,,,,{'2': 1.0},"{'policy_dri': True, 'active_frontier_distance': True, 'oracle_normalized_return': True, 'response_signature_accuracy': False, 'belief_calibration': False, 'partner_response_prediction_loss': False}"
active_response,gru_ppo_passive,2004,factorized-identity-memory--active_response--identity,stochastic,exact_neural_policy_tree,80.00000029802322,0.0,19.999999701976776,19.999999701976776,0.0,19.999999701976776,1.4901161193847656e-08,0.0,1.9999999701976776,0.2780719009690434,0.0,2.8656079114080595e-09,4.257474626813616e-08,,,,,{'2': 0.9999999850988388},"{'policy_dri': True, 'active_frontier_distance': True, 'oracle_normalized_return': True, 'response_signature_accuracy': False, 'belief_calibration': False, 'partner_response_prediction_loss': False}"
active_response,gru_ppo_passive,2005,factorized-identity-memory--active_response--identity,greedy,exact_neural_policy_tree,80.0,0.0,20.0,20.0,0.0,20.0,0.0,0.0,2.0,0.2780719051126377,0.0,0.0,0.0,,,,,{'2': 1.0},"{'policy_dri': True, 'active_frontier_distance': True, 'oracle_normalized_return': True, 'response_signature_accuracy': False, 'belief_calibration': False, 'partner_response_prediction_loss': False}"
active_response,gru_ppo_passive,2005,factorized-identity-memory--active_response--identity,stochastic,exact_neural_policy_tree,80.0,0.0,20.0,20.0,0.0,20.0,0.0,0.0,2.0,0.27807190511263774,0.0,0.0,0.0,,,,,{'2': 1.0},"{'policy_dri': True, 'active_frontier_distance': True, 'oracle_normalized_return': True, 'response_signature_accuracy': False, 'belief_calibration': False, 'partner_response_prediction_loss': False}"
active_response,gru_ppo_passive,2006,factorized-identity-memory--active_response--identity,greedy,exact_neural_policy_tree,80.0,0.0,20.0,20.0,0.0,20.0,0.0,0.0,2.0,0.2780719051126377,0.0,0.0,0.0,,,,,{'2': 1.0},"{'policy_dri': True, 'active_frontier_distance': True, 'oracle_normalized_return': True, 'response_signature_accuracy': False, 'belief_calibration': False, 'partner_response_prediction_loss': False}"
active_response,gru_ppo_passive,2006,factorized-identity-memory--active_response--identity,stochastic,exact_neural_policy_tree,79.99999970197678,0.0,20.000000298023224,20.000000298023224,0.0,20.000000298023224,-1.4901161193847656e-08,0.0,2.0000000298023224,0.278071909256232,0.0,7.450580596923828e-09,-4.257474626813616e-08,,,,,{'2': 1.0000000149011612},"{'policy_dri': True, 'active_frontier_distance': True, 'oracle_normalized_return': True, 'response_signature_accuracy': False, 'belief_calibration': False, 'partner_response_prediction_loss': False}"
active_response,gru_ppo_passive,2007,factorized-identity-memory--active_response--identity,greedy,exact_neural_policy_tree,80.0,0.0,20.0,20.0,0.0,20.0,0.0,0.0,2.0,0.2780719051126377,0.0,0.0,0.0,,,,,{'2': 1.0},"{'policy_dri': True, 'active_frontier_distance': True, 'oracle_normalized_return': True, 'response_signature_accuracy': False, 'belief_calibration': False, 'partner_response_prediction_loss': False}"
active_response,gru_ppo_passive,2007,factorized-identity-memory--active_response--identity,stochastic,exact_neural_policy_tree,79.99999970197678,0.0,20.000000298023224,20.000000298023224,0.0,20.000000298023224,-1.4901161193847656e-08,0.0,2.0000000298023224,0.278071909256232,0.0,7.450580596923828e-09,-4.257474626813616e-08,,,,,{'2': 1.0000000149011612},"{'policy_dri': True, 'active_frontier_distance': True, 'oracle_normalized_return': True, 'response_signature_accuracy': False, 'belief_calibration': False, 'partner_response_prediction_loss': False}"
active_response,gru_ppo_passive,2008,factorized-identity-memory--active_response--identity,greedy,exact_neural_policy_tree,80.0,0.0,20.0,20.0,0.0,20.0,0.0,0.0,2.0,0.2780719051126377,0.0,0.0,0.0,,,,,{'2': 1.0},"{'policy_dri': True, 'active_frontier_distance': True, 'oracle_normalized_return': True, 'response_signature_accuracy': False, 'belief_calibration': False, 'partner_response_prediction_loss': False}"
active_response,gru_ppo_passive,2008,factorized-identity-memory--active_response--identity,stochastic,exact_neural_policy_tree,80.00000029802322,0.0,19.999999701976776,19.999999701976776,0.0,19.999999701976776,1.4901161193847656e-08,0.0,1.9999999701976778,0.27807190096904333,0.0,2.8656079114080595e-09,4.257474626813616e-08,,,,,{'2': 0.9999999850988389},"{'policy_dri': True, 'active_frontier_distance': True, 'oracle_normalized_return': True, 'response_signature_accuracy': False, 'belief_calibration': False, 'partner_response_prediction_loss': False}"
active_response,gru_ppo_passive,2009,factorized-identity-memory--active_response--identity,greedy,exact_neural_policy_tree,80.0,0.0,20.0,20.0,0.0,20.0,0.0,0.0,2.0,0.2780719051126377,0.0,0.0,0.0,,,,,{'2': 1.0},"{'policy_dri': True, 'active_frontier_distance': True, 'oracle_normalized_return': True, 'response_signature_accuracy': False, 'belief_calibration': False, 'partner_response_prediction_loss': False}"
active_response,gru_ppo_passive,2009,factorized-identity-memory--active_response--identity,stochastic,exact_neural_policy_tree,80.00000029802322,0.0,19.999999701976776,19.999999701976776,0.0,19.999999701976776,1.4901161193847656e-08,0.0,1.9999999701976776,0.27807190096904344,0.0,2.8656079114080595e-09,4.257474626813616e-08,,,,,{'2': 0.9999999850988388},"{'policy_dri': True, 'active_frontier_distance': True, 'oracle_normalized_return': True, 'response_signature_accuracy': False, 'belief_calibration': False, 'partner_response_prediction_loss': False}"
active_response,gru_ppo_passive,2010,factorized-identity-memory--active_response--identity,greedy,exact_neural_policy_tree,80.0,0.0,20.0,20.0,0.0,20.0,0.0,0.0,2.0,0.2780719051126377,0.0,0.0,0.0,,,,,{'2': 1.0},"{'policy_dri': True, 'active_frontier_distance': True, 'oracle_normalized_return': True, 'response_signature_accuracy': False, 'belief_calibration': False, 'partner_response_prediction_loss': False}"
active_response,gru_ppo_passive,2010,factorized-identity-memory--active_response--identity,stochastic,exact_neural_policy_tree,80.00000029802322,0.0,19.999999701976776,19.999999701976776,0.0,19.999999701976776,1.4901161193847656e-08,0.0,1.9999999701976776,0.27807190096904344,0.0,2.8656079114080595e-09,4.257474626813616e-08,,,,,{'2': 0.9999999850988388},"{'policy_dri': True, 'active_frontier_distance': True, 'oracle_normalized_return': True, 'response_signature_accuracy': False, 'belief_calibration': False, 'partner_response_prediction_loss': False}"
active_response,gru_ppo_active,2001,factorized-identity-memory--active_response--identity,greedy,exact_neural_policy_tree,80.0,0.0,20.0,20.0,0.0,20.0,0.0,0.0,2.0,0.2780719051126377,0.0,0.0,0.0,,,,,{'2': 1.0},"{'policy_dri': True, 'active_frontier_distance': True, 'oracle_normalized_return': True, 'response_signature_accuracy': False, 'belief_calibration': False, 'partner_response_prediction_loss': False}"
active_response,gru_ppo_active,2001,factorized-identity-memory--active_response--identity,stochastic,exact_neural_policy_tree,79.87872381068829,0.19923695025554133,19.92203923905618,19.52183369169711,0.400205547359068,20.121276189311722,0.023908315415144443,0.03984739005110827,2.000000237231041,0.27807193809628156,0.011080439665278033,2.2810677022202432e-08,-0.017325169901673525,,,,,{'2': 1.0000001186155205},"{'policy_dri': True, 'active_frontier_distance': True, 'oracle_normalized_return': True, 'response_signature_accuracy': False, 'belief_calibration': False, 'partner_response_prediction_loss': False}"
active_response,gru_ppo_active,2002,factorized-identity-memory--active_response--identity,greedy,exact_neural_policy_tree,87.0,5.0,8.0,8.0,0.0,13.0,0.6,1.0,2.0,0.2780719051126377,0.27807190511263774,0.0,1.0,,,,,{'2': 1.0},"{'policy_dri': True, 'active_frontier_distance': True, 'oracle_normalized_return': True, 'response_signature_accuracy': False, 'belief_calibration': False, 'partner_response_prediction_loss': False}"
active_response,gru_ppo_active,2002,factorized-identity-memory--active_response--identity,stochastic,exact_neural_policy_tree,86.31088658876558,4.5870453226078425,9.102068088626572,8.991089928126048,0.11097816050052423,13.689113411234414,0.5504455035936976,0.9174090645215685,1.999999870238487,0.27807188707112207,0.2551056863391151,1.2477068574904356e-08,0.901555226966512,,,,,{'2': 0.9999999351192437},"{'policy_dri': True, 'active_frontier_distance': True, 'oracle_normalized_return': True, 'response_signature_accuracy': False, 'belief_calibration': False, 'partner_response_prediction_loss': False}"
active_response,gru_ppo_active,2003,factorized-identity-memory--active_response--identity,greedy,exact_neural_policy_tree,87.0,5.0,8.0,8.0,0.0,13.0,0.6,1.0,2.0,0.2780719051126377,0.27807190511263774,0.0,1.0,,,,,{'2': 1.0},"{'policy_dri': True, 'active_frontier_distance': True, 'oracle_normalized_return': True, 'response_signature_accuracy': False, 'belief_calibration': False, 'partner_response_prediction_loss': False}"
active_response,gru_ppo_active,2003,factorized-identity-memory--active_response--identity,stochastic,exact_neural_policy_tree,84.44254855037754,3.3135869451003828,12.243864504522083,12.047390931965332,0.19647357255675146,15.557451449622466,0.3976304534017334,0.6627173890200766,1.999999960020625,0.2780718995540673,0.18428308691608575,3.844170669820867e-09,0.6346497929110768,,,,,{'2': 0.9999999800103127},"{'policy_dri': True, 'active_frontier_distance': True, 'oracle_normalized_return': True, 'response_signature_accuracy': False, 'belief_calibration': False, 'partner_response_prediction_loss': False}"
active_response,gru_ppo_active,2004,factorized-identity-memory--active_response--identity,greedy,exact_neural_policy_tree,80.0,0.0,20.0,20.0,0.0,20.0,0.0,0.0,2.0,0.2780719051126377,0.0,0.0,0.0,,,,,{'2': 1.0},"{'policy_dri': True, 'active_frontier_distance': True, 'oracle_normalized_return': True, 'response_signature_accuracy': False, 'belief_calibration': False, 'partner_response_prediction_loss': False}"
active_response,gru_ppo_active,2004,factorized-identity-memory--active_response--identity,stochastic,exact_neural_policy_tree,79.82953851325657,0.2605566619046276,19.90990482483881,19.374664812316247,0.5352400125225643,20.170461486743438,0.03126675938418764,0.052111332380925524,2.0000000800887348,0.27807191624785116,0.014490697473121848,7.700839941955106e-09,-0.024351640963347774,,,,,{'2': 1.0000000400443674},"{'policy_dri': True, 'active_frontier_distance': True, 'oracle_normalized_return': True, 'response_signature_accuracy': False, 'belief_calibration': False, 'partner_response_prediction_loss': False}"
active_response,gru_ppo_active,2005,factorized-identity-memory--active_response--identity,greedy,exact_neural_policy_tree,87.0,5.0,8.0,8.0,0.0,13.0,0.6,1.0,2.0,0.2780719051126377,0.27807190511263774,0.0,1.0,,,,,{'2': 1.0},"{'policy_dri': True, 'active_frontier_distance': True, 'oracle_normalized_return': True, 'response_signature_accuracy': False, 'belief_calibration': False, 'partner_response_prediction_loss': False}"
active_response,gru_ppo_active,2005,factorized-identity-memory--active_response--identity,stochastic,exact_neural_policy_tree,85.06360577461739,3.7465750197209906,11.189819205661623,11.008221685108289,0.18159752055333378,14.936394225382614,0.44958891574458554,0.7493150039441981,2.000000173243867,0.2780719291997637,0.20836345067624673,1.6658064090517673e-08,0.7233722535167695,,,,,{'2': 1.0000000866219334},"{'policy_dri': True, 'active_frontier_distance': True, 'oracle_normalized_return': True, 'response_signature_accuracy': False, 'belief_calibration': False, 'partner_response_prediction_loss': False}"
active_response,gru_ppo_active,2006,factorized-identity-memory--active_response--identity,greedy,exact_neural_policy_tree,87.0,5.0,8.0,8.0,0.0,13.0,0.6,1.0,2.0,0.2780719051126377,0.27807190511263774,0.0,1.0,,,,,{'2': 1.0},"{'policy_dri': True, 'active_frontier_distance': True, 'oracle_normalized_return': True, 'response_signature_accuracy': False, 'belief_calibration': False, 'partner_response_prediction_loss': False}"
active_response,gru_ppo_active,2006,factorized-identity-memory--active_response--identity,stochastic,exact_neural_policy_tree,85.34237153813974,3.9065523080209483,10.751076153839307,10.624273617727695,0.12680253611161163,14.657628461860256,0.46878631911361524,0.7813104616041897,1.999999915697797,0.27807189339160054,0.2172604885427114,8.105981035972247e-09,0.7631959340199634,,,,,{'2': 0.9999999578488986},"{'policy_dri': True, 'active_frontier_distance': True, 'oracle_normalized_return': True, 'response_signature_accuracy': False, 'belief_calibration': False, 'partner_response_prediction_loss': False}"
active_response,gru_ppo_active,2007,factorized-identity-memory--active_response--identity,greedy,exact_neural_policy_tree,87.0,5.0,8.0,8.0,0.0,13.0,0.6,1.0,2.0,0.2780719051126377,0.27807190511263774,0.0,1.0,,,,,{'2': 1.0},"{'policy_dri': True, 'active_frontier_distance': True, 'oracle_normalized_return': True, 'response_signature_accuracy': False, 'belief_calibration': False, 'partner_response_prediction_loss': False}"
active_response,gru_ppo_active,2007,factorized-identity-memory--active_response--identity,stochastic,exact_neural_policy_tree,86.52314090960519,4.707765133499315,8.769093956895503,8.701362982312101,0.0677309745834016,13.476859090394818,0.5649318508843949,0.941553026699863,1.9999999302710456,0.27807189541780597,0.2618194438990009,6.7047071484493106e-09,0.9318772728007413,,,,,{'2': 0.9999999651355229},"{'policy_dri': True, 'active_frontier_distance': True, 'oracle_normalized_return': True, 'response_signature_accuracy': False, 'belief_calibration': False, 'partner_response_prediction_loss': False}"
active_response,gru_ppo_active,2008,factorized-identity-memory--active_response--identity,greedy,exact_neural_policy_tree,80.0,0.0,20.0,20.0,0.0,20.0,0.0,0.0,2.0,0.2780719051126377,0.0,0.0,0.0,,,,,{'2': 1.0},"{'policy_dri': True, 'active_frontier_distance': True, 'oracle_normalized_return': True, 'response_signature_accuracy': False, 'belief_calibration': False, 'partner_response_prediction_loss': False}"
active_response,gru_ppo_active,2008,factorized-identity-memory--active_response--identity,stochastic,exact_neural_policy_tree,79.84294008954409,0.2555387390989439,19.901521171356972,19.38670669767672,0.5148144736802536,20.157059910455917,0.03066466511616408,0.05110774781978878,1.9999999671514184,0.2780719005455039,0.014211628802264923,3.158517461999432e-09,-0.022437130065130515,,,,,{'2': 0.9999999835757092},"{'policy_dri': True, 'active_frontier_distance': True, 'oracle_normalized_return': True, 'response_signature_accuracy': False, 'belief_calibration': False, 'partner_response_prediction_loss': False}"
active_response,gru_ppo_active,2009,factorized-identity-memory--active_response--identity,greedy,exact_neural_policy_tree,87.0,5.0,8.0,8.0,0.0,13.0,0.6,1.0,2.0,0.2780719051126377,0.27807190511263774,0.0,1.0,,,,,{'2': 1.0},"{'policy_dri': True, 'active_frontier_distance': True, 'oracle_normalized_return': True, 'response_signature_accuracy': False, 'belief_calibration': False, 'partner_response_prediction_loss': False}"
active_response,gru_ppo_active,2009,factorized-identity-memory--active_response--identity,stochastic,exact_neural_policy_tree,86.43503002069616,4.634080099865177,8.930889879438665,8.878208248585757,0.052681630852907446,13.564969979303843,0.5560895875707121,0.9268160199730355,2.0000000488262186,0.27807191190123737,0.2577214963628145,4.6948286753949295e-09,0.9192900029565944,,,,,{'2': 1.0000000244131093},"{'policy_dri': True, 'active_frontier_distance': True, 'oracle_normalized_return': True, 'response_signature_accuracy': False, 'belief_calibration': False, 'partner_response_prediction_loss': False}"
active_response,gru_ppo_active,2010,factorized-identity-memory--active_response--identity,greedy,exact_neural_policy_tree,87.0,5.0,8.0,8.0,0.0,13.0,0.6,1.0,2.0,0.2780719051126377,0.27807190511263774,0.0,1.0,,,,,{'2': 1.0},"{'policy_dri': True, 'active_frontier_distance': True, 'oracle_normalized_return': True, 'response_signature_accuracy': False, 'belief_calibration': False, 'partner_response_prediction_loss': False}"
active_response,gru_ppo_active,2010,factorized-identity-memory--active_response--identity,stochastic,exact_neural_policy_tree,85.90111551516384,4.264598807682417,9.83428567715375,9.764963722091945,0.06932195506180427,14.098884484836166,0.5117518138954027,0.8529197615364835,2.000000086052975,0.278071917077095,0.2371730229986666,8.274324471317756e-09,0.8430165021662626,,,,,{'2': 1.0000000430264875},"{'policy_dri': True, 'active_frontier_distance': True, 'oracle_normalized_return': True, 'response_signature_accuracy': False, 'belief_calibration': False, 'partner_response_prediction_loss': False}"
active_response,odits_style,2001,factorized-identity-memory--active_response--identity,greedy,exact_neural_policy_tree,87.0,5.0,8.0,8.0,0.0,13.0,0.6,1.0,2.0,0.2780719051126377,0.27807190511263774,0.0,1.0,,,,0.0020511874463409185,{'2': 1.0},"{'policy_dri': True, 'active_frontier_distance': True, 'oracle_normalized_return': True, 'response_signature_accuracy': False, 'belief_calibration': False, 'partner_response_prediction_loss': True}"
active_response,odits_style,2001,factorized-identity-memory--active_response--identity,stochastic,exact_neural_policy_tree,83.4604478229987,2.726243574401965,13.81330860259934,13.457015530117873,0.356293072481467,16.539552177001305,0.32714922349410636,0.545248714880393,2.000000010868259,0.27807190662371634,0.15161834890700815,1.0450248871380223e-09,0.49434968899981463,,,,0.001897462391505908,{'2': 1.0000000054341296},"{'policy_dri': True, 'active_frontier_distance': True, 'oracle_normalized_return': True, 'response_signature_accuracy': False, 'belief_calibration': False, 'partner_response_prediction_loss': True}"
active_response,odits_style,2002,factorized-identity-memory--active_response--identity,greedy,exact_neural_policy_tree,87.0,5.0,8.0,8.0,0.0,13.0,0.6,1.0,2.0,0.2780719051126377,0.27807190511263774,0.0,1.0,,,,0.002687756437808275,{'2': 1.0},"{'policy_dri': True, 'active_frontier_distance': True, 'oracle_normalized_return': True, 'response_signature_accuracy': False, 'belief_calibration': False, 'partner_response_prediction_loss': True}"
active_response,odits_style,2002,factorized-identity-memory--active_response--identity,stochastic,exact_neural_policy_tree,84.07267996362802,3.1467823249140383,12.78053771145794,12.447721356719438,0.3328163547385028,15.92732003637198,0.3776139321640281,0.6293564649828077,1.999999893651313,0.2780718903263466,0.17500635121272443,1.0225835306725957e-08,0.5818114233754313,,,,0.0020436476847398508,{'2': 0.9999999468256565},"{'policy_dri': True, 'active_frontier_distance': True, 'oracle_normalized_return': True, 'response_signature_accuracy': False, 'belief_calibration': False, 'partner_response_prediction_loss': True}"
active_response,odits_style,2003,factorized-identity-memory--active_response--identity,greedy,exact_neural_policy_tree,87.0,5.0,8.0,8.0,0.0,13.0,0.6,1.0,2.0,0.2780719051126377,0.27807190511263774,0.0,1.0,,,,0.0022593390895053744,{'2': 1.0},"{'policy_dri': True, 'active_frontier_distance': True, 'oracle_normalized_return': True, 'response_signature_accuracy': False, 'belief_calibration': False, 'partner_response_prediction_loss': True}"
active_response,odits_style,2003,factorized-identity-memory--active_response--identity,stochastic,exact_neural_policy_tree,84.14470117613982,3.236644809823849,12.618654014036327,12.232051871524266,0.3866021425120607,15.855298823860176,0.3883974064237867,0.6473289619647697,1.9999999415101504,0.2780718969804459,0.18000399768812966,5.624024019994341e-09,0.5921001680199741,,,,0.0020602732642658076,{'2': 0.9999999707550751},"{'policy_dri': True, 'active_frontier_distance': True, 'oracle_normalized_return': True, 'response_signature_accuracy': False, 'belief_calibration': False, 'partner_response_prediction_loss': True}"
active_response,odits_style,2004,factorized-identity-memory--active_response--identity,greedy,exact_neural_policy_tree,87.0,5.0,8.0,8.0,0.0,13.0,0.6,1.0,2.0,0.2780719051126377,0.27807190511263774,0.0,1.0,,,,0.0015148507081903517,{'2': 1.0},"{'policy_dri': True, 'active_frontier_distance': True, 'oracle_normalized_return': True, 'response_signature_accuracy': False, 'belief_calibration': False, 'partner_response_prediction_loss': True}"
active_response,odits_style,2004,factorized-identity-memory--active_response--identity,stochastic,exact_neural_policy_tree,85.29519181196477,3.975776241449285,10.729031946585943,10.458137480788256,0.27089446579768683,14.704808188035228,0.47709312596058717,0.7951552482898571,2.000000046026654,0.2780719115119973,0.22111033475227293,4.425639820427618e-09,0.7564559731378243,,,,0.0014400890056706615,{'2': 1.000000023013327},"{'policy_dri': True, 'active_frontier_distance': True, 'oracle_normalized_return': True, 'response_signature_accuracy': False, 'belief_calibration': False, 'partner_response_prediction_loss': True}"
active_response,odits_style,2005,factorized-identity-memory--active_response--identity,greedy,exact_neural_policy_tree,87.0,5.0,8.0,8.0,0.0,13.0,0.6,1.0,2.0,0.2780719051126377,0.27807190511263774,0.0,1.0,,,,0.002535817911848426,{'2': 1.0},"{'policy_dri': True, 'active_frontier_distance': True, 'oracle_normalized_return': True, 'response_signature_accuracy': False, 'belief_calibration': False, 'partner_response_prediction_loss': True}"
active_response,odits_style,2005,factorized-identity-memory--active_response--identity,stochastic,exact_neural_policy_tree,83.9592855258798,3.129298751097705,12.91141572302248,12.4896832259559,0.42173249706658034,16.040714474120186,0.37551583870220495,0.625859750219541,2.0000000228590396,0.278071908290866,0.17403401307686728,2.197984555047255e-09,0.5656122179828296,,,,0.0021972772864369537,{'2': 1.00000001142952},"{'policy_dri': True, 'active_frontier_distance': True, 'oracle_normalized_return': True, 'response_signature_accuracy': False, 'belief_calibration': False, 'partner_response_prediction_loss': True}"
active_response,odits_style,2006,factorized-identity-memory--active_response--identity,greedy,exact_neural_policy_tree,87.0,5.0,8.0,8.0,0.0,13.0,0.6,1.0,2.0,0.2780719051126377,0.27807190511263774,0.0,1.0,,,,0.0014161129365675154,{'2': 1.0},"{'policy_dri': True, 'active_frontier_distance': True, 'oracle_normalized_return': True, 'response_signature_accuracy': False, 'belief_calibration': False, 'partner_response_prediction_loss': True}"
active_response,odits_style,2006,factorized-identity-memory--active_response--identity,stochastic,exact_neural_policy_tree,86.58404562176808,4.768876747598879,8.647077630633035,8.554698288340248,0.09237934229278721,13.415954378231914,0.5722650855829876,0.9537753495197758,2.0000002482577557,0.2780719396293913,0.2652181284904359,2.38709380467456e-08,0.9405779459668692,,,,0.0013925659440507025,{'2': 1.0000001241288783},"{'policy_dri': True, 'active_frontier_distance': True, 'oracle_normalized_return': True, 'response_signature_accuracy': False, 'belief_calibration': False, 'partner_response_prediction_loss': True}"
active_response,odits_style,2007,factorized-identity-memory--active_response--identity,greedy,exact_neural_policy_tree,87.0,5.0,8.0,8.0,0.0,13.0,0.6,1.0,2.0,0.2780719051126377,0.27807190511263774,0.0,1.0,,,,0.002284185553435236,{'2': 1.0},"{'policy_dri': True, 'active_frontier_distance': True, 'oracle_normalized_return': True, 'response_signature_accuracy': False, 'belief_calibration': False, 'partner_response_prediction_loss': True}"
active_response,odits_style,2007,factorized-identity-memory--active_response--identity,stochastic,exact_neural_policy_tree,85.552251248863,4.140603069681017,10.307145681455982,10.062553293125463,0.24459238833051877,14.447748751136999,0.4968723353437269,0.8281206139362034,2.0000000660359905,0.27807191429401434,0.23027707678028714,6.3496144453445424e-09,0.7931787498375716,,,,0.002191031648865581,{'2': 1.000000033017995},"{'policy_dri': True, 'active_frontier_distance': True, 'oracle_normalized_return': True, 'response_signature_accuracy': False, 'belief_calibration': False, 'partner_response_prediction_loss': True}"
active_response,odits_style,2008,factorized-identity-memory--active_response--identity,greedy,exact_neural_policy_tree,87.0,5.0,8.0,8.0,0.0,13.0,0.6,1.0,2.0,0.2780719051126377,0.27807190511263774,0.0,1.0,,,,0.0007596025825478137,{'2': 1.0},"{'policy_dri': True, 'active_frontier_distance': True, 'oracle_normalized_return': True, 'response_signature_accuracy': False, 'belief_calibration': False, 'partner_response_prediction_loss': True}"
active_response,odits_style,2008,factorized-identity-memory--active_response--identity,stochastic,exact_neural_policy_tree,86.54789018305421,4.7536681275555885,8.698441689390208,8.591196900573362,0.10724478881684618,13.452109816945796,0.5704401549713319,0.9507336255111177,2.0000000406706775,0.2780719107673241,0.26437231050052157,3.910642049503438e-09,0.9354128832934582,,,,0.0007529850623574825,{'2': 1.0000000203353387},"{'policy_dri': True, 'active_frontier_distance': True, 'oracle_normalized_return': True, 'response_signature_accuracy': False, 'belief_calibration': False, 'partner_response_prediction_loss': True}"
active_response,odits_style,2009,factorized-identity-memory--active_response--identity,greedy,exact_neural_policy_tree,87.0,5.0,8.0,8.0,0.0,13.0,0.6,1.0,2.0,0.2780719051126377,0.27807190511263774,0.0,1.0,,,,0.0013468776596710088,{'2': 1.0},"{'policy_dri': True, 'active_frontier_distance': True, 'oracle_normalized_return': True, 'response_signature_accuracy': False, 'belief_calibration': False, 'partner_response_prediction_loss': True}"
active_response,odits_style,2009,factorized-identity-memory--active_response--identity,stochastic,exact_neural_policy_tree,85.62140819928432,4.129021568644927,10.249570232070758,10.090348373841277,0.15922185822948087,14.378591800715686,0.49548258130793615,0.8258043137289856,2.0000000138589105,0.27807190703952445,0.2296329787688533,1.3325875146942023e-09,0.803058314183474,,,,0.0012503252809343605,{'2': 1.0000000069294548},"{'policy_dri': True, 'active_frontier_distance': True, 'oracle_normalized_return': True, 'response_signature_accuracy': False, 'belief_calibration': False, 'partner_response_prediction_loss': True}"
active_response,odits_style,2010,factorized-identity-memory--active_response--identity,greedy,exact_neural_policy_tree,87.0,5.0,8.0,8.0,0.0,13.0,0.6,1.0,2.0,0.2780719051126377,0.27807190511263774,0.0,1.0,,,,0.00098207569681108,{'2': 1.0},"{'policy_dri': True, 'active_frontier_distance': True, 'oracle_normalized_return': True, 'response_signature_accuracy': False, 'belief_calibration': False, 'partner_response_prediction_loss': True}"
active_response,odits_style,2010,factorized-identity-memory--active_response--identity,stochastic,exact_neural_policy_tree,86.48303645095736,4.714219900013967,8.802743649028677,8.685873035978982,0.11687061304969504,13.516963549042645,0.5657063482010509,0.9428439800027935,2.0000000796012505,0.27807191618007343,0.26217842174335837,7.653966390173641e-09,0.9261480644224795,,,,0.0009678820440721025,{'2': 1.0000000398006255},"{'policy_dri': True, 'active_frontier_distance': True, 'oracle_normalized_return': True, 'response_signature_accuracy': False, 'belief_calibration': False, 'partner_response_prediction_loss': True}"
active_response,pace_aux,2001,factorized-identity-memory--active_response--identity,greedy,exact_neural_policy_tree,87.0,5.0,8.0,8.0,0.0,13.0,0.6,1.0,2.0,0.2780719051126377,0.27807190511263774,0.0,1.0,0.8,0.32272096953985085,0.03583788424730305,,{'2': 1.0},"{'policy_dri': True, 'active_frontier_distance': True, 'oracle_normalized_return': True, 'response_signature_accuracy': True, 'belief_calibration': True, 'partner_response_prediction_loss': False}"
active_response,pace_aux,2001,factorized-identity-memory--active_response--identity,stochastic,exact_neural_policy_tree,86.55591372552574,4.7294831415157015,8.714603132958558,8.649240195603404,0.06536293735515386,13.444086274474259,0.5675379902198298,0.9458966283031403,1.9999999735241085,0.2780719014315369,0.2630272774718746,2.5457587789959963e-09,0.9365591036465345,0.7837689818719693,0.3326260076218967,0.036752198603342806,,{'2': 0.9999999867620543},"{'policy_dri': True, 'active_frontier_distance': True, 'oracle_normalized_return': True, 'response_signature_accuracy': True, 'belief_calibration': True, 'partner_response_prediction_loss': False}"
active_response,pace_aux,2002,factorized-identity-memory--active_response--identity,greedy,exact_neural_policy_tree,87.0,5.0,8.0,8.0,0.0,13.0,0.6,1.0,2.0,0.2780719051126377,0.27807190511263774,0.0,1.0,0.8,0.370292173706554,0.15857480019330983,,{'2': 1.0},"{'policy_dri': True, 'active_frontier_distance': True, 'oracle_normalized_return': True, 'response_signature_accuracy': True, 'belief_calibration': True, 'partner_response_prediction_loss': False}"
active_response,pace_aux,2002,factorized-identity-memory--active_response--identity,stochastic,exact_neural_policy_tree,84.6199245701691,3.5324872987618994,11.847588131068989,11.52203043587675,0.3255576951922379,15.380075429830889,0.42389847820616244,0.7064974597523799,1.999999995290531,0.2780719044578521,0.19645709459058336,4.528335484366155e-10,0.6599892243098721,0.7119492367483466,0.41781960734489654,0.07479397239591257,,{'2': 0.9999999976452654},"{'policy_dri': True, 'active_frontier_distance': True, 'oracle_normalized_return': True, 'response_signature_accuracy': True, 'belief_calibration': True, 'partner_response_prediction_loss': False}"
active_response,pace_aux,2003,factorized-identity-memory--active_response--identity,greedy,exact_neural_policy_tree,87.0,5.0,8.0,8.0,0.0,13.0,0.6,1.0,2.0,0.2780719051126377,0.27807190511263774,0.0,1.0,0.8,0.3348490757557002,0.08600364178419118,,{'2': 1.0},"{'policy_dri': True, 'active_frontier_distance': True, 'oracle_normalized_return': True, 'response_signature_accuracy': True, 'belief_calibration': True, 'partner_response_prediction_loss': False}"
active_response,pace_aux,2003,factorized-identity-memory--active_response--identity,stochastic,exact_neural_policy_tree,85.51881397361664,4.1685036262152675,10.312682400168084,9.995590803194926,0.3170915969731585,14.481186026383352,0.5002204598402538,0.8337007252430536,1.999999950611157,0.2780718982458128,0.23182874896212358,4.748927227955673e-09,0.7884019962309493,0.7501102052257053,0.37521195670609697,0.06899082701512473,,{'2': 0.9999999753055786},"{'policy_dri': True, 'active_frontier_distance': True, 'oracle_normalized_return': True, 'response_signature_accuracy': True, 'belief_calibration': True, 'partner_response_prediction_loss': False}"
active_response,pace_aux,2004,factorized-identity-memory--active_response--identity,greedy,exact_neural_policy_tree,87.0,5.0,8.0,8.0,0.0,13.0,0.6,1.0,2.0,0.2780719051126377,0.27807190511263774,0.0,1.0,0.8,0.3286337006621858,0.06555522158741955,,{'2': 1.0},"{'policy_dri': True, 'active_frontier_distance': True, 'oracle_normalized_return': True, 'response_signature_accuracy': True, 'belief_calibration': True, 'partner_response_prediction_loss': False}"
active_response,pace_aux,2004,factorized-identity-memory--active_response--identity,stochastic,exact_neural_policy_tree,86.23756542772662,4.572036554769537,9.190398017503837,9.027113628331096,0.16328438917274113,13.762434572273374,0.5486443185834452,0.9144073109539074,2.0000001359777984,0.27807192401844044,0.25427098300587714,1.3074788316127858e-08,0.8910807753895175,0.7743222272806218,0.34809700522667686,0.07421857576271892,,{'2': 1.0000000679888992},"{'policy_dri': True, 'active_frontier_distance': True, 'oracle_normalized_return': True, 'response_signature_accuracy': True, 'belief_calibration': True, 'partner_response_prediction_loss': False}"
active_response,pace_aux,2005,factorized-identity-memory--active_response--identity,greedy,exact_neural_policy_tree,87.0,5.0,8.0,8.0,0.0,13.0,0.6,1.0,2.0,0.2780719051126377,0.27807190511263774,0.0,1.0,0.8,0.3350850542782853,0.08665016964077954,,{'2': 1.0},"{'policy_dri': True, 'active_frontier_distance': True, 'oracle_normalized_return': True, 'response_signature_accuracy': True, 'belief_calibration': True, 'partner_response_prediction_loss': False}"
active_response,pace_aux,2005,factorized-identity-memory--active_response--identity,stochastic,exact_neural_policy_tree,85.71351870891932,4.225813505495243,10.060667785585435,9.858048095794762,0.2026196897906729,14.286481291080678,0.5070975952102619,0.8451627010990485,2.0000000508983344,0.2780719121893361,0.23501600242475504,4.894070618851524e-09,0.8162169584170462,0.7535488230542982,0.3738776745452136,0.07042887663895095,,{'2': 1.000000025449167},"{'policy_dri': True, 'active_frontier_distance': True, 'oracle_normalized_return': True, 'response_signature_accuracy': True, 'belief_calibration': True, 'partner_response_prediction_loss': False}"
active_response,pace_aux,2006,factorized-identity-memory--active_response--identity,greedy,exact_neural_policy_tree,87.0,5.0,8.0,8.0,0.0,13.0,0.6,1.0,2.0,0.2780719051126377,0.27807190511263774,0.0,1.0,0.8,0.3231366523039544,0.039580690860748224,,{'2': 1.0},"{'policy_dri': True, 'active_frontier_distance': True, 'oracle_normalized_return': True, 'response_signature_accuracy': True, 'belief_calibration': True, 'partner_response_prediction_loss': False}"
active_response,pace_aux,2006,factorized-identity-memory--active_response--identity,stochastic,exact_neural_policy_tree,86.6020056055814,4.748069009511871,8.649925384906735,8.60463471882841,0.045290666078326325,13.397994394418607,0.5697682640585795,0.9496138019023743,2.00000003416569,0.278071909862897,0.26406091901624795,3.2851624988715038e-09,0.9431436579401995,0.7848841491121348,0.33230802872715115,0.04011437685356055,,{'2': 1.000000017082845},"{'policy_dri': True, 'active_frontier_distance': True, 'oracle_normalized_return': True, 'response_signature_accuracy': True, 'belief_calibration': True, 'partner_response_prediction_loss': False}"
active_response,pace_aux,2007,factorized-identity-memory--active_response--identity,greedy,exact_neural_policy_tree,87.0,5.0,8.0,8.0,0.0,13.0,0.6,1.0,2.0,0.2780719051126377,0.27807190511263774,0.0,1.0,0.8,0.3705942214760286,0.15871356353163724,,{'2': 1.0},"{'policy_dri': True, 'active_frontier_distance': True, 'oracle_normalized_return': True, 'response_signature_accuracy': True, 'belief_calibration': True, 'partner_response_prediction_loss': False}"
active_response,pace_aux,2007,factorized-identity-memory--active_response--identity,stochastic,exact_neural_policy_tree,84.42245095090036,3.4209974931171643,12.156551555982476,11.789605766537145,0.3669457894453316,15.577549049099641,0.4105197116731428,0.6841994986234329,1.9999999750018338,0.2780719016369937,0.1902566580593295,2.403669810200007e-09,0.6317787072714793,0.7052598433374883,0.4201632994311181,0.07152833509649481,,{'2': 0.999999987500917},"{'policy_dri': True, 'active_frontier_distance': True, 'oracle_normalized_return': True, 'response_signature_accuracy': True, 'belief_calibration': True, 'partner_response_prediction_loss': False}"
active_response,pace_aux,2008,factorized-identity-memory--active_response--identity,greedy,exact_neural_policy_tree,87.0,5.0,8.0,8.0,0.0,13.0,0.6,1.0,2.0,0.2780719051126377,0.27807190511263774,0.0,1.0,0.8,0.3304895929523,0.07241944149136548,,{'2': 1.0},"{'policy_dri': True, 'active_frontier_distance': True, 'oracle_normalized_return': True, 'response_signature_accuracy': True, 'belief_calibration': True, 'partner_response_prediction_loss': False}"
active_response,pace_aux,2008,factorized-identity-memory--active_response--identity,stochastic,exact_neural_policy_tree,85.23302493250817,3.9569919748651987,10.809983092626625,10.503218133483175,0.30676495914345026,14.766975067491824,0.47483909332584123,0.7913983949730397,1.9999998873159652,0.2780718894455054,0.2200656593932368,1.083500334752275e-08,0.7475749903583103,0.7374194903209033,0.37057622162350495,0.07944923994907056,,{'2': 0.9999999436579825},"{'policy_dri': True, 'active_frontier_distance': True, 'oracle_normalized_return': True, 'response_signature_accuracy': True, 'belief_calibration': True, 'partner_response_prediction_loss': False}"
active_response,pace_aux,2009,factorized-identity-memory--active_response--identity,greedy,exact_neural_policy_tree,87.0,5.0,8.0,8.0,0.0,13.0,0.6,1.0,2.0,0.2780719051126377,0.27807190511263774,0.0,1.0,0.8,0.3243799533082361,0.04674252793192857,,{'2': 1.0},"{'policy_dri': True, 'active_frontier_distance': True, 'oracle_normalized_return': True, 'response_signature_accuracy': True, 'belief_calibration': True, 'partner_response_prediction_loss': False}"
active_response,pace_aux,2009,factorized-identity-memory--active_response--identity,stochastic,exact_neural_policy_tree,86.59785143833611,4.7509144448019685,8.651234116861922,8.59780407299126,0.0534300438706623,13.40214856166389,0.570109796350437,0.9501828889603938,1.9999998740515987,0.27807188760128165,0.26421916613864666,1.21104232411526e-08,0.9425502054765867,0.7850548352010178,0.335569690201542,0.05214350656101853,,{'2': 0.999999937025799},"{'policy_dri': True, 'active_frontier_distance': True, 'oracle_normalized_return': True, 'response_signature_accuracy': True, 'belief_calibration': True, 'partner_response_prediction_loss': False}"
active_response,pace_aux,2010,factorized-identity-memory--active_response--identity,greedy,exact_neural_policy_tree,87.0,5.0,8.0,8.0,0.0,13.0,0.6,1.0,2.0,0.2780719051126377,0.27807190511263774,0.0,1.0,0.8,0.3229922207166607,0.03569321632385247,,{'2': 1.0},"{'policy_dri': True, 'active_frontier_distance': True, 'oracle_normalized_return': True, 'response_signature_accuracy': True, 'belief_calibration': True, 'partner_response_prediction_loss': False}"
active_response,pace_aux,2010,factorized-identity-memory--active_response--identity,stochastic,exact_neural_policy_tree,86.54316832584644,4.717944805534267,8.738886868619293,8.67693265527544,0.06195421334385287,13.456831674153559,0.566153367236228,0.9435889611068535,2.000000018855768,0.2780719077342674,0.26238558005823726,1.813054616695863e-09,0.9347383322637768,0.7830766930459981,0.3334455056658312,0.0372955861276867,,{'2': 1.0000000094278843},"{'policy_dri': True, 'active_frontier_distance': True, 'oracle_normalized_return': True, 'response_signature_accuracy': True, 'belief_calibration': True, 'partner_response_prediction_loss': False}"
active_response,pace_style,2001,factorized-identity-memory--active_response--identity,greedy,exact_neural_policy_tree,87.0,5.0,8.0,8.0,0.0,13.0,0.6,1.0,2.0,0.2780719051126377,0.27807190511263774,0.0,1.0,0.8,0.41637576906990664,0.21915985383093362,,{'2': 1.0},"{'policy_dri': True, 'active_frontier_distance': True, 'oracle_normalized_return': True, 'response_signature_accuracy': True, 'belief_calibration': True, 'partner_response_prediction_loss': False}"
active_response,pace_style,2001,factorized-identity-memory--active_response--identity,stochastic,exact_neural_policy_tree,83.98755293189816,3.152873317895168,12.859573750206675,12.433104333177859,0.4264694170288159,16.012447068101842,0.37834478334110705,0.6305746635790336,2.000000029612626,0.27807190922985714,0.17534509801718232,2.847367892748583e-09,0.5696504188425949,0.6891724064768665,0.45076478432141,0.11278519379850716,,{'2': 1.0000000148063126},"{'policy_dri': True, 'active_frontier_distance': True, 'oracle_normalized_return': True, 'response_signature_accuracy': True, 'belief_calibration': True, 'partner_response_prediction_loss': False}"
active_response,pace_style,2002,factorized-identity-memory--active_response--identity,greedy,exact_neural_policy_tree,87.0,5.0,8.0,8.0,0.0,13.0,0.6,1.0,2.0,0.2780719051126377,0.27807190511263774,0.0,1.0,0.8,0.3242374508022733,0.04561482667922978,,{'2': 1.0},"{'policy_dri': True, 'active_frontier_distance': True, 'oracle_normalized_return': True, 'response_signature_accuracy': True, 'belief_calibration': True, 'partner_response_prediction_loss': False}"
active_response,pace_style,2002,factorized-identity-memory--active_response--identity,stochastic,exact_neural_policy_tree,86.32770804465885,4.57807895750039,9.09421299784076,9.012611349348894,0.08160164849186557,13.67229195534115,0.5493694325325553,0.915615791500078,2.000000084734983,0.2780719168938467,0.2546070274936424,8.147594515728329e-09,0.9039582920941213,0.7746847586337692,0.34787978121854723,0.03728450538401849,,{'2': 1.0000000423674915},"{'policy_dri': True, 'active_frontier_distance': True, 'oracle_normalized_return': True, 'response_signature_accuracy': True, 'belief_calibration': True, 'partner_response_prediction_loss': False}"
active_response,pace_style,2003,factorized-identity-memory--active_response--identity,greedy,exact_neural_policy_tree,87.0,5.0,8.0,8.0,0.0,13.0,0.6,1.0,2.0,0.2780719051126377,0.27807190511263774,0.0,1.0,0.8,0.33183659411764566,0.07655456215143208,,{'2': 1.0},"{'policy_dri': True, 'active_frontier_distance': True, 'oracle_normalized_return': True, 'response_signature_accuracy': True, 'belief_calibration': True, 'partner_response_prediction_loss': False}"
active_response,pace_style,2003,factorized-identity-memory--active_response--identity,stochastic,exact_neural_policy_tree,86.0491075999362,4.436481336268199,9.5144110637956,9.35244408108611,0.16196698270949028,13.9508924000638,0.5323777959456945,0.8872962672536397,1.9999999288129786,0.2780718952150823,0.24673216343455165,6.844905885684281e-09,0.8641582285623153,0.7661888623793365,0.35933852697761054,0.0664207720757066,,{'2': 0.9999999644064894},"{'policy_dri': True, 'active_frontier_distance': True, 'oracle_normalized_return': True, 'response_signature_accuracy': True, 'belief_calibration': True, 'partner_response_prediction_loss': False}"
active_response,pace_style,2004,factorized-identity-memory--active_response--identity,greedy,exact_neural_policy_tree,87.0,5.0,8.0,8.0,0.0,13.0,0.6,1.0,2.0,0.2780719051126377,0.27807190511263774,0.0,1.0,0.8,0.3998851922092835,0.19961119741201405,,{'2': 1.0},"{'policy_dri': True, 'active_frontier_distance': True, 'oracle_normalized_return': True, 'response_signature_accuracy': True, 'belief_calibration': True, 'partner_response_prediction_loss': False}"
active_response,pace_style,2004,factorized-identity-memory--active_response--identity,stochastic,exact_neural_policy_tree,83.55098227833885,2.8268876698118524,13.622130051849302,13.215470271888254,0.4066597799610481,16.449017721661154,0.3392264864055873,0.5653775339623704,2.0000000679436702,0.2780719145592506,0.15721560797680137,6.533045173216469e-09,0.5072831826198357,0.6696132771746286,0.4494394922621186,0.07662005505223662,,{'2': 1.0000000339718353},"{'policy_dri': True, 'active_frontier_distance': True, 'oracle_normalized_return': True, 'response_signature_accuracy': True, 'belief_calibration': True, 'partner_response_prediction_loss': False}"
active_response,pace_style,2005,factorized-identity-memory--active_response--identity,greedy,exact_neural_policy_tree,87.0,5.0,8.0,8.0,0.0,13.0,0.6,1.0,2.0,0.2780719051126377,0.27807190511263774,0.0,1.0,0.8,0.3246282425307192,0.04771189689636224,,{'2': 1.0},"{'policy_dri': True, 'active_frontier_distance': True, 'oracle_normalized_return': True, 'response_signature_accuracy': True, 'belief_calibration': True, 'partner_response_prediction_loss': False}"
active_response,pace_style,2005,factorized-identity-memory--active_response--identity,stochastic,exact_neural_policy_tree,86.48546656568206,4.667863776034523,8.846669658283417,8.797127356549616,0.04954230173380125,13.51453343431794,0.5601436321725192,0.9335727552069046,2.000000041903247,0.2780719109386955,0.25960035460163805,4.0291583744625275e-09,0.9264952236688657,0.7800718370378833,0.3430747934087774,0.029596084026283553,,{'2': 1.0000000209516238},"{'policy_dri': True, 'active_frontier_distance': True, 'oracle_normalized_return': True, 'response_signature_accuracy': True, 'belief_calibration': True, 'partner_response_prediction_loss': False}"
active_response,pace_style,2006,factorized-identity-memory--active_response--identity,greedy,exact_neural_policy_tree,87.0,5.0,8.0,8.0,0.0,13.0,0.6,1.0,2.0,0.2780719051126377,0.27807190511263774,0.0,1.0,0.8,0.3261909300733588,0.05532316789031033,,{'2': 1.0},"{'policy_dri': True, 'active_frontier_distance': True, 'oracle_normalized_return': True, 'response_signature_accuracy': True, 'belief_calibration': True, 'partner_response_prediction_loss': False}"
active_response,pace_style,2006,factorized-identity-memory--active_response--identity,stochastic,exact_neural_policy_tree,86.41347712908166,4.686674851168392,8.899848019749957,8.751980702405717,0.14786731734423952,13.586522870918348,0.5624009648797141,0.9373349702336783,2.0000000345209856,0.27807190991229574,0.26064652090157625,3.31932555373517e-09,0.9162110184402366,0.7812004997003498,0.34266036022045643,0.05093500474129169,,{'2': 1.0000000172604928},"{'policy_dri': True, 'active_frontier_distance': True, 'oracle_normalized_return': True, 'response_signature_accuracy': True, 'belief_calibration': True, 'partner_response_prediction_loss': False}"
active_response,pace_style,2007,factorized-identity-memory--active_response--identity,greedy,exact_neural_policy_tree,87.0,5.0,8.0,8.0,0.0,13.0,0.6,1.0,2.0,0.2780719051126377,0.27807190511263774,0.0,1.0,0.8,0.40199089109918706,0.20243655815720563,,{'2': 1.0},"{'policy_dri': True, 'active_frontier_distance': True, 'oracle_normalized_return': True, 'response_signature_accuracy': True, 'belief_calibration': True, 'partner_response_prediction_loss': False}"
active_response,pace_style,2007,factorized-identity-memory--active_response--identity,stochastic,exact_neural_policy_tree,83.43792726691241,2.6854866993193207,13.876586033768264,13.554831840608893,0.3217541931593715,16.562072733087586,0.32225840796955535,0.5370973398638641,1.9999999918975262,0.2780719039861025,0.14935168052687456,7.790840451404038e-10,0.49113246670177296,0.6611291999335408,0.45351783098838255,0.07119453019501848,,{'2': 0.9999999959487628},"{'policy_dri': True, 'active_frontier_distance': True, 'oracle_normalized_return': True, 'response_signature_accuracy': True, 'belief_calibration': True, 'partner_response_prediction_loss': False}"
active_response,pace_style,2008,factorized-identity-memory--active_response--identity,greedy,exact_neural_policy_tree,87.0,5.0,8.0,8.0,0.0,13.0,0.6,1.0,2.0,0.2780719051126377,0.27807190511263774,0.0,1.0,0.8,0.32392320651822903,0.04398231506347661,,{'2': 1.0},"{'policy_dri': True, 'active_frontier_distance': True, 'oracle_normalized_return': True, 'response_signature_accuracy': True, 'belief_calibration': True, 'partner_response_prediction_loss': False}"
active_response,pace_style,2008,factorized-identity-memory--active_response--identity,stochastic,exact_neural_policy_tree,86.54738839392996,4.706411897198004,8.74619970887204,8.704611529096569,0.041588179775470024,13.452611606070043,0.5647694235451716,0.9412823794396008,2.0000000082371776,0.27807190625790146,0.26174418449972653,7.920363296844469e-10,0.935341199132852,0.7823847158911748,0.3404797994926391,0.027889656504327287,,{'2': 1.000000004118589},"{'policy_dri': True, 'active_frontier_distance': True, 'oracle_normalized_return': True, 'response_signature_accuracy': True, 'belief_calibration': True, 'partner_response_prediction_loss': False}"
active_response,pace_style,2009,factorized-identity-memory--active_response--identity,greedy,exact_neural_policy_tree,87.0,5.0,8.0,8.0,0.0,13.0,0.6,1.0,2.0,0.2780719051126377,0.27807190511263774,0.0,1.0,0.8,0.3857431115125844,0.18066467270255093,,{'2': 1.0},"{'policy_dri': True, 'active_frontier_distance': True, 'oracle_normalized_return': True, 'response_signature_accuracy': True, 'belief_calibration': True, 'partner_response_prediction_loss': False}"
active_response,pace_style,2009,factorized-identity-memory--active_response--identity,stochastic,exact_neural_policy_tree,84.29587924235697,3.3349458594460826,12.369174898196938,11.996129707951567,0.37304519024537086,15.704120757643022,0.40019351460242164,0.6669891718892165,1.9999999770622163,0.278071901923461,0.18547094971673495,2.2055560839212136e-09,0.613697034622425,0.7000967458323192,0.4300795276649036,0.11450063027175073,,{'2': 0.9999999885311085},"{'policy_dri': True, 'active_frontier_distance': True, 'oracle_normalized_return': True, 'response_signature_accuracy': True, 'belief_calibration': True, 'partner_response_prediction_loss': False}"
active_response,pace_style,2010,factorized-identity-memory--active_response--identity,greedy,exact_neural_policy_tree,87.0,5.0,8.0,8.0,0.0,13.0,0.6,1.0,2.0,0.2780719051126377,0.27807190511263774,0.0,1.0,0.8,0.32653237393790857,0.05714453682303422,,{'2': 1.0},"{'policy_dri': True, 'active_frontier_distance': True, 'oracle_normalized_return': True, 'response_signature_accuracy': True, 'belief_calibration': True, 'partner_response_prediction_loss': False}"
active_response,pace_style,2010,factorized-identity-memory--active_response--identity,stochastic,exact_neural_policy_tree,86.4207890154141,4.646274527764385,8.932936456821507,8.848941638713619,0.08399481810788778,13.579210984585892,0.5575529180643191,0.929254905552877,2.0000000505348146,0.2780719121387938,0.25839968192235263,4.8591167499923724e-09,0.9172555736305859,0.7787764842995668,0.34463773451402097,0.04901311149910981,,{'2': 1.0000000252674073},"{'policy_dri': True, 'active_frontier_distance': True, 'oracle_normalized_return': True, 'response_signature_accuracy': True, 'belief_calibration': True, 'partner_response_prediction_loss': False}"
active_response,talents_style,2001,factorized-identity-memory--active_response--identity,greedy,exact_neural_policy_tree,87.0,5.0,8.0,8.0,0.0,13.0,0.6,1.0,2.0,0.2780719051126377,0.27807190511263774,0.0,1.0,0.5,0.5103621818420037,0.08458289504051208,0.0018493636744096877,{'2': 1.0},"{'policy_dri': True, 'active_frontier_distance': True, 'oracle_normalized_return': True, 'response_signature_accuracy': True, 'belief_calibration': True, 'partner_response_prediction_loss': True}"
active_response,talents_style,2001,factorized-identity-memory--active_response--identity,stochastic,exact_neural_policy_tree,84.35413426826356,3.3997204899787907,12.24614524175765,11.84067017435091,0.40547506740674066,15.645865731736441,0.4079664912824545,0.6799440979957582,1.9999999350300008,0.278071896079472,0.18907335069977446,6.247115312231808e-09,0.6220191811805093,0.49999999173641607,0.5106778081525976,0.08159354730747531,0.0018239708041843357,{'2': 0.9999999675150002},"{'policy_dri': True, 'active_frontier_distance': True, 'oracle_normalized_return': True, 'response_signature_accuracy': True, 'belief_calibration': True, 'partner_response_prediction_loss': True}"
active_response,talents_style,2002,factorized-identity-memory--active_response--identity,greedy,exact_neural_policy_tree,87.0,5.0,8.0,8.0,0.0,13.0,0.6,1.0,2.0,0.2780719051126377,0.27807190511263774,0.0,1.0,0.5,0.5016807041896107,0.01453670859336853,0.0012420185084920379,{'2': 1.0},"{'policy_dri': True, 'active_frontier_distance': True, 'oracle_normalized_return': True, 'response_signature_accuracy': True, 'belief_calibration': True, 'partner_response_prediction_loss': True}"
active_response,talents_style,2002,factorized-identity-memory--active_response--identity,stochastic,exact_neural_policy_tree,83.33530134130247,2.6120726320139305,14.052626026683603,13.731026475241249,0.32159955144235397,16.66469865869753,0.31344867623793754,0.5224145264027862,2.000000079207468,0.27807191612532345,0.14526880261533903,7.616102701493496e-09,0.4764716201860669,0.5000000208235935,0.5009517750581146,0.011787175260774219,0.0009264270287903688,{'2': 1.000000039603734},"{'policy_dri': True, 'active_frontier_distance': True, 'oracle_normalized_return': True, 'response_signature_accuracy': True, 'belief_calibration': True, 'partner_response_prediction_loss': True}"
active_response,talents_style,2003,factorized-identity-memory--active_response--identity,greedy,exact_neural_policy_tree,87.0,5.0,8.0,8.0,0.0,13.0,0.6,1.0,2.0,0.2780719051126377,0.27807190511263774,0.0,1.0,0.5,0.4998829963433189,0.028130561113357544,0.001348239398794249,{'2': 1.0},"{'policy_dri': True, 'active_frontier_distance': True, 'oracle_normalized_return': True, 'response_signature_accuracy': True, 'belief_calibration': True, 'partner_response_prediction_loss': True}"
active_response,talents_style,2003,factorized-identity-memory--active_response--identity,stochastic,exact_neural_policy_tree,83.83589026911196,2.9720431566238403,13.192066574264212,12.867095722290152,0.3249708519740597,16.16410973088805,0.3566452138854924,0.5944086313247681,1.999999929818737,0.27807189535491894,0.16528834052787372,6.748198367622339e-09,0.547984324158851,0.49999998976202176,0.5004074627439531,0.02652951877714399,0.0011694207890471046,{'2': 0.9999999649093686},"{'policy_dri': True, 'active_frontier_distance': True, 'oracle_normalized_return': True, 'response_signature_accuracy': True, 'belief_calibration': True, 'partner_response_prediction_loss': True}"
active_response,talents_style,2004,factorized-identity-memory--active_response--identity,greedy,exact_neural_policy_tree,87.0,5.0,8.0,8.0,0.0,13.0,0.6,1.0,2.0,0.2780719051126377,0.27807190511263774,0.0,1.0,0.5,0.5030113475626803,0.047162383794784546,0.0014745264779776335,{'2': 1.0},"{'policy_dri': True, 'active_frontier_distance': True, 'oracle_normalized_return': True, 'response_signature_accuracy': True, 'belief_calibration': True, 'partner_response_prediction_loss': True}"
active_response,talents_style,2004,factorized-identity-memory--active_response--identity,stochastic,exact_neural_policy_tree,85.25070120599581,3.882881334261273,10.866417459742912,10.681084462597525,0.18533299714538742,14.749298794004186,0.46594577687012373,0.7765762668522547,1.9999999664824581,0.27807190045249425,0.21594404198886652,3.222840562798159e-09,0.7501001722851157,0.4999999896678584,0.5031854679417954,0.04634779178782117,0.0013215801552241447,{'2': 0.9999999832412291},"{'policy_dri': True, 'active_frontier_distance': True, 'oracle_normalized_return': True, 'response_signature_accuracy': True, 'belief_calibration': True, 'partner_response_prediction_loss': True}"
active_response,talents_style,2005,factorized-identity-memory--active_response--identity,greedy,exact_neural_policy_tree,87.0,5.0,8.0,8.0,0.0,13.0,0.6,1.0,2.0,0.2780719051126377,0.27807190511263774,0.0,1.0,0.2,0.5465225651283508,0.3361487865447998,0.001403054338879883,{'2': 1.0},"{'policy_dri': True, 'active_frontier_distance': True, 'oracle_normalized_return': True, 'response_signature_accuracy': True, 'belief_calibration': True, 'partner_response_prediction_loss': True}"
active_response,talents_style,2005,factorized-identity-memory--active_response--identity,stochastic,exact_neural_policy_tree,85.94510996933826,4.3355696727178055,9.719320357943928,9.59463277554524,0.12468758239868905,14.054890030661735,0.520268361222738,0.8671139345435611,1.9999999990067971,0.27807190497454676,0.24112002372824298,9.550026581505796e-11,0.8493014241911803,0.23986581938863097,0.5406200854923806,0.29542524206466303,0.0013870747317328708,{'2': 0.9999999995033985},"{'policy_dri': True, 'active_frontier_distance': True, 'oracle_normalized_return': True, 'response_signature_accuracy': True, 'belief_calibration': True, 'partner_response_prediction_loss': True}"
active_response,talents_style,2006,factorized-identity-memory--active_response--identity,greedy,exact_neural_policy_tree,87.0,5.0,8.0,8.0,0.0,13.0,0.6,1.0,2.0,0.2780719051126377,0.27807190511263774,0.0,1.0,0.5,0.5572356139199883,0.1581277847290039,0.0008956929377745837,{'2': 1.0},"{'policy_dri': True, 'active_frontier_distance': True, 'oracle_normalized_return': True, 'response_signature_accuracy': True, 'belief_calibration': True, 'partner_response_prediction_loss': True}"
active_response,talents_style,2006,factorized-identity-memory--active_response--identity,stochastic,exact_neural_policy_tree,86.58111302821663,4.783414546593388,8.635472425189983,8.519804561961354,0.11566786322862832,13.41888697178337,0.5740097719019323,0.9566829093186776,1.9999999473785486,0.278071897796364,0.26602663918294556,5.059754939815356e-09,0.9401590040309478,0.4999999924578137,0.5562852238500434,0.1570081269117884,0.0008852469744847479,{'2': 0.9999999736892742},"{'policy_dri': True, 'active_frontier_distance': True, 'oracle_normalized_return': True, 'response_signature_accuracy': True, 'belief_calibration': True, 'partner_response_prediction_loss': True}"
active_response,talents_style,2007,factorized-identity-memory--active_response--identity,greedy,exact_neural_policy_tree,87.0,5.0,8.0,8.0,0.0,13.0,0.6,1.0,2.0,0.2780719051126377,0.27807190511263774,0.0,1.0,0.5,0.5051068122010938,0.04723748564720154,0.00038157441304065287,{'2': 1.0},"{'policy_dri': True, 'active_frontier_distance': True, 'oracle_normalized_return': True, 'response_signature_accuracy': True, 'belief_calibration': True, 'partner_response_prediction_loss': True}"
active_response,talents_style,2007,factorized-identity-memory--active_response--identity,stochastic,exact_neural_policy_tree,83.54114216845005,2.5933610432910683,13.865496788258879,13.775932238101058,0.08956455015782083,16.45885783154995,0.3112033880949471,0.5186722086582137,1.9999998741999623,0.27807188762190954,0.14422816919056902,1.2096157498719096e-08,0.5058774526357216,0.49999997409300256,0.50400827469099,0.04258728914711474,0.0003304095474838821,{'2': 0.9999999370999813},"{'policy_dri': True, 'active_frontier_distance': True, 'oracle_normalized_return': True, 'response_signature_accuracy': True, 'belief_calibration': True, 'partner_response_prediction_loss': True}"
active_response,talents_style,2008,factorized-identity-memory--active_response--identity,greedy,exact_neural_policy_tree,87.0,5.0,8.0,8.0,0.0,13.0,0.6,1.0,2.0,0.2780719051126377,0.27807190511263774,0.0,1.0,0.5,0.4976044136997974,0.01118171215057373,0.0016890179249458015,{'2': 1.0},"{'policy_dri': True, 'active_frontier_distance': True, 'oracle_normalized_return': True, 'response_signature_accuracy': True, 'belief_calibration': True, 'partner_response_prediction_loss': True}"
active_response,talents_style,2008,factorized-identity-memory--active_response--identity,stochastic,exact_neural_policy_tree,83.46195705036156,2.7786067205814837,13.759436229056952,13.331342759216898,0.4280934698400536,16.538042949638434,0.33343286203915506,0.5557213441162967,1.999999888861246,0.27807188966035506,0.15453049287017429,1.0686418664503842e-08,0.4945652929087946,0.4999999792023152,0.498760897860067,0.010589270165042408,0.0015238067205763067,{'2': 0.9999999444306229},"{'policy_dri': True, 'active_frontier_distance': True, 'oracle_normalized_return': True, 'response_signature_accuracy': True, 'belief_calibration': True, 'partner_response_prediction_loss': True}"
active_response,talents_style,2009,factorized-identity-memory--active_response--identity,greedy,exact_neural_policy_tree,87.0,5.0,8.0,8.0,0.0,13.0,0.6,1.0,2.0,0.2780719051126377,0.27807190511263774,0.0,1.0,0.5,0.5119393414936222,0.035974323749542236,0.0021988475928083062,{'2': 1.0},"{'policy_dri': True, 'active_frontier_distance': True, 'oracle_normalized_return': True, 'response_signature_accuracy': True, 'belief_calibration': True, 'partner_response_prediction_loss': True}"
active_response,talents_style,2009,factorized-identity-memory--active_response--identity,stochastic,exact_neural_policy_tree,85.28908030052969,3.9519088926700134,10.759010806800296,10.515418126577412,0.24359268022288383,14.71091969947031,0.4742290936711294,0.7903817785340027,1.9999999468985445,0.2780718977296263,0.21978296692326504,5.105909208256667e-09,0.7555829000756701,0.4999999762352054,0.5097595163581569,0.03418646722341451,0.002039737651351788,{'2': 0.9999999734492724},"{'policy_dri': True, 'active_frontier_distance': True, 'oracle_normalized_return': True, 'response_signature_accuracy': True, 'belief_calibration': True, 'partner_response_prediction_loss': True}"
active_response,talents_style,2010,factorized-identity-memory--active_response--identity,greedy,exact_neural_policy_tree,87.0,5.0,8.0,8.0,0.0,13.0,0.6,1.0,2.0,0.2780719051126377,0.27807190511263774,0.0,1.0,0.8,0.3449535077422592,0.1112883567810059,0.0014349165721796453,{'2': 1.0},"{'policy_dri': True, 'active_frontier_distance': True, 'oracle_normalized_return': True, 'response_signature_accuracy': True, 'belief_calibration': True, 'partner_response_prediction_loss': True}"
active_response,talents_style,2010,factorized-identity-memory--active_response--identity,stochastic,exact_neural_policy_tree,85.06974097252166,3.8886996234498987,11.041559404028447,10.667121313495809,0.37443809053263877,14.930259027478346,0.46664393432520956,0.7777399246899798,2.0000000409775565,0.2780719108099912,0.2162676225407019,3.9401496638041396e-09,0.7242487103602367,0.7333219876513831,0.39139758673110586,0.05059387463223275,0.0013751078683339843,{'2': 1.0000000204887782},"{'policy_dri': True, 'active_frontier_distance': True, 'oracle_normalized_return': True, 'response_signature_accuracy': True, 'belief_calibration': True, 'partner_response_prediction_loss': True}"
active_response,tom_selector_style,2001,factorized-identity-memory--active_response--identity,greedy,exact_neural_policy_tree,80.0,0.0,20.0,20.0,0.0,20.0,0.0,0.0,2.0,0.2780719051126377,0.0,0.0,0.0,0.5,0.5000000038543111,4.279613494873047e-05,0.0017928455490618944,{'2': 1.0},"{'policy_dri': True, 'active_frontier_distance': True, 'oracle_normalized_return': True, 'response_signature_accuracy': True, 'belief_calibration': True, 'partner_response_prediction_loss': True}"
active_response,tom_selector_style,2001,factorized-identity-memory--active_response--identity,stochastic,exact_neural_policy_tree,79.98545224003894,0.014839026844128968,19.99970873311693,19.964385753497485,0.035322979619444084,20.014547759961058,0.0017807123251257551,0.0029678053688257937,1.9999999417923393,0.27807189701968,0.0008252632929129025,5.596890442107808e-09,-0.002078251423008786,0.49999998542155055,0.5000000229463127,4.278722704154081e-05,0.0017925815554080766,{'2': 0.9999999708961694},"{'policy_dri': True, 'active_frontier_distance': True, 'oracle_normalized_return': True, 'response_signature_accuracy': True, 'belief_calibration': True, 'partner_response_prediction_loss': True}"
active_response,tom_selector_style,2002,factorized-identity-memory--active_response--identity,greedy,exact_neural_policy_tree,80.0,0.0,20.0,20.0,0.0,20.0,0.0,0.0,2.0,0.2780719051126377,0.0,0.0,0.0,0.5,0.5000000424504845,0.0001455247402191162,0.001645638607442379,{'2': 1.0},"{'policy_dri': True, 'active_frontier_distance': True, 'oracle_normalized_return': True, 'response_signature_accuracy': True, 'belief_calibration': True, 'partner_response_prediction_loss': True}"
active_response,tom_selector_style,2002,factorized-identity-memory--active_response--identity,stochastic,exact_neural_policy_tree,79.98470959697255,0.01516148076152085,20.00012892226593,19.963613027345264,0.036515894920665204,20.01529040302745,0.0018193486327367837,0.0030322961523041696,2.0000000581172914,0.2780719131930307,0.0008431963679369412,5.5882010980084516e-09,-0.002184343289635698,0.5000000145157675,0.5000000236250426,0.0001455096667392075,0.0016455121228564223,{'2': 1.0000000290586457},"{'policy_dri': True, 'active_frontier_distance': True, 'oracle_normalized_return': True, 'response_signature_accuracy': True, 'belief_calibration': True, 'partner_response_prediction_loss': True}"
active_response,tom_selector_style,2003,factorized-identity-memory--active_response--identity,greedy,exact_neural_policy_tree,80.0,0.0,20.0,20.0,0.0,20.0,0.0,0.0,2.0,0.2780719051126377,0.0,0.0,0.0,0.5,0.5000000554215482,0.00015988945960998535,0.0014129345654509962,{'2': 1.0},"{'policy_dri': True, 'active_frontier_distance': True, 'oracle_normalized_return': True, 'response_signature_accuracy': True, 'belief_calibration': True, 'partner_response_prediction_loss': True}"
active_response,tom_selector_style,2003,factorized-identity-memory--active_response--identity,stochastic,exact_neural_policy_tree,79.9785197279525,0.021239807512763026,20.00024046453473,19.949021747571507,0.05121871696322344,20.021480272047494,0.0025489126214246483,0.004247961502552605,1.999999728560214,0.27807186737274847,0.0011812387478599457,2.609997943684791e-08,-0.0030686102924996866,0.49999993212106375,0.5000002056860978,0.0001598433741374361,0.0014126336935519912,{'2': 0.999999864280107},"{'policy_dri': True, 'active_frontier_distance': True, 'oracle_normalized_return': True, 'response_signature_accuracy': True, 'belief_calibration': True, 'partner_response_prediction_loss': True}"
active_response,tom_selector_style,2004,factorized-identity-memory--active_response--identity,greedy,exact_neural_policy_tree,80.0,0.0,20.0,20.0,0.0,20.0,0.0,0.0,2.0,0.2780719051126377,0.0,0.0,0.0,0.5,0.5000002278037835,0.0003184378147125244,0.0010191337496507913,{'2': 1.0},"{'policy_dri': True, 'active_frontier_distance': True, 'oracle_normalized_return': True, 'response_signature_accuracy': True, 'belief_calibration': True, 'partner_response_prediction_loss': True}"
active_response,tom_selector_style,2004,factorized-identity-memory--active_response--identity,stochastic,exact_neural_policy_tree,79.98181037417771,0.018946234750951852,19.999243391071335,19.954529652260383,0.04471373881095175,20.018189625822288,0.0022735173869808277,0.0037892469501903704,2.0000000615662668,0.27807191367256207,0.0010536831183816883,5.9198333524520115e-09,-0.0025985179746125403,0.5000000153746275,0.5000007790853446,0.0003184817739099177,0.0010190958400593999,{'2': 1.0000000307831334},"{'policy_dri': True, 'active_frontier_distance': True, 'oracle_normalized_return': True, 'response_signature_accuracy': True, 'belief_calibration': True, 'partner_response_prediction_loss': True}"
active_response,tom_selector_style,2005,factorized-identity-memory--active_response--identity,greedy,exact_neural_policy_tree,80.0,0.0,20.0,20.0,0.0,20.0,0.0,0.0,2.0,0.2780719051126377,0.0,0.0,0.0,0.5,0.5000000069763821,5.85019588470459e-05,0.002571134245954454,{'2': 1.0},"{'policy_dri': True, 'active_frontier_distance': True, 'oracle_normalized_return': True, 'response_signature_accuracy': True, 'belief_calibration': True, 'partner_response_prediction_loss': True}"
active_response,tom_selector_style,2005,factorized-identity-memory--active_response--identity,stochastic,exact_neural_policy_tree,79.9857113150646,0.014529495018042548,19.999759189917356,19.96513057634429,0.03462861357306579,20.014288684935398,0.0017434711827855054,0.0029058990036085097,2.000000136438759,0.27807192408253034,0.0008080488719983337,1.3119111461992552e-08,-0.0020412407050563225,0.5000000340966994,0.500000069870616,5.8492449189428974e-05,0.0025707430954227824,{'2': 1.0000000682193793},"{'policy_dri': True, 'active_frontier_distance': True, 'oracle_normalized_return': True, 'response_signature_accuracy': True, 'belief_calibration': True, 'partner_response_prediction_loss': True}"
active_response,tom_selector_style,2006,factorized-identity-memory--active_response--identity,greedy,exact_neural_policy_tree,80.0,0.0,20.0,20.0,0.0,20.0,0.0,0.0,2.0,0.2780719051126377,0.0,0.0,0.0,0.5,0.5000000017101325,2.3633241653442383e-05,0.00236361229326576,{'2': 1.0},"{'policy_dri': True, 'active_frontier_distance': True, 'oracle_normalized_return': True, 'response_signature_accuracy': True, 'belief_calibration': True, 'partner_response_prediction_loss': True}"
active_response,tom_selector_style,2006,factorized-identity-memory--active_response--identity,stochastic,exact_neural_policy_tree,79.9748499343527,0.024703775630090002,20.000446290017205,19.940710187061413,0.05973610295579235,20.025150065647296,0.002964490646929363,0.0049407551260180005,1.999999924857363,0.2780718946651096,0.0013738851905868558,7.225253575492729e-09,-0.0035928665210422294,0.5014822077521461,0.4999998310539175,0.0014585834313042279,0.002363095209416504,{'2': 0.9999999624286815},"{'policy_dri': True, 'active_frontier_distance': True, 'oracle_normalized_return': True, 'response_signature_accuracy': True, 'belief_calibration': True, 'partner_response_prediction_loss': True}"
active_response,tom_selector_style,2007,factorized-identity-memory--active_response--identity,greedy,exact_neural_policy_tree,80.0,0.0,20.0,20.0,0.0,20.0,0.0,0.0,2.0,0.2780719051126377,0.0,0.0,0.0,0.5,0.5000000080604861,6.312131881713867e-05,0.0018302416428923607,{'2': 1.0},"{'policy_dri': True, 'active_frontier_distance': True, 'oracle_normalized_return': True, 'response_signature_accuracy': True, 'belief_calibration': True, 'partner_response_prediction_loss': True}"
active_response,tom_selector_style,2007,factorized-identity-memory--active_response--identity,stochastic,exact_neural_policy_tree,79.98177710598723,0.0175510110263233,20.00067188298644,19.95787777795566,0.042794105030779406,20.018222894012762,0.0021061111022170564,0.00351020220526466,2.0000000204418833,0.2780719079547945,0.0009760886145485262,1.9655657280412087e-09,-0.002603270573252254,0.4989469444488915,0.5000002756631542,0.0011161791564100465,0.0018300804520209634,{'2': 1.0000000102209419},"{'policy_dri': True, 'active_frontier_distance': True, 'oracle_normalized_return': True, 'response_signature_accuracy': True, 'belief_calibration': True, 'partner_response_prediction_loss': True}"
active_response,tom_selector_style,2008,factorized-identity-memory--active_response--identity,greedy,exact_neural_policy_tree,80.0,0.0,20.0,20.0,0.0,20.0,0.0,0.0,2.0,0.2780719051126377,0.0,0.0,0.0,0.5,0.5000001417921127,0.0002656877040863037,0.001582796627189964,{'2': 1.0},"{'policy_dri': True, 'active_frontier_distance': True, 'oracle_normalized_return': True, 'response_signature_accuracy': True, 'belief_calibration': True, 'partner_response_prediction_loss': True}"
active_response,tom_selector_style,2008,factorized-identity-memory--active_response--identity,stochastic,exact_neural_policy_tree,79.97856322173253,0.021852135798303248,19.99958464246917,19.947554101086343,0.05203054138282681,20.02143677826747,0.002622294945682846,0.00437042715966065,1.9999999227002272,0.2780718943651902,0.001215293006442851,7.432670485495708e-09,-0.0030623968953530528,0.4999999806555195,0.5000001932581627,0.0002656771629387378,0.0015823313109061892,{'2': 0.9999999613501134},"{'policy_dri': True, 'active_frontier_distance': True, 'oracle_normalized_return': True, 'response_signature_accuracy': True, 'belief_calibration': True, 'partner_response_prediction_loss': True}"
active_response,tom_selector_style,2009,factorized-identity-memory--active_response--identity,greedy,exact_neural_policy_tree,80.0,0.0,20.0,20.0,0.0,20.0,0.0,0.0,2.0,0.2780719051126377,0.0,0.0,0.0,0.5,0.5000000398202893,0.00014084577560424805,0.0018090326339006428,{'2': 1.0},"{'policy_dri': True, 'active_frontier_distance': True, 'oracle_normalized_return': True, 'response_signature_accuracy': True, 'belief_calibration': True, 'partner_response_prediction_loss': True}"
active_response,tom_selector_style,2009,factorized-identity-memory--active_response--identity,stochastic,exact_neural_policy_tree,79.98194415403637,0.01876367605291307,19.99929216991071,19.95496592708097,0.04432624282974018,20.018055845963623,0.0022517036459515083,0.003752735210582614,1.9999998749607961,0.27807188772769276,0.0010435302293899831,1.2023000363204687e-08,-0.002579406566232884,0.49999996874019903,0.49999996860057155,0.00014084677362791176,0.0018089527001435967,{'2': 0.9999999374803981},"{'policy_dri': True, 'active_frontier_distance': True, 'oracle_normalized_return': True, 'response_signature_accuracy': True, 'belief_calibration': True, 'partner_response_prediction_loss': True}"
active_response,tom_selector_style,2010,factorized-identity-memory--active_response--identity,greedy,exact_neural_policy_tree,80.0,0.0,20.0,20.0,0.0,20.0,0.0,0.0,2.0,0.2780719051126377,0.0,0.0,0.0,0.5,0.5000000005878125,1.633167266845703e-05,0.0018255108734592795,{'2': 1.0},"{'policy_dri': True, 'active_frontier_distance': True, 'oracle_normalized_return': True, 'response_signature_accuracy': True, 'belief_calibration': True, 'partner_response_prediction_loss': True}"
active_response,tom_selector_style,2010,factorized-identity-memory--active_response--identity,stochastic,exact_neural_policy_tree,79.97739094886205,0.022849442902952436,19.999759608234996,19.94516104968485,0.05459855855014695,20.022609051137948,0.002741947515757559,0.0045698885805904865,1.9999999712651937,0.2780719011174663,0.0012707576237572847,2.762962168151413e-09,-0.003229864448278314,0.5013709593904756,0.4999999443317161,0.0013546685414088655,0.0018253034236055143,{'2': 0.9999999856325968},"{'policy_dri': True, 'active_frontier_distance': True, 'oracle_normalized_return': True, 'response_signature_accuracy': True, 'belief_calibration': True, 'partner_response_prediction_loss': True}"
active_identity_only,mlp_ppo,2001,factorized-identity-memory--active_identity_only--identity,greedy,exact_neural_policy_tree,80.0,0.0,20.0,20.0,0.0,20.0,0.0,0.0,2.0,0.2780719051126377,0.0,0.0,,,,,,{'2': 1.0},"{'policy_dri': True, 'active_frontier_distance': True, 'oracle_normalized_return': False, 'response_signature_accuracy': False, 'belief_calibration': False, 'partner_response_prediction_loss': False}"
active_identity_only,mlp_ppo,2001,factorized-identity-memory--active_identity_only--identity,stochastic,exact_neural_policy_tree,79.72442877588955,0.2755702555349543,20.00000096857549,20.000000968575495,-7.105427357601002e-15,20.275571224110443,-4.84287747681833e-08,0.05511405110699086,2.000000096857549,0.27807191857931923,0.0,0.006889256388416412,,,,,,{'2': 1.0000000484287745},"{'policy_dri': True, 'active_frontier_distance': True, 'oracle_normalized_return': False, 'response_signature_accuracy': False, 'belief_calibration': False, 'partner_response_prediction_loss': False}"
active_identity_only,mlp_ppo,2002,factorized-identity-memory--active_identity_only--identity,greedy,exact_neural_policy_tree,80.0,0.0,20.0,20.0,0.0,20.0,0.0,0.0,2.0,0.2780719051126377,0.0,0.0,,,,,,{'2': 1.0},"{'policy_dri': True, 'active_frontier_distance': True, 'oracle_normalized_return': False, 'response_signature_accuracy': False, 'belief_calibration': False, 'partner_response_prediction_loss': False}"
active_identity_only,mlp_ppo,2002,factorized-identity-memory--active_identity_only--identity,stochastic,exact_neural_policy_tree,79.78315437858839,0.2168456959174364,19.99999992549418,19.99999992549418,0.0,20.216845621411615,3.72529100900465e-09,0.04336913918348728,1.9999999925494178,0.27807190407673876,0.0,0.00542114239793623,,,,,,{'2': 0.9999999962747089},"{'policy_dri': True, 'active_frontier_distance': True, 'oracle_normalized_return': False, 'response_signature_accuracy': False, 'belief_calibration': False, 'partner_response_prediction_loss': False}"
active_identity_only,mlp_ppo,2003,factorized-identity-memory--active_identity_only--identity,greedy,exact_neural_policy_tree,80.0,0.0,20.0,20.0,0.0,20.0,0.0,0.0,2.0,0.2780719051126377,0.0,0.0,,,,,,{'2': 1.0},"{'policy_dri': True, 'active_frontier_distance': True, 'oracle_normalized_return': False, 'response_signature_accuracy': False, 'belief_calibration': False, 'partner_response_prediction_loss': False}"
active_identity_only,mlp_ppo,2003,factorized-identity-memory--active_identity_only--identity,stochastic,exact_neural_policy_tree,79.77630668721761,0.2236942068520653,19.999999105930314,19.999999105930314,0.0,20.22369331278238,4.47034842920857e-08,0.04473884137041306,1.9999999105930313,0.2780718926818547,0.0,0.005592355171346301,,,,,,{'2': 0.9999999552965156},"{'policy_dri': True, 'active_frontier_distance': True, 'oracle_normalized_return': False, 'response_signature_accuracy': False, 'belief_calibration': False, 'partner_response_prediction_loss': False}"
active_identity_only,mlp_ppo,2004,factorized-identity-memory--active_identity_only--identity,greedy,exact_neural_policy_tree,80.0,0.0,20.0,20.0,0.0,20.0,0.0,0.0,2.0,0.2780719051126377,0.0,0.0,,,,,,{'2': 1.0},"{'policy_dri': True, 'active_frontier_distance': True, 'oracle_normalized_return': False, 'response_signature_accuracy': False, 'belief_calibration': False, 'partner_response_prediction_loss': False}"
active_identity_only,mlp_ppo,2004,factorized-identity-memory--active_identity_only--identity,stochastic,exact_neural_policy_tree,79.77265557274222,0.2273455448448658,19.99999888241291,19.99999888241291,0.0,20.227344427257776,5.587935447692871e-08,0.04546910896897316,1.999999888241291,0.2780718895741593,0.0,0.005683638621190318,,,,,,{'2': 0.9999999441206457},"{'policy_dri': True, 'active_frontier_distance': True, 'oracle_normalized_return': False, 'response_signature_accuracy': False, 'belief_calibration': False, 'partner_response_prediction_loss': False}"
active_identity_only,mlp_ppo,2005,factorized-identity-memory--active_identity_only--identity,greedy,exact_neural_policy_tree,80.0,0.0,20.0,20.0,0.0,20.0,0.0,0.0,2.0,0.2780719051126377,0.0,0.0,,,,,,{'2': 1.0},"{'policy_dri': True, 'active_frontier_distance': True, 'oracle_normalized_return': False, 'response_signature_accuracy': False, 'belief_calibration': False, 'partner_response_prediction_loss': False}"
active_identity_only,mlp_ppo,2005,factorized-identity-memory--active_identity_only--identity,stochastic,exact_neural_policy_tree,79.76290651821813,0.23709296024122695,20.000000521540642,20.000000521540642,0.0,20.23709348178187,-2.60770320892334e-08,0.04741859204824539,2.000000052154064,0.2780719123639276,0.0,0.005927324006045015,,,,,,{'2': 1.000000026077032},"{'policy_dri': True, 'active_frontier_distance': True, 'oracle_normalized_return': False, 'response_signature_accuracy': False, 'belief_calibration': False, 'partner_response_prediction_loss': False}"
active_identity_only,mlp_ppo,2006,factorized-identity-memory--active_identity_only--identity,greedy,exact_neural_policy_tree,80.0,0.0,20.0,20.0,0.0,20.0,0.0,0.0,2.0,0.2780719051126377,0.0,0.0,,,,,,{'2': 1.0},"{'policy_dri': True, 'active_frontier_distance': True, 'oracle_normalized_return': False, 'response_signature_accuracy': False, 'belief_calibration': False, 'partner_response_prediction_loss': False}"
active_identity_only,mlp_ppo,2006,factorized-identity-memory--active_identity_only--identity,stochastic,exact_neural_policy_tree,79.77693992933453,0.22305962363063148,20.000000447034832,20.000000447034832,0.0,20.223060070665465,-2.23517416131358e-08,0.044611924726126295,2.000000044703483,0.2780719113280289,0.0,0.005576490590776985,,,,,,{'2': 1.0000000223517418},"{'policy_dri': True, 'active_frontier_distance': True, 'oracle_normalized_return': False, 'response_signature_accuracy': False, 'belief_calibration': False, 'partner_response_prediction_loss': False}"
active_identity_only,mlp_ppo,2007,factorized-identity-memory--active_identity_only--identity,greedy,exact_neural_policy_tree,80.0,0.0,20.0,20.0,0.0,20.0,0.0,0.0,2.0,0.2780719051126377,0.0,0.0,,,,,,{'2': 1.0},"{'policy_dri': True, 'active_frontier_distance': True, 'oracle_normalized_return': False, 'response_signature_accuracy': False, 'belief_calibration': False, 'partner_response_prediction_loss': False}"
active_identity_only,mlp_ppo,2007,factorized-identity-memory--active_identity_only--identity,stochastic,exact_neural_policy_tree,79.72516493871808,0.2748342417180538,20.000000819563866,20.000000819563866,0.0,20.27483506128192,-4.0978193283081055e-08,0.054966848343610764,2.0000000819563866,0.27807191650752217,0.0,0.006870856042981895,,,,,,{'2': 1.0000000409781933},"{'policy_dri': True, 'active_frontier_distance': True, 'oracle_normalized_return': False, 'response_signature_accuracy': False, 'belief_calibration': False, 'partner_response_prediction_loss': False}"
active_identity_only,mlp_ppo,2008,factorized-identity-memory--active_identity_only--identity,greedy,exact_neural_policy_tree,80.0,0.0,20.0,20.0,0.0,20.0,0.0,0.0,2.0,0.2780719051126377,0.0,0.0,,,,,,{'2': 1.0},"{'policy_dri': True, 'active_frontier_distance': True, 'oracle_normalized_return': False, 'response_signature_accuracy': False, 'belief_calibration': False, 'partner_response_prediction_loss': False}"
active_identity_only,mlp_ppo,2008,factorized-identity-memory--active_identity_only--identity,stochastic,exact_neural_policy_tree,79.76181779499763,0.23818153445014478,20.00000067055222,20.00000067055223,-7.105427357601002e-15,20.238182205002367,-3.352761144270744e-08,0.04763630689002896,2.0000000670552223,0.2780719144357243,0.0,0.005954538361277217,,,,,,{'2': 1.0000000335276111},"{'policy_dri': True, 'active_frontier_distance': True, 'oracle_normalized_return': False, 'response_signature_accuracy': False, 'belief_calibration': False, 'partner_response_prediction_loss': False}"
active_identity_only,mlp_ppo,2009,factorized-identity-memory--active_identity_only--identity,greedy,exact_neural_policy_tree,80.0,0.0,20.0,20.0,0.0,20.0,0.0,0.0,2.0,0.2780719051126377,0.0,0.0,,,,,,{'2': 1.0},"{'policy_dri': True, 'active_frontier_distance': True, 'oracle_normalized_return': False, 'response_signature_accuracy': False, 'belief_calibration': False, 'partner_response_prediction_loss': False}"
active_identity_only,mlp_ppo,2009,factorized-identity-memory--active_identity_only--identity,stochastic,exact_neural_policy_tree,79.66266337782145,0.3373361751437187,20.00000044703484,20.00000044703484,0.0,20.337336622178558,-2.2351741968407168e-08,0.06746723502874374,2.0000000447034836,0.278071911328029,0.0,0.008433404378600374,,,,,,{'2': 1.0000000223517418},"{'policy_dri': True, 'active_frontier_distance': True, 'oracle_normalized_return': False, 'response_signature_accuracy': False, 'belief_calibration': False, 'partner_response_prediction_loss': False}"
active_identity_only,mlp_ppo,2010,factorized-identity-memory--active_identity_only--identity,greedy,exact_neural_policy_tree,80.0,0.0,20.0,20.0,0.0,20.0,0.0,0.0,2.0,0.2780719051126377,0.0,0.0,,,,,,{'2': 1.0},"{'policy_dri': True, 'active_frontier_distance': True, 'oracle_normalized_return': False, 'response_signature_accuracy': False, 'belief_calibration': False, 'partner_response_prediction_loss': False}"
active_identity_only,mlp_ppo,2010,factorized-identity-memory--active_identity_only--identity,stochastic,exact_neural_policy_tree,79.79281381400317,0.20718417434001934,20.00000201165681,20.000002011656814,-3.552713678800501e-15,20.20718618599683,-1.0058284072300694e-07,0.04143683486800387,2.000000201165681,0.2780719330818998,0.0,0.005179604358744636,,,,,,{'2': 1.0000001005828407},"{'policy_dri': True, 'active_frontier_distance': True, 'oracle_normalized_return': False, 'response_signature_accuracy': False, 'belief_calibration': False, 'partner_response_prediction_loss': False}"
active_identity_only,gru_ppo_passive,2001,factorized-identity-memory--active_identity_only--identity,greedy,exact_neural_policy_tree,80.0,0.0,20.0,20.0,0.0,20.0,0.0,0.0,2.0,0.2780719051126377,0.0,0.0,,,,,,{'2': 1.0},"{'policy_dri': True, 'active_frontier_distance': True, 'oracle_normalized_return': False, 'response_signature_accuracy': False, 'belief_calibration': False, 'partner_response_prediction_loss': False}"
active_identity_only,gru_ppo_passive,2001,factorized-identity-memory--active_identity_only--identity,stochastic,exact_neural_policy_tree,79.99999970197678,0.0,20.000000298023224,20.000000298023224,0.0,20.000000298023224,-1.4901161193847656e-08,0.0,2.0000000298023224,0.278071909256232,0.0,7.450580596923828e-09,,,,,,{'2': 1.0000000149011612},"{'policy_dri': True, 'active_frontier_distance': True, 'oracle_normalized_return': False, 'response_signature_accuracy': False, 'belief_calibration': False, 'partner_response_prediction_loss': False}"
active_identity_only,gru_ppo_passive,2002,factorized-identity-memory--active_identity_only--identity,greedy,exact_neural_policy_tree,80.0,0.0,20.0,20.0,0.0,20.0,0.0,0.0,2.0,0.2780719051126377,0.0,0.0,,,,,,{'2': 1.0},"{'policy_dri': True, 'active_frontier_distance': True, 'oracle_normalized_return': False, 'response_signature_accuracy': False, 'belief_calibration': False, 'partner_response_prediction_loss': False}"
active_identity_only,gru_ppo_passive,2002,factorized-identity-memory--active_identity_only--identity,stochastic,exact_neural_policy_tree,80.0,0.0,20.0,20.0,0.0,20.0,0.0,0.0,2.0,0.2780719051126376,0.0,0.0,,,,,,{'2': 1.0},"{'policy_dri': True, 'active_frontier_distance': True, 'oracle_normalized_return': False, 'response_signature_accuracy': False, 'belief_calibration': False, 'partner_response_prediction_loss': False}"
active_identity_only,gru_ppo_passive,2003,factorized-identity-memory--active_identity_only--identity,greedy,exact_neural_policy_tree,80.0,0.0,20.0,20.0,0.0,20.0,0.0,0.0,2.0,0.2780719051126377,0.0,0.0,,,,,,{'2': 1.0},"{'policy_dri': True, 'active_frontier_distance': True, 'oracle_normalized_return': False, 'response_signature_accuracy': False, 'belief_calibration': False, 'partner_response_prediction_loss': False}"
active_identity_only,gru_ppo_passive,2003,factorized-identity-memory--active_identity_only--identity,stochastic,exact_neural_policy_tree,79.99999850988388,0.0,20.00000149011612,20.00000149011612,0.0,20.00000149011612,-7.450580596923828e-08,0.0,2.000000149011612,0.27807192583060913,0.0,3.725290298461914e-08,,,,,,{'2': 1.000000074505806},"{'policy_dri': True, 'active_frontier_distance': True, 'oracle_normalized_return': False, 'response_signature_accuracy': False, 'belief_calibration': False, 'partner_response_prediction_loss': False}"
active_identity_only,gru_ppo_passive,2004,factorized-identity-memory--active_identity_only--identity,greedy,exact_neural_policy_tree,80.0,0.0,20.0,20.0,0.0,20.0,0.0,0.0,2.0,0.2780719051126377,0.0,0.0,,,,,,{'2': 1.0},"{'policy_dri': True, 'active_frontier_distance': True, 'oracle_normalized_return': False, 'response_signature_accuracy': False, 'belief_calibration': False, 'partner_response_prediction_loss': False}"
active_identity_only,gru_ppo_passive,2004,factorized-identity-memory--active_identity_only--identity,stochastic,exact_neural_policy_tree,80.00000029802322,0.0,19.999999701976776,19.999999701976776,0.0,19.999999701976776,1.4901161193847656e-08,0.0,1.9999999701976776,0.2780719009690434,0.0,7.450580596923828e-09,,,,,,{'2': 0.9999999850988388},"{'policy_dri': True, 'active_frontier_distance': True, 'oracle_normalized_return': False, 'response_signature_accuracy': False, 'belief_calibration': False, 'partner_response_prediction_loss': False}"
active_identity_only,gru_ppo_passive,2005,factorized-identity-memory--active_identity_only--identity,greedy,exact_neural_policy_tree,80.0,0.0,20.0,20.0,0.0,20.0,0.0,0.0,2.0,0.2780719051126377,0.0,0.0,,,,,,{'2': 1.0},"{'policy_dri': True, 'active_frontier_distance': True, 'oracle_normalized_return': False, 'response_signature_accuracy': False, 'belief_calibration': False, 'partner_response_prediction_loss': False}"
active_identity_only,gru_ppo_passive,2005,factorized-identity-memory--active_identity_only--identity,stochastic,exact_neural_policy_tree,80.0,0.0,20.0,20.0,0.0,20.0,0.0,0.0,2.0,0.27807190511263774,0.0,0.0,,,,,,{'2': 1.0},"{'policy_dri': True, 'active_frontier_distance': True, 'oracle_normalized_return': False, 'response_signature_accuracy': False, 'belief_calibration': False, 'partner_response_prediction_loss': False}"
active_identity_only,gru_ppo_passive,2006,factorized-identity-memory--active_identity_only--identity,greedy,exact_neural_policy_tree,80.0,0.0,20.0,20.0,0.0,20.0,0.0,0.0,2.0,0.2780719051126377,0.0,0.0,,,,,,{'2': 1.0},"{'policy_dri': True, 'active_frontier_distance': True, 'oracle_normalized_return': False, 'response_signature_accuracy': False, 'belief_calibration': False, 'partner_response_prediction_loss': False}"
active_identity_only,gru_ppo_passive,2006,factorized-identity-memory--active_identity_only--identity,stochastic,exact_neural_policy_tree,79.99999970197678,0.0,20.000000298023224,20.000000298023224,0.0,20.000000298023224,-1.4901161193847656e-08,0.0,2.0000000298023224,0.278071909256232,0.0,7.450580596923828e-09,,,,,,{'2': 1.0000000149011612},"{'policy_dri': True, 'active_frontier_distance': True, 'oracle_normalized_return': False, 'response_signature_accuracy': False, 'belief_calibration': False, 'partner_response_prediction_loss': False}"
active_identity_only,gru_ppo_passive,2007,factorized-identity-memory--active_identity_only--identity,greedy,exact_neural_policy_tree,80.0,0.0,20.0,20.0,0.0,20.0,0.0,0.0,2.0,0.2780719051126377,0.0,0.0,,,,,,{'2': 1.0},"{'policy_dri': True, 'active_frontier_distance': True, 'oracle_normalized_return': False, 'response_signature_accuracy': False, 'belief_calibration': False, 'partner_response_prediction_loss': False}"
active_identity_only,gru_ppo_passive,2007,factorized-identity-memory--active_identity_only--identity,stochastic,exact_neural_policy_tree,79.99999970197678,0.0,20.000000298023224,20.000000298023224,0.0,20.000000298023224,-1.4901161193847656e-08,0.0,2.0000000298023224,0.278071909256232,0.0,7.450580596923828e-09,,,,,,{'2': 1.0000000149011612},"{'policy_dri': True, 'active_frontier_distance': True, 'oracle_normalized_return': False, 'response_signature_accuracy': False, 'belief_calibration': False, 'partner_response_prediction_loss': False}"
active_identity_only,gru_ppo_passive,2008,factorized-identity-memory--active_identity_only--identity,greedy,exact_neural_policy_tree,80.0,0.0,20.0,20.0,0.0,20.0,0.0,0.0,2.0,0.2780719051126377,0.0,0.0,,,,,,{'2': 1.0},"{'policy_dri': True, 'active_frontier_distance': True, 'oracle_normalized_return': False, 'response_signature_accuracy': False, 'belief_calibration': False, 'partner_response_prediction_loss': False}"
active_identity_only,gru_ppo_passive,2008,factorized-identity-memory--active_identity_only--identity,stochastic,exact_neural_policy_tree,80.00000029802322,0.0,19.999999701976776,19.999999701976776,0.0,19.999999701976776,1.4901161193847656e-08,0.0,1.9999999701976778,0.27807190096904333,0.0,7.450580596923828e-09,,,,,,{'2': 0.9999999850988389},"{'policy_dri': True, 'active_frontier_distance': True, 'oracle_normalized_return': False, 'response_signature_accuracy': False, 'belief_calibration': False, 'partner_response_prediction_loss': False}"
active_identity_only,gru_ppo_passive,2009,factorized-identity-memory--active_identity_only--identity,greedy,exact_neural_policy_tree,80.0,0.0,20.0,20.0,0.0,20.0,0.0,0.0,2.0,0.2780719051126377,0.0,0.0,,,,,,{'2': 1.0},"{'policy_dri': True, 'active_frontier_distance': True, 'oracle_normalized_return': False, 'response_signature_accuracy': False, 'belief_calibration': False, 'partner_response_prediction_loss': False}"
active_identity_only,gru_ppo_passive,2009,factorized-identity-memory--active_identity_only--identity,stochastic,exact_neural_policy_tree,80.00000029802322,0.0,19.999999701976776,19.999999701976776,0.0,19.999999701976776,1.4901161193847656e-08,0.0,1.9999999701976776,0.27807190096904344,0.0,7.450580596923828e-09,,,,,,{'2': 0.9999999850988388},"{'policy_dri': True, 'active_frontier_distance': True, 'oracle_normalized_return': False, 'response_signature_accuracy': False, 'belief_calibration': False, 'partner_response_prediction_loss': False}"
active_identity_only,gru_ppo_passive,2010,factorized-identity-memory--active_identity_only--identity,greedy,exact_neural_policy_tree,80.0,0.0,20.0,20.0,0.0,20.0,0.0,0.0,2.0,0.2780719051126377,0.0,0.0,,,,,,{'2': 1.0},"{'policy_dri': True, 'active_frontier_distance': True, 'oracle_normalized_return': False, 'response_signature_accuracy': False, 'belief_calibration': False, 'partner_response_prediction_loss': False}"
active_identity_only,gru_ppo_passive,2010,factorized-identity-memory--active_identity_only--identity,stochastic,exact_neural_policy_tree,80.00000029802322,0.0,19.999999701976776,19.999999701976776,0.0,19.999999701976776,1.4901161193847656e-08,0.0,1.9999999701976776,0.27807190096904344,0.0,7.450580596923828e-09,,,,,,{'2': 0.9999999850988388},"{'policy_dri': True, 'active_frontier_distance': True, 'oracle_normalized_return': False, 'response_signature_accuracy': False, 'belief_calibration': False, 'partner_response_prediction_loss': False}"
active_identity_only,gru_ppo_active,2001,factorized-identity-memory--active_identity_only--identity,greedy,exact_neural_policy_tree,80.0,0.0,20.0,20.0,0.0,20.0,0.0,0.0,2.0,0.2780719051126377,0.0,0.0,,,,,,{'2': 1.0},"{'policy_dri': True, 'active_frontier_distance': True, 'oracle_normalized_return': False, 'response_signature_accuracy': False, 'belief_calibration': False, 'partner_response_prediction_loss': False}"
active_identity_only,gru_ppo_active,2001,factorized-identity-memory--active_identity_only--identity,stochastic,exact_neural_policy_tree,79.80318433157379,0.1968146488070488,20.000001019619162,20.000001019619162,0.0,20.19681566842621,-5.098095812172687e-08,0.03936292976140976,2.0000001019619162,0.2780719192890099,0.0,0.004920366220242248,,,,,,{'2': 1.0000000509809583},"{'policy_dri': True, 'active_frontier_distance': True, 'oracle_normalized_return': False, 'response_signature_accuracy': False, 'belief_calibration': False, 'partner_response_prediction_loss': False}"
active_identity_only,gru_ppo_active,2002,factorized-identity-memory--active_identity_only--identity,greedy,exact_neural_policy_tree,80.0,0.0,20.0,20.0,0.0,20.0,0.0,0.0,2.0,0.2780719051126377,0.0,0.0,,,,,,{'2': 1.0},"{'policy_dri': True, 'active_frontier_distance': True, 'oracle_normalized_return': False, 'response_signature_accuracy': False, 'belief_calibration': False, 'partner_response_prediction_loss': False}"
active_identity_only,gru_ppo_active,2002,factorized-identity-memory--active_identity_only--identity,stochastic,exact_neural_policy_tree,79.6724765393166,0.32752349972724915,19.999999960956142,19.999999960956142,0.0,20.32752346068339,1.952192896226279e-09,0.06550469994544983,1.999999996095614,0.2780719045697878,0.0,0.008188087493181286,,,,,,{'2': 0.9999999980478069},"{'policy_dri': True, 'active_frontier_distance': True, 'oracle_normalized_return': False, 'response_signature_accuracy': False, 'belief_calibration': False, 'partner_response_prediction_loss': False}"
active_identity_only,gru_ppo_active,2003,factorized-identity-memory--active_identity_only--identity,greedy,exact_neural_policy_tree,80.0,0.0,20.0,20.0,0.0,20.0,0.0,0.0,2.0,0.2780719051126377,0.0,0.0,,,,,,{'2': 1.0},"{'policy_dri': True, 'active_frontier_distance': True, 'oracle_normalized_return': False, 'response_signature_accuracy': False, 'belief_calibration': False, 'partner_response_prediction_loss': False}"
active_identity_only,gru_ppo_active,2003,factorized-identity-memory--active_identity_only--identity,stochastic,exact_neural_policy_tree,79.70307812558931,0.29692261433370726,19.999999260076986,19.99999926007699,-3.552713678800501e-15,20.296921874410693,3.6996150498680434e-08,0.05938452286674145,1.9999999260076986,0.2780718948250478,0.0,0.00742306535836573,,,,,,{'2': 0.9999999630038494},"{'policy_dri': True, 'active_frontier_distance': True, 'oracle_normalized_return': False, 'response_signature_accuracy': False, 'belief_calibration': False, 'partner_response_prediction_loss': False}"
active_identity_only,gru_ppo_active,2004,factorized-identity-memory--active_identity_only--identity,greedy,exact_neural_policy_tree,80.0,0.0,20.0,20.0,0.0,20.0,0.0,0.0,2.0,0.2780719051126377,0.0,0.0,,,,,,{'2': 1.0},"{'policy_dri': True, 'active_frontier_distance': True, 'oracle_normalized_return': False, 'response_signature_accuracy': False, 'belief_calibration': False, 'partner_response_prediction_loss': False}"
active_identity_only,gru_ppo_active,2004,factorized-identity-memory--active_identity_only--identity,stochastic,exact_neural_policy_tree,79.77623856224048,0.22376202046871185,19.999999417290812,19.999999417290812,0.0,20.223761437759524,2.9135459378437645e-08,0.04475240409374237,1.9999999417290812,0.278071897010885,0.0,0.005594050511736765,,,,,,{'2': 0.9999999708645406},"{'policy_dri': True, 'active_frontier_distance': True, 'oracle_normalized_return': False, 'response_signature_accuracy': False, 'belief_calibration': False, 'partner_response_prediction_loss': False}"
active_identity_only,gru_ppo_active,2005,factorized-identity-memory--active_identity_only--identity,greedy,exact_neural_policy_tree,80.0,0.0,20.0,20.0,0.0,20.0,0.0,0.0,2.0,0.2780719051126377,0.0,0.0,,,,,,{'2': 1.0},"{'policy_dri': True, 'active_frontier_distance': True, 'oracle_normalized_return': False, 'response_signature_accuracy': False, 'belief_calibration': False, 'partner_response_prediction_loss': False}"
active_identity_only,gru_ppo_active,2005,factorized-identity-memory--active_identity_only--identity,stochastic,exact_neural_policy_tree,79.73311505059226,0.2668855831124889,19.999999366295253,19.999999366295256,-3.552713678800501e-15,20.266884949407743,3.16852371895493e-08,0.05337711662249778,1.9999999366295254,0.2780718963018634,0.0,0.006672139577831031,,,,,,{'2': 0.9999999683147626},"{'policy_dri': True, 'active_frontier_distance': True, 'oracle_normalized_return': False, 'response_signature_accuracy': False, 'belief_calibration': False, 'partner_response_prediction_loss': False}"
active_identity_only,gru_ppo_active,2006,factorized-identity-memory--active_identity_only--identity,greedy,exact_neural_policy_tree,80.0,0.0,20.0,20.0,0.0,20.0,0.0,0.0,2.0,0.2780719051126377,0.0,0.0,,,,,,{'2': 1.0},"{'policy_dri': True, 'active_frontier_distance': True, 'oracle_normalized_return': False, 'response_signature_accuracy': False, 'belief_calibration': False, 'partner_response_prediction_loss': False}"
active_identity_only,gru_ppo_active,2006,factorized-identity-memory--active_identity_only--identity,stochastic,exact_neural_policy_tree,79.79246401821516,0.20753462802463904,20.000001353760197,20.000001353760197,0.0,20.207535981784837,-6.768800986378665e-08,0.04150692560492781,2.0000001353760197,0.27807192393477154,0.0,0.005188365700726359,,,,,,{'2': 1.0000000676880099},"{'policy_dri': True, 'active_frontier_distance': True, 'oracle_normalized_return': False, 'response_signature_accuracy': False, 'belief_calibration': False, 'partner_response_prediction_loss': False}"
active_identity_only,gru_ppo_active,2007,factorized-identity-memory--active_identity_only--identity,greedy,exact_neural_policy_tree,80.0,0.0,20.0,20.0,0.0,20.0,0.0,0.0,2.0,0.2780719051126377,0.0,0.0,,,,,,{'2': 1.0},"{'policy_dri': True, 'active_frontier_distance': True, 'oracle_normalized_return': False, 'response_signature_accuracy': False, 'belief_calibration': False, 'partner_response_prediction_loss': False}"
active_identity_only,gru_ppo_active,2007,factorized-identity-memory--active_identity_only--identity,stochastic,exact_neural_policy_tree,79.76138789461268,0.23861273327228677,19.999999372115028,19.999999372115024,3.552713678800501e-15,20.238612105387315,3.1394248800609145e-08,0.047722546654457354,1.9999999372115027,0.2780718963827791,0.0,0.005965318331827822,,,,,,{'2': 0.9999999686057512},"{'policy_dri': True, 'active_frontier_distance': True, 'oracle_normalized_return': False, 'response_signature_accuracy': False, 'belief_calibration': False, 'partner_response_prediction_loss': False}"
active_identity_only,gru_ppo_active,2008,factorized-identity-memory--active_identity_only--identity,greedy,exact_neural_policy_tree,80.0,0.0,20.0,20.0,0.0,20.0,0.0,0.0,2.0,0.2780719051126377,0.0,0.0,,,,,,{'2': 1.0},"{'policy_dri': True, 'active_frontier_distance': True, 'oracle_normalized_return': False, 'response_signature_accuracy': False, 'belief_calibration': False, 'partner_response_prediction_loss': False}"
active_identity_only,gru_ppo_active,2008,factorized-identity-memory--active_identity_only--identity,stochastic,exact_neural_policy_tree,79.73680020653582,0.2631982602179051,20.000001533246277,20.000001533246277,0.0,20.26319979346418,-7.666231383041122e-08,0.052639652043581016,2.0000001533246277,0.2780719264302733,0.0,0.0065799565055592755,,,,,,{'2': 1.0000000766623138},"{'policy_dri': True, 'active_frontier_distance': True, 'oracle_normalized_return': False, 'response_signature_accuracy': False, 'belief_calibration': False, 'partner_response_prediction_loss': False}"
active_identity_only,gru_ppo_active,2009,factorized-identity-memory--active_identity_only--identity,greedy,exact_neural_policy_tree,80.0,0.0,20.0,20.0,0.0,20.0,0.0,0.0,2.0,0.2780719051126377,0.0,0.0,,,,,,{'2': 1.0},"{'policy_dri': True, 'active_frontier_distance': True, 'oracle_normalized_return': False, 'response_signature_accuracy': False, 'belief_calibration': False, 'partner_response_prediction_loss': False}"
active_identity_only,gru_ppo_active,2009,factorized-identity-memory--active_identity_only--identity,stochastic,exact_neural_policy_tree,79.79221647285823,0.20778214868578535,20.000001378455984,20.000001378455984,0.0,20.207783527141768,-6.892279920123201e-08,0.04155642973715707,2.0000001378455985,0.2780719242781317,0.0,0.005194553717258944,,,,,,{'2': 1.000000068922799},"{'policy_dri': True, 'active_frontier_distance': True, 'oracle_normalized_return': False, 'response_signature_accuracy': False, 'belief_calibration': False, 'partner_response_prediction_loss': False}"
active_identity_only,gru_ppo_active,2010,factorized-identity-memory--active_identity_only--identity,greedy,exact_neural_policy_tree,80.0,0.0,20.0,20.0,0.0,20.0,0.0,0.0,2.0,0.2780719051126377,0.0,0.0,,,,,,{'2': 1.0},"{'policy_dri': True, 'active_frontier_distance': True, 'oracle_normalized_return': False, 'response_signature_accuracy': False, 'belief_calibration': False, 'partner_response_prediction_loss': False}"
active_identity_only,gru_ppo_active,2010,factorized-identity-memory--active_identity_only--identity,stochastic,exact_neural_policy_tree,79.8195708967425,0.18042991206690534,19.999999191190597,19.999999191190597,0.0,20.180429103257502,4.0440470172598e-08,0.03608598241338107,1.9999999191190594,0.2780718938672788,0.0,0.004510747801717954,,,,,,{'2': 0.9999999595595296},"{'policy_dri': True, 'active_frontier_distance': True, 'oracle_normalized_return': False, 'response_signature_accuracy': False, 'belief_calibration': False, 'partner_response_prediction_loss': False}"
active_identity_only,odits_style,2001,factorized-identity-memory--active_identity_only--identity,greedy,exact_neural_policy_tree,80.0,0.0,20.0,20.0,0.0,20.0,0.0,0.0,2.0,0.2780719051126377,0.0,0.0,,,,,0.002158417657483369,{'2': 1.0},"{'policy_dri': True, 'active_frontier_distance': True, 'oracle_normalized_return': False, 'response_signature_accuracy': False, 'belief_calibration': False, 'partner_response_prediction_loss': True}"
active_identity_only,odits_style,2001,factorized-identity-memory--active_identity_only--identity,stochastic,exact_neural_policy_tree,79.7922820255759,0.2077168815987837,20.00000109282532,20.00000109282532,0.0,20.207717974424103,-5.464126591192553e-08,0.04154337631975674,2.000000109282532,0.2780719203068385,0.0,0.0051929220400414615,,,,,0.0021529298775554485,{'2': 1.000000054641266},"{'policy_dri': True, 'active_frontier_distance': True, 'oracle_normalized_return': False, 'response_signature_accuracy': False, 'belief_calibration': False, 'partner_response_prediction_loss': True}"
active_identity_only,odits_style,2002,factorized-identity-memory--active_identity_only--identity,greedy,exact_neural_policy_tree,80.0,0.0,20.0,20.0,0.0,20.0,0.0,0.0,2.0,0.2780719051126377,0.0,0.0,,,,,0.0026274757692590356,{'2': 1.0},"{'policy_dri': True, 'active_frontier_distance': True, 'oracle_normalized_return': False, 'response_signature_accuracy': False, 'belief_calibration': False, 'partner_response_prediction_loss': True}"
active_identity_only,odits_style,2002,factorized-identity-memory--active_identity_only--identity,stochastic,exact_neural_policy_tree,79.7768183924056,0.2231811951574861,20.000000412436908,20.000000412436908,0.0,20.223181607594395,-2.0621845386870064e-08,0.04463623903149722,2.0000000412436907,0.27807191084699356,0.0,0.00557952987894668,,,,,0.0026268330435254518,{'2': 1.0000000206218453},"{'policy_dri': True, 'active_frontier_distance': True, 'oracle_normalized_return': False, 'response_signature_accuracy': False, 'belief_calibration': False, 'partner_response_prediction_loss': True}"
active_identity_only,odits_style,2003,factorized-identity-memory--active_identity_only--identity,greedy,exact_neural_policy_tree,80.0,0.0,20.0,20.0,0.0,20.0,0.0,0.0,2.0,0.2780719051126377,0.0,0.0,,,,,0.002483600052073598,{'2': 1.0},"{'policy_dri': True, 'active_frontier_distance': True, 'oracle_normalized_return': False, 'response_signature_accuracy': False, 'belief_calibration': False, 'partner_response_prediction_loss': True}"
active_identity_only,odits_style,2003,factorized-identity-memory--active_identity_only--identity,stochastic,exact_neural_policy_tree,79.76771636626971,0.23228385724771428,19.99999977648257,19.99999977648257,0.0,20.232283633730287,1.1175871428292794e-08,0.046456771449542855,1.9999999776482573,0.278071902004942,0.0,0.005807096431195545,,,,,0.0024788212768203184,{'2': 0.9999999888241285},"{'policy_dri': True, 'active_frontier_distance': True, 'oracle_normalized_return': False, 'response_signature_accuracy': False, 'belief_calibration': False, 'partner_response_prediction_loss': True}"
active_identity_only,odits_style,2004,factorized-identity-memory--active_identity_only--identity,greedy,exact_neural_policy_tree,80.0,0.0,20.0,20.0,0.0,20.0,0.0,0.0,2.0,0.2780719051126377,0.0,0.0,,,,,0.0021199152106419206,{'2': 1.0},"{'policy_dri': True, 'active_frontier_distance': True, 'oracle_normalized_return': False, 'response_signature_accuracy': False, 'belief_calibration': False, 'partner_response_prediction_loss': True}"
active_identity_only,odits_style,2004,factorized-identity-memory--active_identity_only--identity,stochastic,exact_neural_policy_tree,79.78374626809737,0.21625328486780393,20.000000447034825,20.000000447034825,0.0,20.21625373190263,-2.235174125786443e-08,0.043250656973560786,2.0000000447034827,0.2780719113280289,0.0,0.00540633212170665,,,,,0.002120908125686078,{'2': 1.0000000223517413},"{'policy_dri': True, 'active_frontier_distance': True, 'oracle_normalized_return': False, 'response_signature_accuracy': False, 'belief_calibration': False, 'partner_response_prediction_loss': True}"
active_identity_only,odits_style,2005,factorized-identity-memory--active_identity_only--identity,greedy,exact_neural_policy_tree,80.0,0.0,20.0,20.0,0.0,20.0,0.0,0.0,2.0,0.2780719051126377,0.0,0.0,,,,,0.00263534055557102,{'2': 1.0},"{'policy_dri': True, 'active_frontier_distance': True, 'oracle_normalized_return': False, 'response_signature_accuracy': False, 'belief_calibration': False, 'partner_response_prediction_loss': True}"
active_identity_only,odits_style,2005,factorized-identity-memory--active_identity_only--identity,stochastic,exact_neural_policy_tree,79.73127556564324,0.268724955897405,19.999999478459348,19.99999947845935,-3.552713678800501e-15,20.268724434356752,2.6077032444504765e-08,0.053744991179481005,1.9999999478459347,0.2780718978613475,0.0,0.006718123897447779,,,,,0.0026308769484126187,{'2': 0.9999999739229675},"{'policy_dri': True, 'active_frontier_distance': True, 'oracle_normalized_return': False, 'response_signature_accuracy': False, 'belief_calibration': False, 'partner_response_prediction_loss': True}"
active_identity_only,odits_style,2006,factorized-identity-memory--active_identity_only--identity,greedy,exact_neural_policy_tree,80.0,0.0,20.0,20.0,0.0,20.0,0.0,0.0,2.0,0.2780719051126377,0.0,0.0,,,,,0.002138797950465232,{'2': 1.0},"{'policy_dri': True, 'active_frontier_distance': True, 'oracle_normalized_return': False, 'response_signature_accuracy': False, 'belief_calibration': False, 'partner_response_prediction_loss': True}"
active_identity_only,odits_style,2006,factorized-identity-memory--active_identity_only--identity,stochastic,exact_neural_policy_tree,79.72342079735469,0.2765807923165081,19.9999984103288,19.999998410328796,3.552713678800501e-15,20.27657920264531,7.948356017806191e-08,0.05531615846330162,1.99999984103288,0.2780718830104926,0.0,0.006914519808026913,,,,,0.0021379061570870233,{'2': 0.9999999205164398},"{'policy_dri': True, 'active_frontier_distance': True, 'oracle_normalized_return': False, 'response_signature_accuracy': False, 'belief_calibration': False, 'partner_response_prediction_loss': True}"
active_identity_only,odits_style,2007,factorized-identity-memory--active_identity_only--identity,greedy,exact_neural_policy_tree,80.0,0.0,20.0,20.0,0.0,20.0,0.0,0.0,2.0,0.2780719051126377,0.0,0.0,,,,,0.002682659192942083,{'2': 1.0},"{'policy_dri': True, 'active_frontier_distance': True, 'oracle_normalized_return': False, 'response_signature_accuracy': False, 'belief_calibration': False, 'partner_response_prediction_loss': True}"
active_identity_only,odits_style,2007,factorized-identity-memory--active_identity_only--identity,stochastic,exact_neural_policy_tree,79.70987407325009,0.29012596667000595,19.9999999600799,19.9999999600799,0.0,20.290125926749905,1.9960049613132467e-09,0.0580251933340012,1.9999999960079902,0.2780719045576047,0.0,0.007253149166750217,,,,,0.002683548667770475,{'2': 0.999999998003995},"{'policy_dri': True, 'active_frontier_distance': True, 'oracle_normalized_return': False, 'response_signature_accuracy': False, 'belief_calibration': False, 'partner_response_prediction_loss': True}"
active_identity_only,odits_style,2008,factorized-identity-memory--active_identity_only--identity,greedy,exact_neural_policy_tree,80.0,0.0,20.0,20.0,0.0,20.0,0.0,0.0,2.0,0.2780719051126377,0.0,0.0,,,,,0.0020620902068912983,{'2': 1.0},"{'policy_dri': True, 'active_frontier_distance': True, 'oracle_normalized_return': False, 'response_signature_accuracy': False, 'belief_calibration': False, 'partner_response_prediction_loss': True}"
active_identity_only,odits_style,2008,factorized-identity-memory--active_identity_only--identity,stochastic,exact_neural_policy_tree,79.76914736140267,0.23085223854858034,20.00000040004875,20.00000040004875,0.0,20.23085263859733,-2.000243757294129e-08,0.04617044770971607,2.000000040004875,0.2780719106747538,0.0,0.005771305963723174,,,,,0.0020595885565652537,{'2': 1.0000000200024375},"{'policy_dri': True, 'active_frontier_distance': True, 'oracle_normalized_return': False, 'response_signature_accuracy': False, 'belief_calibration': False, 'partner_response_prediction_loss': True}"
active_identity_only,odits_style,2009,factorized-identity-memory--active_identity_only--identity,greedy,exact_neural_policy_tree,80.0,0.0,20.0,20.0,0.0,20.0,0.0,0.0,2.0,0.2780719051126377,0.0,0.0,,,,,0.002070485963486135,{'2': 1.0},"{'policy_dri': True, 'active_frontier_distance': True, 'oracle_normalized_return': False, 'response_signature_accuracy': False, 'belief_calibration': False, 'partner_response_prediction_loss': True}"
active_identity_only,odits_style,2009,factorized-identity-memory--active_identity_only--identity,stochastic,exact_neural_policy_tree,79.75582096595573,0.24417810913124144,20.000000924913028,20.000000924913028,0.0,20.24417903404427,-4.624565139721426e-08,0.04883562182624829,2.0000000924913026,0.27807191797225395,0.0,0.006104452728324829,,,,,0.0020760919445995418,{'2': 1.0000000462456513},"{'policy_dri': True, 'active_frontier_distance': True, 'oracle_normalized_return': False, 'response_signature_accuracy': False, 'belief_calibration': False, 'partner_response_prediction_loss': True}"
active_identity_only,odits_style,2010,factorized-identity-memory--active_identity_only--identity,greedy,exact_neural_policy_tree,80.0,0.0,20.0,20.0,0.0,20.0,0.0,0.0,2.0,0.2780719051126377,0.0,0.0,,,,,0.0022735149832442403,{'2': 1.0},"{'policy_dri': True, 'active_frontier_distance': True, 'oracle_normalized_return': False, 'response_signature_accuracy': False, 'belief_calibration': False, 'partner_response_prediction_loss': True}"
active_identity_only,odits_style,2010,factorized-identity-memory--active_identity_only--identity,stochastic,exact_neural_policy_tree,79.78655210309515,0.2134473499192996,20.000000546985547,20.000000546985547,0.0,20.213447896904846,-2.7349277331722988e-08,0.04268946998385992,2.000000054698555,0.2780719127177035,0.0,0.005336183748000011,,,,,0.0022686937882416764,{'2': 1.0000000273492773},"{'policy_dri': True, 'active_frontier_distance': True, 'oracle_normalized_return': False, 'response_signature_accuracy': False, 'belief_calibration': False, 'partner_response_prediction_loss': True}"
active_identity_only,pace_aux,2001,factorized-identity-memory--active_identity_only--identity,greedy,exact_neural_policy_tree,80.0,0.0,20.0,20.0,0.0,20.0,0.0,0.0,2.0,0.2780719051126377,0.0,0.0,,0.5,0.5000336936095764,0.0034093204885721207,,{'2': 1.0},"{'policy_dri': True, 'active_frontier_distance': True, 'oracle_normalized_return': False, 'response_signature_accuracy': True, 'belief_calibration': True, 'partner_response_prediction_loss': False}"
active_identity_only,pace_aux,2001,factorized-identity-memory--active_identity_only--identity,stochastic,exact_neural_policy_tree,79.7973597840236,0.20264068920374942,19.999999526772648,19.99999952677265,-3.552713678800501e-15,20.2026402159764,2.3661367443139623e-08,0.040528137840749885,1.9999999526772647,0.2780718985330762,0.0,0.005066017230107549,,0.4999999881693162,0.5000333816446013,0.0034162725186433485,,{'2': 0.9999999763386326},"{'policy_dri': True, 'active_frontier_distance': True, 'oracle_normalized_return': False, 'response_signature_accuracy': True, 'belief_calibration': True, 'partner_response_prediction_loss': False}"
active_identity_only,pace_aux,2002,factorized-identity-memory--active_identity_only--identity,greedy,exact_neural_policy_tree,80.0,0.0,20.0,20.0,0.0,20.0,0.0,0.0,2.0,0.2780719051126377,0.0,0.0,,0.5,0.5000890099368626,0.006606122478842735,,{'2': 1.0},"{'policy_dri': True, 'active_frontier_distance': True, 'oracle_normalized_return': False, 'response_signature_accuracy': True, 'belief_calibration': True, 'partner_response_prediction_loss': False}"
active_identity_only,pace_aux,2002,factorized-identity-memory--active_identity_only--identity,stochastic,exact_neural_policy_tree,79.74622182198034,0.2537778206169605,20.000000357402694,20.000000357402698,-3.552713678800501e-15,20.253778178019655,-1.7870134882969068e-08,0.050755564123392105,2.0000000357402694,0.2780719100818201,0.0,0.006344445515430305,,0.5000000089350674,0.5000893561733172,0.006587669150989961,,{'2': 1.0000000178701347},"{'policy_dri': True, 'active_frontier_distance': True, 'oracle_normalized_return': False, 'response_signature_accuracy': True, 'belief_calibration': True, 'partner_response_prediction_loss': False}"
active_identity_only,pace_aux,2003,factorized-identity-memory--active_identity_only--identity,greedy,exact_neural_policy_tree,80.0,0.0,20.0,20.0,0.0,20.0,0.0,0.0,2.0,0.2780719051126377,0.0,0.0,,0.5,0.5000111806365776,0.0018424943555146456,,{'2': 1.0},"{'policy_dri': True, 'active_frontier_distance': True, 'oracle_normalized_return': False, 'response_signature_accuracy': True, 'belief_calibration': True, 'partner_response_prediction_loss': False}"
active_identity_only,pace_aux,2003,factorized-identity-memory--active_identity_only--identity,stochastic,exact_neural_policy_tree,79.75401869563578,0.2459813190258545,19.99999998533836,19.99999998533836,0.0,20.245981304364214,7.330820395168303e-10,0.0491962638051709,1.9999999985338361,0.27807190490878825,0.0,0.006149532975646374,,0.49999999963345904,0.500010646390842,0.0017706808880780245,,{'2': 0.999999999266918},"{'policy_dri': True, 'active_frontier_distance': True, 'oracle_normalized_return': False, 'response_signature_accuracy': True, 'belief_calibration': True, 'partner_response_prediction_loss': False}"
active_identity_only,pace_aux,2004,factorized-identity-memory--active_identity_only--identity,greedy,exact_neural_policy_tree,80.0,0.0,20.0,20.0,0.0,20.0,0.0,0.0,2.0,0.2780719051126377,0.0,0.0,,0.5,0.5000650120066954,0.00420805998146534,,{'2': 1.0},"{'policy_dri': True, 'active_frontier_distance': True, 'oracle_normalized_return': False, 'response_signature_accuracy': True, 'belief_calibration': True, 'partner_response_prediction_loss': False}"
active_identity_only,pace_aux,2004,factorized-identity-memory--active_identity_only--identity,stochastic,exact_neural_policy_tree,79.71134430235182,0.28865557736207886,20.000000120286103,20.000000120286103,0.0,20.28865569764818,-6.014305142798548e-09,0.05773111547241578,2.0000000120286106,0.27807190678504706,0.0,0.007216389434052599,,0.5000000030071525,0.5000657178828974,0.004267796703864568,,{'2': 1.0000000060143053},"{'policy_dri': True, 'active_frontier_distance': True, 'oracle_normalized_return': False, 'response_signature_accuracy': True, 'belief_calibration': True, 'partner_response_prediction_loss': False}"
active_identity_only,pace_aux,2005,factorized-identity-memory--active_identity_only--identity,greedy,exact_neural_policy_tree,80.0,0.0,20.0,20.0,0.0,20.0,0.0,0.0,2.0,0.2780719051126377,0.0,0.0,,0.5,0.500025316429987,0.002965768100693822,,{'2': 1.0},"{'policy_dri': True, 'active_frontier_distance': True, 'oracle_normalized_return': False, 'response_signature_accuracy': True, 'belief_calibration': True, 'partner_response_prediction_loss': False}"
active_identity_only,pace_aux,2005,factorized-identity-memory--active_identity_only--identity,stochastic,exact_neural_policy_tree,79.76688860235942,0.23311114633414567,20.00000025130643,20.00000025130643,0.0,20.233111397640577,-1.2565321583224432e-08,0.046622229266829136,2.0000000251306433,0.2780719086067007,0.0,0.005827778658357028,,0.5000000062826608,0.5000256297702865,0.003005181186600203,,{'2': 1.0000000125653214},"{'policy_dri': True, 'active_frontier_distance': True, 'oracle_normalized_return': False, 'response_signature_accuracy': True, 'belief_calibration': True, 'partner_response_prediction_loss': False}"
active_identity_only,pace_aux,2006,factorized-identity-memory--active_identity_only--identity,greedy,exact_neural_policy_tree,80.0,0.0,20.0,20.0,0.0,20.0,0.0,0.0,2.0,0.2780719051126377,0.0,0.0,,0.5,0.5005648834072871,0.014182551531121135,,{'2': 1.0},"{'policy_dri': True, 'active_frontier_distance': True, 'oracle_normalized_return': False, 'response_signature_accuracy': True, 'belief_calibration': True, 'partner_response_prediction_loss': False}"
active_identity_only,pace_aux,2006,factorized-identity-memory--active_identity_only--identity,stochastic,exact_neural_policy_tree,79.81205087715237,0.18794956988246514,19.99999955296516,19.999999552965157,3.552713678800501e-15,20.187949122847627,2.235174214604285e-08,0.03758991397649303,1.9999999552965162,0.27807189889724626,0.0,0.004698739247074919,,0.49999998882412905,0.5005640772349191,0.014152682579709197,,{'2': 0.9999999776482582},"{'policy_dri': True, 'active_frontier_distance': True, 'oracle_normalized_return': False, 'response_signature_accuracy': True, 'belief_calibration': True, 'partner_response_prediction_loss': False}"
active_identity_only,pace_aux,2007,factorized-identity-memory--active_identity_only--identity,greedy,exact_neural_policy_tree,80.0,0.0,20.0,20.0,0.0,20.0,0.0,0.0,2.0,0.2780719051126377,0.0,0.0,,0.5,0.5012415535401212,0.024853321723639965,,{'2': 1.0},"{'policy_dri': True, 'active_frontier_distance': True, 'oracle_normalized_return': False, 'response_signature_accuracy': True, 'belief_calibration': True, 'partner_response_prediction_loss': False}"
active_identity_only,pace_aux,2007,factorized-identity-memory--active_identity_only--identity,stochastic,exact_neural_policy_tree,79.78133587492502,0.21866464661561477,19.99999947845936,19.999999478459365,-3.552713678800501e-15,20.218664125074977,2.6077031733962032e-08,0.043732929323122956,1.9999999478459363,0.2780718978613478,0.0,0.005466616165405919,,0.49999998696148407,0.5012347792950091,0.02478245559968817,,{'2': 0.9999999739229684},"{'policy_dri': True, 'active_frontier_distance': True, 'oracle_normalized_return': False, 'response_signature_accuracy': True, 'belief_calibration': True, 'partner_response_prediction_loss': False}"
active_identity_only,pace_aux,2008,factorized-identity-memory--active_identity_only--identity,greedy,exact_neural_policy_tree,80.0,0.0,20.0,20.0,0.0,20.0,0.0,0.0,2.0,0.2780719051126377,0.0,0.0,,0.5,0.500512922719475,0.015632559079676867,,{'2': 1.0},"{'policy_dri': True, 'active_frontier_distance': True, 'oracle_normalized_return': False, 'response_signature_accuracy': True, 'belief_calibration': True, 'partner_response_prediction_loss': False}"
active_identity_only,pace_aux,2008,factorized-identity-memory--active_identity_only--identity,stochastic,exact_neural_policy_tree,79.76493197740557,0.23506858616862916,19.999999436425806,19.999999436425806,0.0,20.235068022594437,2.8178709676751625e-08,0.047013717233725834,1.9999999436425808,0.27807189727693016,0.0,0.0058767146542326185,,0.4999999859106452,0.5005082626713263,0.01554199793768074,,{'2': 0.9999999718212905},"{'policy_dri': True, 'active_frontier_distance': True, 'oracle_normalized_return': False, 'response_signature_accuracy': True, 'belief_calibration': True, 'partner_response_prediction_loss': False}"
active_identity_only,pace_aux,2009,factorized-identity-memory--active_identity_only--identity,greedy,exact_neural_policy_tree,80.0,0.0,20.0,20.0,0.0,20.0,0.0,0.0,2.0,0.2780719051126377,0.0,0.0,,0.5,0.5009365502158274,0.015987733844667673,,{'2': 1.0},"{'policy_dri': True, 'active_frontier_distance': True, 'oracle_normalized_return': False, 'response_signature_accuracy': True, 'belief_calibration': True, 'partner_response_prediction_loss': False}"
active_identity_only,pace_aux,2009,factorized-identity-memory--active_identity_only--identity,stochastic,exact_neural_policy_tree,79.78944351229363,0.2105574186312381,19.999999069075134,19.99999906907513,3.552713678800501e-15,20.210556487706373,4.6546243481770946e-08,0.04211148372624762,1.9999999069075134,0.2780718921694353,0.0,0.0052639354658324,,0.49999997672687835,0.5009381844553465,0.01597858592859669,,{'2': 0.9999999534537567},"{'policy_dri': True, 'active_frontier_distance': True, 'oracle_normalized_return': False, 'response_signature_accuracy': True, 'belief_calibration': True, 'partner_response_prediction_loss': False}"
active_identity_only,pace_aux,2010,factorized-identity-memory--active_identity_only--identity,greedy,exact_neural_policy_tree,80.0,0.0,20.0,20.0,0.0,20.0,0.0,0.0,2.0,0.2780719051126377,0.0,0.0,,0.5,0.500558304403349,0.01271359552629292,,{'2': 1.0},"{'policy_dri': True, 'active_frontier_distance': True, 'oracle_normalized_return': False, 'response_signature_accuracy': True, 'belief_calibration': True, 'partner_response_prediction_loss': False}"
active_identity_only,pace_aux,2010,factorized-identity-memory--active_identity_only--identity,stochastic,exact_neural_policy_tree,79.7998901880998,0.20011043474242735,19.999999377157785,19.999999377157785,0.0,20.200109811900212,3.1142110756832154e-08,0.04002208694848547,1.9999999377157784,0.2780718964528916,0.0,0.005002760868584916,,0.49999998442894455,0.5005642017566052,0.012785915798298297,,{'2': 0.999999968857889},"{'policy_dri': True, 'active_frontier_distance': True, 'oracle_normalized_return': False, 'response_signature_accuracy': True, 'belief_calibration': True, 'partner_response_prediction_loss': False}"
active_identity_only,pace_style,2001,factorized-identity-memory--active_identity_only--identity,greedy,exact_neural_policy_tree,80.0,0.0,20.0,20.0,0.0,20.0,0.0,0.0,2.0,0.2780719051126377,0.0,0.0,,0.5,0.5000025305239295,0.001092560589313507,,{'2': 1.0},"{'policy_dri': True, 'active_frontier_distance': True, 'oracle_normalized_return': False, 'response_signature_accuracy': True, 'belief_calibration': True, 'partner_response_prediction_loss': False}"
active_identity_only,pace_style,2001,factorized-identity-memory--active_identity_only--identity,stochastic,exact_neural_policy_tree,79.80110935654898,0.1988895140091854,20.000001129441845,20.00000112944184,3.552713678800501e-15,20.19889064345103,-5.647209206927073e-08,0.03977790280183708,2.0000001129441847,0.2780719208159398,0.0,0.004972237850309808,,0.5000000282360462,0.5000029529953348,0.0011405861238444892,,{'2': 1.0000000564720923},"{'policy_dri': True, 'active_frontier_distance': True, 'oracle_normalized_return': False, 'response_signature_accuracy': True, 'belief_calibration': True, 'partner_response_prediction_loss': False}"
active_identity_only,pace_style,2002,factorized-identity-memory--active_identity_only--identity,greedy,exact_neural_policy_tree,80.0,0.0,20.0,20.0,0.0,20.0,0.0,0.0,2.0,0.2780719051126377,0.0,0.0,,0.5,0.5000385449369078,0.003714997321367264,,{'2': 1.0},"{'policy_dri': True, 'active_frontier_distance': True, 'oracle_normalized_return': False, 'response_signature_accuracy': True, 'belief_calibration': True, 'partner_response_prediction_loss': False}"
active_identity_only,pace_style,2002,factorized-identity-memory--active_identity_only--identity,stochastic,exact_neural_policy_tree,79.7370156077306,0.26298601572194713,19.999998376547456,19.999998376547456,0.0,20.262984392269402,8.11726271976454e-08,0.05259720314438943,1.9999998376547456,0.2780718825408107,0.0,0.0065746503931739505,,0.4999999594136864,0.500038303341178,0.003716683535862242,,{'2': 0.9999999188273728},"{'policy_dri': True, 'active_frontier_distance': True, 'oracle_normalized_return': False, 'response_signature_accuracy': True, 'belief_calibration': True, 'partner_response_prediction_loss': False}"
active_identity_only,pace_style,2003,factorized-identity-memory--active_identity_only--identity,greedy,exact_neural_policy_tree,80.0,0.0,20.0,20.0,0.0,20.0,0.0,0.0,2.0,0.2780719051126377,0.0,0.0,,0.5,0.5000758731840579,0.006149591878056526,,{'2': 1.0},"{'policy_dri': True, 'active_frontier_distance': True, 'oracle_normalized_return': False, 'response_signature_accuracy': True, 'belief_calibration': True, 'partner_response_prediction_loss': False}"
active_identity_only,pace_style,2003,factorized-identity-memory--active_identity_only--identity,stochastic,exact_neural_policy_tree,79.73601696434417,0.2639832827751848,19.999999752880637,19.999999752880633,3.552713678800501e-15,20.263983035655823,1.2355968337374179e-08,0.05279665655503696,1.9999999752880637,0.27807190167679013,0.0,0.0065995820693825116,,0.49999999382201593,0.5000727320651881,0.005975884545013133,,{'2': 0.9999999876440319},"{'policy_dri': True, 'active_frontier_distance': True, 'oracle_normalized_return': False, 'response_signature_accuracy': True, 'belief_calibration': True, 'partner_response_prediction_loss': False}"
active_identity_only,pace_style,2004,factorized-identity-memory--active_identity_only--identity,greedy,exact_neural_policy_tree,80.0,0.0,20.0,20.0,0.0,20.0,0.0,0.0,2.0,0.2780719051126377,0.0,0.0,,0.5,0.500062579339898,0.005481775850057602,,{'2': 1.0},"{'policy_dri': True, 'active_frontier_distance': True, 'oracle_normalized_return': False, 'response_signature_accuracy': True, 'belief_calibration': True, 'partner_response_prediction_loss': False}"
active_identity_only,pace_style,2004,factorized-identity-memory--active_identity_only--identity,stochastic,exact_neural_policy_tree,79.67381338062052,0.32618557629818745,20.00000104308129,20.000001043081294,-3.552713678800501e-15,20.326186619379477,-5.215406471137385e-08,0.06523711525963749,2.0000001043081292,0.2780719196152178,0.0,0.00815463940749638,,0.5000000260770324,0.5000650280113971,0.005583195317812262,,{'2': 1.0000000521540646},"{'policy_dri': True, 'active_frontier_distance': True, 'oracle_normalized_return': False, 'response_signature_accuracy': True, 'belief_calibration': True, 'partner_response_prediction_loss': False}"
active_identity_only,pace_style,2005,factorized-identity-memory--active_identity_only--identity,greedy,exact_neural_policy_tree,80.0,0.0,20.0,20.0,0.0,20.0,0.0,0.0,2.0,0.2780719051126377,0.0,0.0,,0.5,0.50001384706544,0.001993432641029358,,{'2': 1.0},"{'policy_dri': True, 'active_frontier_distance': True, 'oracle_normalized_return': False, 'response_signature_accuracy': True, 'belief_calibration': True, 'partner_response_prediction_loss': False}"
active_identity_only,pace_style,2005,factorized-identity-memory--active_identity_only--identity,stochastic,exact_neural_policy_tree,79.79673083781053,0.20326919853687286,19.9999999636526,19.9999999636526,0.0,20.20326916218947,1.8173700766510592e-09,0.04065383970737457,1.9999999963652597,0.27807190460727804,0.0,0.005081729963421903,,0.4999999990913148,0.5000154373588493,0.0020967338394873303,,{'2': 0.9999999981826297},"{'policy_dri': True, 'active_frontier_distance': True, 'oracle_normalized_return': False, 'response_signature_accuracy': True, 'belief_calibration': True, 'partner_response_prediction_loss': False}"
active_identity_only,pace_style,2006,factorized-identity-memory--active_identity_only--identity,greedy,exact_neural_policy_tree,80.0,0.0,20.0,20.0,0.0,20.0,0.0,0.0,2.0,0.2780719051126377,0.0,0.0,,0.5,0.5009281672220438,0.021433230489492416,,{'2': 1.0},"{'policy_dri': True, 'active_frontier_distance': True, 'oracle_normalized_return': False, 'response_signature_accuracy': True, 'belief_calibration': True, 'partner_response_prediction_loss': False}"
active_identity_only,pace_style,2006,factorized-identity-memory--active_identity_only--identity,stochastic,exact_neural_policy_tree,79.7992566244254,0.20074326245869298,20.000000113115906,20.000000113115906,0.0,20.2007433755746,-5.655795298764588e-09,0.0401486524917386,2.0000000113115903,0.2780719066853554,0.0,0.0050185815614681205,,0.5000000028278977,0.500928169999,0.021433424072272667,,{'2': 1.0000000056557954},"{'policy_dri': True, 'active_frontier_distance': True, 'oracle_normalized_return': False, 'response_signature_accuracy': True, 'belief_calibration': True, 'partner_response_prediction_loss': False}"
active_identity_only,pace_style,2007,factorized-identity-memory--active_identity_only--identity,greedy,exact_neural_policy_tree,80.0,0.0,20.0,20.0,0.0,20.0,0.0,0.0,2.0,0.2780719051126377,0.0,0.0,,0.5,0.5003231913144027,0.010445363819599152,,{'2': 1.0},"{'policy_dri': True, 'active_frontier_distance': True, 'oracle_normalized_return': False, 'response_signature_accuracy': True, 'belief_calibration': True, 'partner_response_prediction_loss': False}"
active_identity_only,pace_style,2007,factorized-identity-memory--active_identity_only--identity,stochastic,exact_neural_policy_tree,79.80463631685481,0.19536350620606438,20.000000176939125,20.000000176939125,0.0,20.19536368314519,-8.846956234265235e-09,0.03907270124121288,2.0000000176939126,0.2780719075727277,0.0,0.004884087655153612,,0.5000000044234781,0.500322291095252,0.010431482134234171,,{'2': 1.0000000088469563},"{'policy_dri': True, 'active_frontier_distance': True, 'oracle_normalized_return': False, 'response_signature_accuracy': True, 'belief_calibration': True, 'partner_response_prediction_loss': False}"
active_identity_only,pace_style,2008,factorized-identity-memory--active_identity_only--identity,greedy,exact_neural_policy_tree,80.0,0.0,20.0,20.0,0.0,20.0,0.0,0.0,2.0,0.2780719051126377,0.0,0.0,,0.5,0.5000145085766521,0.002050219103693962,,{'2': 1.0},"{'policy_dri': True, 'active_frontier_distance': True, 'oracle_normalized_return': False, 'response_signature_accuracy': True, 'belief_calibration': True, 'partner_response_prediction_loss': False}"
active_identity_only,pace_style,2008,factorized-identity-memory--active_identity_only--identity,stochastic,exact_neural_policy_tree,79.77976579875454,0.22023494630351806,19.999999254941944,19.999999254941947,-3.552713678800501e-15,20.22023420124546,3.7252902629347774e-08,0.04404698926070361,1.9999999254941945,0.278071894753652,0.0,0.0055058736576194586,,0.4999999813735486,0.5000142880423945,0.0020509086884322736,,{'2': 0.9999999627470972},"{'policy_dri': True, 'active_frontier_distance': True, 'oracle_normalized_return': False, 'response_signature_accuracy': True, 'belief_calibration': True, 'partner_response_prediction_loss': False}"
active_identity_only,pace_style,2009,factorized-identity-memory--active_identity_only--identity,greedy,exact_neural_policy_tree,80.0,0.0,20.0,20.0,0.0,20.0,0.0,0.0,2.0,0.2780719051126377,0.0,0.0,,0.5,0.5000708671422968,0.005686204880475998,,{'2': 1.0},"{'policy_dri': True, 'active_frontier_distance': True, 'oracle_normalized_return': False, 'response_signature_accuracy': True, 'belief_calibration': True, 'partner_response_prediction_loss': False}"
active_identity_only,pace_style,2009,factorized-identity-memory--active_identity_only--identity,stochastic,exact_neural_policy_tree,79.78628309839787,0.213718464298156,19.999998437303972,19.999998437303972,0.0,20.21371690160213,7.813480138452177e-08,0.0427436928596312,1.9999998437303974,0.27807188338554467,0.0,0.005342961607596729,,0.49999996093259935,0.5000711793995516,0.005703272983556773,,{'2': 0.9999999218651987},"{'policy_dri': True, 'active_frontier_distance': True, 'oracle_normalized_return': False, 'response_signature_accuracy': True, 'belief_calibration': True, 'partner_response_prediction_loss': False}"
active_identity_only,pace_style,2010,factorized-identity-memory--active_identity_only--identity,greedy,exact_neural_policy_tree,80.0,0.0,20.0,20.0,0.0,20.0,0.0,0.0,2.0,0.2780719051126377,0.0,0.0,,0.5,0.5000227603389451,0.0027745813131332397,,{'2': 1.0},"{'policy_dri': True, 'active_frontier_distance': True, 'oracle_normalized_return': False, 'response_signature_accuracy': True, 'belief_calibration': True, 'partner_response_prediction_loss': False}"
active_identity_only,pace_style,2010,factorized-identity-memory--active_identity_only--identity,stochastic,exact_neural_policy_tree,79.77009807231201,0.2299032953367128,19.999998632351275,19.999998632351275,0.0,20.229901927687987,6.838243624684991e-08,0.04598065906734256,1.9999998632351277,0.2780718860974036,0.0,0.005747582383519519,,0.49999996580878187,0.500022505872539,0.002784809738728855,,{'2': 0.9999999316175638},"{'policy_dri': True, 'active_frontier_distance': True, 'oracle_normalized_return': False, 'response_signature_accuracy': True, 'belief_calibration': True, 'partner_response_prediction_loss': False}"
active_identity_only,talents_style,2001,factorized-identity-memory--active_identity_only--identity,greedy,exact_neural_policy_tree,80.0,0.0,20.0,20.0,0.0,20.0,0.0,0.0,2.0,0.2780719051126377,0.0,0.0,,0.5,0.5000726643191431,0.006019920110702515,0.001971313380636275,{'2': 1.0},"{'policy_dri': True, 'active_frontier_distance': True, 'oracle_normalized_return': False, 'response_signature_accuracy': True, 'belief_calibration': True, 'partner_response_prediction_loss': True}"
active_identity_only,talents_style,2001,factorized-identity-memory--active_identity_only--identity,stochastic,exact_neural_policy_tree,79.80605109979868,0.19394907233346637,19.999999827867853,19.999999827867857,-3.552713678800501e-15,20.19394890020132,8.606607160288603e-09,0.03878981446669327,1.9999999827867854,0.2780719027193821,0.0,0.004848726808338569,,0.4999999956966964,0.5000730358558237,0.00603521545943303,0.001968980383138285,{'2': 0.9999999913933928},"{'policy_dri': True, 'active_frontier_distance': True, 'oracle_normalized_return': False, 'response_signature_accuracy': True, 'belief_calibration': True, 'partner_response_prediction_loss': True}"
active_identity_only,talents_style,2002,factorized-identity-memory--active_identity_only--identity,greedy,exact_neural_policy_tree,80.0,0.0,20.0,20.0,0.0,20.0,0.0,0.0,2.0,0.2780719051126377,0.0,0.0,,0.5,0.5000008034699359,0.000629723072052002,0.0017777346656657758,{'2': 1.0},"{'policy_dri': True, 'active_frontier_distance': True, 'oracle_normalized_return': False, 'response_signature_accuracy': True, 'belief_calibration': True, 'partner_response_prediction_loss': True}"
active_identity_only,talents_style,2002,factorized-identity-memory--active_identity_only--identity,stochastic,exact_neural_policy_tree,79.79641808366821,0.203582079177026,19.999999837154768,19.999999837154764,3.552713678800501e-15,20.203581916331792,8.142261798127493e-09,0.0407164158354052,1.9999999837154767,0.27807190284850325,0.0,0.005089551979427278,,0.49999999592886923,0.5000008683538615,0.0006495665115925919,0.0017777758501387954,{'2': 0.9999999918577385},"{'policy_dri': True, 'active_frontier_distance': True, 'oracle_normalized_return': False, 'response_signature_accuracy': True, 'belief_calibration': True, 'partner_response_prediction_loss': True}"
active_identity_only,talents_style,2003,factorized-identity-memory--active_identity_only--identity,greedy,exact_neural_policy_tree,80.0,0.0,20.0,20.0,0.0,20.0,0.0,0.0,2.0,0.2780719051126377,0.0,0.0,,0.5,0.5001260528308729,0.007842063903808594,0.0017972473287954926,{'2': 1.0},"{'policy_dri': True, 'active_frontier_distance': True, 'oracle_normalized_return': False, 'response_signature_accuracy': True, 'belief_calibration': True, 'partner_response_prediction_loss': True}"
active_identity_only,talents_style,2003,factorized-identity-memory--active_identity_only--identity,stochastic,exact_neural_policy_tree,79.79286301428785,0.20713689268686372,20.000000093025285,20.00000009302529,-3.552713678800501e-15,20.20713698571215,-4.6512644402696425e-09,0.041427378537372744,2.0000000093025285,0.2780719064060237,0.0,0.005178422317172115,,0.5000000023256322,0.5001248011912356,0.007801174126212951,0.001798176727095867,{'2': 1.0000000046512645},"{'policy_dri': True, 'active_frontier_distance': True, 'oracle_normalized_return': False, 'response_signature_accuracy': True, 'belief_calibration': True, 'partner_response_prediction_loss': True}"
active_identity_only,talents_style,2004,factorized-identity-memory--active_identity_only--identity,greedy,exact_neural_policy_tree,80.0,0.0,20.0,20.0,0.0,20.0,0.0,0.0,2.0,0.2780719051126377,0.0,0.0,,0.5,0.5009787641647518,0.02209344506263733,0.0014901955146342516,{'2': 1.0},"{'policy_dri': True, 'active_frontier_distance': True, 'oracle_normalized_return': False, 'response_signature_accuracy': True, 'belief_calibration': True, 'partner_response_prediction_loss': True}"
active_identity_only,talents_style,2004,factorized-identity-memory--active_identity_only--identity,stochastic,exact_neural_policy_tree,79.81579617097317,0.1842036470770836,20.000000181949748,20.000000181949744,3.552713678800501e-15,20.18420382902683,-9.097487208009625e-09,0.03684072941541672,2.000000018194975,0.27807190764239326,0.0,0.004605091176929336,,0.5000000045487436,0.5009792331827009,0.02209874832774783,0.0014953739636029706,{'2': 1.0000000090974872},"{'policy_dri': True, 'active_frontier_distance': True, 'oracle_normalized_return': False, 'response_signature_accuracy': True, 'belief_calibration': True, 'partner_response_prediction_loss': True}"
active_identity_only,talents_style,2005,factorized-identity-memory--active_identity_only--identity,greedy,exact_neural_policy_tree,80.0,0.0,20.0,20.0,0.0,20.0,0.0,0.0,2.0,0.2780719051126377,0.0,0.0,,0.5,0.500000252387089,0.0003033280372619629,0.0020611927611753345,{'2': 1.0},"{'policy_dri': True, 'active_frontier_distance': True, 'oracle_normalized_return': False, 'response_signature_accuracy': True, 'belief_calibration': True, 'partner_response_prediction_loss': True}"
active_identity_only,talents_style,2005,factorized-identity-memory--active_identity_only--identity,stochastic,exact_neural_policy_tree,79.76706142265928,0.23293818584268713,20.000000391498038,20.000000391498038,0.0,20.232938577340725,-1.957490187720623e-08,0.04658763716853743,2.000000039149804,0.278071910555868,0.0,0.005823454646075404,,0.500000009787451,0.5000002703134236,0.0003045193069219909,0.002057515328611003,{'2': 1.000000019574902},"{'policy_dri': True, 'active_frontier_distance': True, 'oracle_normalized_return': False, 'response_signature_accuracy': True, 'belief_calibration': True, 'partner_response_prediction_loss': True}"
active_identity_only,talents_style,2006,factorized-identity-memory--active_identity_only--identity,greedy,exact_neural_policy_tree,80.0,0.0,20.0,20.0,0.0,20.0,0.0,0.0,2.0,0.2780719051126377,0.0,0.0,,0.5,0.5000074050592294,0.001923978328704834,0.0016107067349366844,{'2': 1.0},"{'policy_dri': True, 'active_frontier_distance': True, 'oracle_normalized_return': False, 'response_signature_accuracy': True, 'belief_calibration': True, 'partner_response_prediction_loss': True}"
active_identity_only,talents_style,2006,factorized-identity-memory--active_identity_only--identity,stochastic,exact_neural_policy_tree,79.8178836547871,0.18211621791124344,20.000000127301654,20.000000127301654,0.0,20.182116345212897,-6.365082683146284e-09,0.03642324358224869,2.0000000127301654,0.2780719068825885,0.0,0.004552905447782198,,0.5000000031825413,0.5000073275348343,0.0019125578235631435,0.0016109148322869683,{'2': 1.0000000063650827},"{'policy_dri': True, 'active_frontier_distance': True, 'oracle_normalized_return': False, 'response_signature_accuracy': True, 'belief_calibration': True, 'partner_response_prediction_loss': True}"
active_identity_only,talents_style,2007,factorized-identity-memory--active_identity_only--identity,greedy,exact_neural_policy_tree,80.0,0.0,20.0,20.0,0.0,20.0,0.0,0.0,2.0,0.2780719051126377,0.0,0.0,,0.5,0.5001206117381423,0.007759690284729004,0.0018673927406780426,{'2': 1.0},"{'policy_dri': True, 'active_frontier_distance': True, 'oracle_normalized_return': False, 'response_signature_accuracy': True, 'belief_calibration': True, 'partner_response_prediction_loss': True}"
active_identity_only,talents_style,2007,factorized-identity-memory--active_identity_only--identity,stochastic,exact_neural_policy_tree,79.8306304185104,0.16937028616666794,19.999999295322937,19.999999295322937,0.0,20.169369581489605,3.523385316839267e-08,0.03387405723333359,1.9999999295322939,0.27807189531509313,0.0,0.004234257154203347,,0.4999999823830734,0.5001221061805895,0.007804604812813143,0.001867862225649989,{'2': 0.9999999647661468},"{'policy_dri': True, 'active_frontier_distance': True, 'oracle_normalized_return': False, 'response_signature_accuracy': True, 'belief_calibration': True, 'partner_response_prediction_loss': True}"
active_identity_only,talents_style,2008,factorized-identity-memory--active_identity_only--identity,greedy,exact_neural_policy_tree,80.0,0.0,20.0,20.0,0.0,20.0,0.0,0.0,2.0,0.2780719051126377,0.0,0.0,,0.5,0.5000001827271632,0.00022047758102416992,0.0015150741674005987,{'2': 1.0},"{'policy_dri': True, 'active_frontier_distance': True, 'oracle_normalized_return': False, 'response_signature_accuracy': True, 'belief_calibration': True, 'partner_response_prediction_loss': True}"
active_identity_only,talents_style,2008,factorized-identity-memory--active_identity_only--identity,stochastic,exact_neural_policy_tree,79.77902753165608,0.22097275319614254,19.999999715147773,19.999999715147773,0.0,20.220972468343916,1.4242611356962698e-08,0.04419455063922851,1.9999999715147772,0.27807190115216757,0.0,0.005524318829908154,,0.49999999287869434,0.500000174462752,0.00022118486326566655,0.0015172070927002843,{'2': 0.9999999857573886},"{'policy_dri': True, 'active_frontier_distance': True, 'oracle_normalized_return': False, 'response_signature_accuracy': True, 'belief_calibration': True, 'partner_response_prediction_loss': True}"
active_identity_only,talents_style,2009,factorized-identity-memory--active_identity_only--identity,greedy,exact_neural_policy_tree,80.0,0.0,20.0,20.0,0.0,20.0,0.0,0.0,2.0,0.2780719051126377,0.0,0.0,,0.5,0.5002778877048062,0.011713951826095581,0.0016269444022327662,{'2': 1.0},"{'policy_dri': True, 'active_frontier_distance': True, 'oracle_normalized_return': False, 'response_signature_accuracy': True, 'belief_calibration': True, 'partner_response_prediction_loss': True}"
active_identity_only,talents_style,2009,factorized-identity-memory--active_identity_only--identity,stochastic,exact_neural_policy_tree,79.76311795826271,0.23688291071878725,19.999999131018498,19.999999131018498,0.0,20.236882041737285,4.344907509334917e-08,0.04737658214375745,1.99999991310185,0.27807189303067054,0.0,0.005922072768009529,,0.49999997827546244,0.5002736316381851,0.01161519085154239,0.001630552860151181,{'2': 0.9999999565509249},"{'policy_dri': True, 'active_frontier_distance': True, 'oracle_normalized_return': False, 'response_signature_accuracy': True, 'belief_calibration': True, 'partner_response_prediction_loss': True}"
active_identity_only,talents_style,2010,factorized-identity-memory--active_identity_only--identity,greedy,exact_neural_policy_tree,80.0,0.0,20.0,20.0,0.0,20.0,0.0,0.0,2.0,0.2780719051126377,0.0,0.0,,0.5,0.50003040674595,0.0038986504077911377,0.0016949030687101185,{'2': 1.0},"{'policy_dri': True, 'active_frontier_distance': True, 'oracle_normalized_return': False, 'response_signature_accuracy': True, 'belief_calibration': True, 'partner_response_prediction_loss': True}"
active_identity_only,talents_style,2010,factorized-identity-memory--active_identity_only--identity,stochastic,exact_neural_policy_tree,79.70826851204038,0.2917306683957577,20.000000819563866,20.000000819563866,0.0,20.291731487959623,-4.0978193283081055e-08,0.058346133679151535,2.0000000819563866,0.27807191650752194,0.0,0.007293266709922722,,0.5000000204890966,0.5000305218082032,0.0039046530788791056,0.0016911427547107894,{'2': 1.0000000409781933},"{'policy_dri': True, 'active_frontier_distance': True, 'oracle_normalized_return': False, 'response_signature_accuracy': True, 'belief_calibration': True, 'partner_response_prediction_loss': True}"
active_identity_only,tom_selector_style,2001,factorized-identity-memory--active_identity_only--identity,greedy,exact_neural_policy_tree,80.0,0.0,20.0,20.0,0.0,20.0,0.0,0.0,2.0,0.2780719051126377,0.0,0.0,,0.5,0.5000000002100586,1.0132789611816406e-05,0.001743283646646887,{'2': 1.0},"{'policy_dri': True, 'active_frontier_distance': True, 'oracle_normalized_return': False, 'response_signature_accuracy': True, 'belief_calibration': True, 'partner_response_prediction_loss': True}"
active_identity_only,tom_selector_style,2001,factorized-identity-memory--active_identity_only--identity,stochastic,exact_neural_policy_tree,79.98481829443263,0.015180966843308944,20.00000073872406,20.000000738724065,-3.552713678800501e-15,20.01518170556737,-3.693620325151414e-08,0.0030361933686617886,2.0000000738724064,0.27807191538355797,0.0,0.0003795241715320636,,0.5000000184681015,0.500000018677895,1.0125551113793207e-05,0.0017430753443916983,{'2': 1.0000000369362032},"{'policy_dri': True, 'active_frontier_distance': True, 'oracle_normalized_return': False, 'response_signature_accuracy': True, 'belief_calibration': True, 'partner_response_prediction_loss': True}"
active_identity_only,tom_selector_style,2002,factorized-identity-memory--active_identity_only--identity,greedy,exact_neural_policy_tree,80.0,0.0,20.0,20.0,0.0,20.0,0.0,0.0,2.0,0.2780719051126377,0.0,0.0,,0.5,0.5000000478178084,0.00015249848365783691,0.001577562594320625,{'2': 1.0},"{'policy_dri': True, 'active_frontier_distance': True, 'oracle_normalized_return': False, 'response_signature_accuracy': True, 'belief_calibration': True, 'partner_response_prediction_loss': True}"
active_identity_only,tom_selector_style,2002,factorized-identity-memory--active_identity_only--identity,stochastic,exact_neural_policy_tree,79.98455862258835,0.01544092106358589,20.000000456348065,20.000000456348065,0.0,20.01544137741165,-2.2817403255714907e-08,0.003088184212717178,2.0000000456348066,0.2780719114575166,0.0,0.00038602302675823624,,0.5000000114087015,0.5000000592194247,0.00015248597151384935,0.0015774293518449071,{'2': 1.0000000228174033},"{'policy_dri': True, 'active_frontier_distance': True, 'oracle_normalized_return': False, 'response_signature_accuracy': True, 'belief_calibration': True, 'partner_response_prediction_loss': True}"
active_identity_only,tom_selector_style,2003,factorized-identity-memory--active_identity_only--identity,greedy,exact_neural_policy_tree,80.0,0.0,20.0,20.0,0.0,20.0,0.0,0.0,2.0,0.2780719051126377,0.0,0.0,,0.5,0.5000000479981948,0.0001417100429534912,0.0013731170329265299,{'2': 1.0},"{'policy_dri': True, 'active_frontier_distance': True, 'oracle_normalized_return': False, 'response_signature_accuracy': True, 'belief_calibration': True, 'partner_response_prediction_loss': True}"
active_identity_only,tom_selector_style,2003,factorized-identity-memory--active_identity_only--identity,stochastic,exact_neural_policy_tree,79.97803483518358,0.02196352961605086,20.000001635200373,20.000001635200373,0.0,20.021965164816425,-8.176001866644356e-08,0.004392705923210172,2.0000001635200375,0.2780719278478019,0.0,0.0005490882419230443,,0.5000000408800094,0.500000088861905,0.00014168151740112656,0.0013730409601415189,{'2': 1.0000000817600188},"{'policy_dri': True, 'active_frontier_distance': True, 'oracle_normalized_return': False, 'response_signature_accuracy': True, 'belief_calibration': True, 'partner_response_prediction_loss': True}"
active_identity_only,tom_selector_style,2004,factorized-identity-memory--active_identity_only--identity,greedy,exact_neural_policy_tree,80.0,0.0,20.0,20.0,0.0,20.0,0.0,0.0,2.0,0.2780719051126377,0.0,0.0,,0.5,0.5000002751729689,0.00036004185676574707,0.000956790754571557,{'2': 1.0},"{'policy_dri': True, 'active_frontier_distance': True, 'oracle_normalized_return': False, 'response_signature_accuracy': True, 'belief_calibration': True, 'partner_response_prediction_loss': True}"
active_identity_only,tom_selector_style,2004,factorized-identity-memory--active_identity_only--identity,stochastic,exact_neural_policy_tree,79.98142048229498,0.01858082422482442,19.999998693480197,19.9999986934802,-3.552713678800501e-15,20.01857951770502,6.532598995079297e-08,0.0037161648449648838,1.9999998693480199,0.2780718869473151,0.0,0.00046452060676896776,,0.4999999673370049,0.5000002425545299,0.0003600696342403453,0.000956758446542341,{'2': 0.9999999346740099},"{'policy_dri': True, 'active_frontier_distance': True, 'oracle_normalized_return': False, 'response_signature_accuracy': True, 'belief_calibration': True, 'partner_response_prediction_loss': True}"
active_identity_only,tom_selector_style,2005,factorized-identity-memory--active_identity_only--identity,greedy,exact_neural_policy_tree,80.0,0.0,20.0,20.0,0.0,20.0,0.0,0.0,2.0,0.2780719051126377,0.0,0.0,,0.5,0.5000000186243061,9.420514106750488e-05,0.002600621315650642,{'2': 1.0},"{'policy_dri': True, 'active_frontier_distance': True, 'oracle_normalized_return': False, 'response_signature_accuracy': True, 'belief_calibration': True, 'partner_response_prediction_loss': True}"
active_identity_only,tom_selector_style,2005,factorized-identity-memory--active_identity_only--identity,stochastic,exact_neural_policy_tree,79.98534745005473,0.014652895697708208,19.99999965424756,19.999999654247564,-3.552713678800501e-15,20.014652549945268,1.7287621822958955e-08,0.0029305791395416417,1.999999965424756,0.2780719003054357,0.0,0.0003663223925446857,,0.499999991356189,0.5000000099769067,9.419675467348121e-05,0.002600341503392118,{'2': 0.9999999827123781},"{'policy_dri': True, 'active_frontier_distance': True, 'oracle_normalized_return': False, 'response_signature_accuracy': True, 'belief_calibration': True, 'partner_response_prediction_loss': True}"
active_identity_only,tom_selector_style,2006,factorized-identity-memory--active_identity_only--identity,greedy,exact_neural_policy_tree,80.0,0.0,20.0,20.0,0.0,20.0,0.0,0.0,2.0,0.2780719051126377,0.0,0.0,,0.5,0.5000000014435235,2.6792287826538086e-05,0.002314303070306778,{'2': 1.0},"{'policy_dri': True, 'active_frontier_distance': True, 'oracle_normalized_return': False, 'response_signature_accuracy': True, 'belief_calibration': True, 'partner_response_prediction_loss': True}"
active_identity_only,tom_selector_style,2006,factorized-identity-memory--active_identity_only--identity,stochastic,exact_neural_policy_tree,79.97560194584442,0.02439756986785988,20.00000048428772,20.000000484287725,-3.552713678800501e-15,20.02439805415558,-2.4214386229459705e-08,0.004879513973571976,2.000000048428772,0.27807191184597835,0.0,0.0006099392468166599,,0.5000000121071931,0.5000000135509693,2.6790688813171926e-05,0.0023138005414355435,{'2': 1.000000024214386},"{'policy_dri': True, 'active_frontier_distance': True, 'oracle_normalized_return': False, 'response_signature_accuracy': True, 'belief_calibration': True, 'partner_response_prediction_loss': True}"
active_identity_only,tom_selector_style,2007,factorized-identity-memory--active_identity_only--identity,greedy,exact_neural_policy_tree,80.0,0.0,20.0,20.0,0.0,20.0,0.0,0.0,2.0,0.2780719051126377,0.0,0.0,,0.5,0.5000000007722205,1.952052116394043e-05,0.0017365359817631543,{'2': 1.0},"{'policy_dri': True, 'active_frontier_distance': True, 'oracle_normalized_return': False, 'response_signature_accuracy': True, 'belief_calibration': True, 'partner_response_prediction_loss': True}"
active_identity_only,tom_selector_style,2007,factorized-identity-memory--active_identity_only--identity,stochastic,exact_neural_policy_tree,79.98177950736135,0.018219579942524433,20.000000912696123,20.000000912696127,-3.552713678800501e-15,20.018220492638648,-4.5634806333794134e-08,0.0036439159885048866,2.0000000912696123,0.27807191780239526,0.0,0.0004554894991346211,,0.5000000228174031,0.5000000235894072,1.9516938348562718e-05,0.001736339126726263,{'2': 1.0000000456348062},"{'policy_dri': True, 'active_frontier_distance': True, 'oracle_normalized_return': False, 'response_signature_accuracy': True, 'belief_calibration': True, 'partner_response_prediction_loss': True}"
active_identity_only,tom_selector_style,2008,factorized-identity-memory--active_identity_only--identity,greedy,exact_neural_policy_tree,80.0,0.0,20.0,20.0,0.0,20.0,0.0,0.0,2.0,0.2780719051126377,0.0,0.0,,0.5,0.5000001077109233,0.000232011079788208,0.001563630998134613,{'2': 1.0},"{'policy_dri': True, 'active_frontier_distance': True, 'oracle_normalized_return': False, 'response_signature_accuracy': True, 'belief_calibration': True, 'partner_response_prediction_loss': True}"
active_identity_only,tom_selector_style,2008,factorized-identity-memory--active_identity_only--identity,stochastic,exact_neural_policy_tree,79.97581432035751,0.024186888920161437,19.99999879072232,19.99999879072232,0.0,20.024185679642482,6.046388403291303e-08,0.004837377784032287,1.9999998790722318,0.27807188829933016,0.0,0.0006046722237597927,,0.49999996976805794,0.5000000774664506,0.00023199765867598643,0.0015632702712500492,{'2': 0.999999939536116},"{'policy_dri': True, 'active_frontier_distance': True, 'oracle_normalized_return': False, 'response_signature_accuracy': True, 'belief_calibration': True, 'partner_response_prediction_loss': True}"
active_identity_only,tom_selector_style,2009,factorized-identity-memory--active_identity_only--identity,greedy,exact_neural_policy_tree,80.0,0.0,20.0,20.0,0.0,20.0,0.0,0.0,2.0,0.2780719051126377,0.0,0.0,,0.5,0.5000000394785133,0.00014013051986694336,0.0018093296675942838,{'2': 1.0},"{'policy_dri': True, 'active_frontier_distance': True, 'oracle_normalized_return': False, 'response_signature_accuracy': True, 'belief_calibration': True, 'partner_response_prediction_loss': True}"
active_identity_only,tom_selector_style,2009,factorized-identity-memory--active_identity_only--identity,stochastic,exact_neural_policy_tree,79.9826166452809,0.01738416289738063,19.999999191821722,19.999999191821725,-3.552713678800501e-15,20.0173833547191,4.0408913726253107e-08,0.0034768325794761264,1.9999999191821722,0.27807189387605397,0.0,0.0004346040729041617,,0.49999997979554306,0.5000000192751908,0.00014013258671247142,0.0018092771244985874,{'2': 0.9999999595910858},"{'policy_dri': True, 'active_frontier_distance': True, 'oracle_normalized_return': False, 'response_signature_accuracy': True, 'belief_calibration': True, 'partner_response_prediction_loss': True}"
active_identity_only,tom_selector_style,2010,factorized-identity-memory--active_identity_only--identity,greedy,exact_neural_policy_tree,80.0,0.0,20.0,20.0,0.0,20.0,0.0,0.0,2.0,0.2780719051126377,0.0,0.0,,0.5,0.5000000016660473,2.4765729904174805e-05,0.0018930970109067857,{'2': 1.0},"{'policy_dri': True, 'active_frontier_distance': True, 'oracle_normalized_return': False, 'response_signature_accuracy': True, 'belief_calibration': True, 'partner_response_prediction_loss': True}"
active_identity_only,tom_selector_style,2010,factorized-identity-memory--active_identity_only--identity,stochastic,exact_neural_policy_tree,79.97486582366005,0.025136189818715727,19.999997986521233,19.99999798652123,3.552713678800501e-15,20.02513417633995,1.0067393851898032e-07,0.0050272379637431456,1.9999997986521234,0.2780718771180437,0.0,0.0006284047474839589,,0.49999994966303074,0.4999999513280143,2.476018372676858e-05,0.0018929408906969332,{'2': 0.9999998993260616},"{'policy_dri': True, 'active_frontier_distance': True, 'oracle_normalized_return': False, 'response_signature_accuracy': True, 'belief_calibration': True, 'partner_response_prediction_loss': True}"
active_null,mlp_ppo,2001,factorized-identity-memory--active_null--identity,greedy,exact_neural_policy_tree,80.0,0.0,20.0,20.0,0.0,20.0,0.0,0.0,2.0,0.2780719051126377,0.0,0.0,,,,,,{'2': 1.0},"{'policy_dri': True, 'active_frontier_distance': True, 'oracle_normalized_return': False, 'response_signature_accuracy': False, 'belief_calibration': False, 'partner_response_prediction_loss': False}"
active_null,mlp_ppo,2001,factorized-identity-memory--active_null--identity,stochastic,exact_neural_policy_tree,79.7346087731421,0.26539189741015434,19.999999329447746,19.999999329447746,0.0,20.2653912268579,3.3527612686157227e-08,0.05307837948203087,1.9999999329447746,0.26331228968669074,0.0,0.006634797435275037,,,,,,{'2': 0.9999999664723873},"{'policy_dri': True, 'active_frontier_distance': True, 'oracle_normalized_return': False, 'response_signature_accuracy': False, 'belief_calibration': False, 'partner_response_prediction_loss': False}"
active_null,mlp_ppo,2002,factorized-identity-memory--active_null--identity,greedy,exact_neural_policy_tree,80.0,0.0,20.0,20.0,0.0,20.0,0.0,0.0,2.0,0.2780719051126377,0.0,0.0,,,,,,{'2': 1.0},"{'policy_dri': True, 'active_frontier_distance': True, 'oracle_normalized_return': False, 'response_signature_accuracy': False, 'belief_calibration': False, 'partner_response_prediction_loss': False}"
active_null,mlp_ppo,2002,factorized-identity-memory--active_null--identity,stochastic,exact_neural_policy_tree,79.78126616496642,0.21873301546970036,20.000000819563873,20.000000819563873,0.0,20.21873383503357,-4.097819363835242e-08,0.04374660309394007,2.0000000819563875,0.2659072152429838,0.0,0.005468325386780894,,,,,,{'2': 1.0000000409781935},"{'policy_dri': True, 'active_frontier_distance': True, 'oracle_normalized_return': False, 'response_signature_accuracy': False, 'belief_calibration': False, 'partner_response_prediction_loss': False}"
active_null,mlp_ppo,2003,factorized-identity-memory--active_null--identity,greedy,exact_neural_policy_tree,80.0,0.0,20.0,20.0,0.0,20.0,0.0,0.0,2.0,0.2780719051126377,0.0,0.0,,,,,,{'2': 1.0},"{'policy_dri': True, 'active_frontier_distance': True, 'oracle_normalized_return': False, 'response_signature_accuracy': False, 'belief_calibration': False, 'partner_response_prediction_loss': False}"
active_null,mlp_ppo,2003,factorized-identity-memory--active_null--identity,stochastic,exact_neural_policy_tree,79.77694937959313,0.22305188700556755,19.9999987334013,19.999998733401302,-3.552713678800501e-15,20.223050620406866,6.332993489621685e-08,0.04461037740111351,1.9999998733401299,0.2656669948706407,0.0,0.005576297175229093,,,,,,{'2': 0.9999999366700649},"{'policy_dri': True, 'active_frontier_distance': True, 'oracle_normalized_return': False, 'response_signature_accuracy': False, 'belief_calibration': False, 'partner_response_prediction_loss': False}"
active_null,mlp_ppo,2004,factorized-identity-memory--active_null--identity,greedy,exact_neural_policy_tree,80.0,0.0,20.0,20.0,0.0,20.0,0.0,0.0,2.0,0.2780719051126377,0.0,0.0,,,,,,{'2': 1.0},"{'policy_dri': True, 'active_frontier_distance': True, 'oracle_normalized_return': False, 'response_signature_accuracy': False, 'belief_calibration': False, 'partner_response_prediction_loss': False}"
active_null,mlp_ppo,2004,factorized-identity-memory--active_null--identity,stochastic,exact_neural_policy_tree,79.76431750463495,0.23568398548114322,19.99999850988391,19.99999850988391,0.0,20.23568249536505,7.450580454815282e-08,0.047136797096228644,1.999999850988391,0.26496446542521057,0.0,0.005892099637146347,,,,,,{'2': 0.9999999254941956},"{'policy_dri': True, 'active_frontier_distance': True, 'oracle_normalized_return': False, 'response_signature_accuracy': False, 'belief_calibration': False, 'partner_response_prediction_loss': False}"
active_null,mlp_ppo,2005,factorized-identity-memory--active_null--identity,greedy,exact_neural_policy_tree,80.0,0.0,20.0,20.0,0.0,20.0,0.0,0.0,2.0,0.2780719051126377,0.0,0.0,,,,,,{'2': 1.0},"{'policy_dri': True, 'active_frontier_distance': True, 'oracle_normalized_return': False, 'response_signature_accuracy': False, 'belief_calibration': False, 'partner_response_prediction_loss': False}"
active_null,mlp_ppo,2005,factorized-identity-memory--active_null--identity,stochastic,exact_neural_policy_tree,79.75899470970035,0.24100372567772865,20.000001564621925,20.000001564621925,0.0,20.241005290299654,-7.82310962677002e-08,0.04820074513554573,2.0000001564621925,0.26466865383881777,0.0,0.006025093142070188,,,,,,{'2': 1.0000000782310963},"{'policy_dri': True, 'active_frontier_distance': True, 'oracle_normalized_return': False, 'response_signature_accuracy': False, 'belief_calibration': False, 'partner_response_prediction_loss': False}"
active_null,mlp_ppo,2006,factorized-identity-memory--active_null--identity,greedy,exact_neural_policy_tree,80.0,0.0,20.0,20.0,0.0,20.0,0.0,0.0,2.0,0.2780719051126377,0.0,0.0,,,,,,{'2': 1.0},"{'policy_dri': True, 'active_frontier_distance': True, 'oracle_normalized_return': False, 'response_signature_accuracy': False, 'belief_calibration': False, 'partner_response_prediction_loss': False}"
active_null,mlp_ppo,2006,factorized-identity-memory--active_null--identity,stochastic,exact_neural_policy_tree,79.78099229371509,0.2190072592501191,20.000000447034793,20.000000447034793,0.0,20.219007706284913,-2.235173965914328e-08,0.04380145185002382,2.000000044703479,0.2658919581653929,0.0,0.005475181481264383,,,,,,{'2': 1.0000000223517398},"{'policy_dri': True, 'active_frontier_distance': True, 'oracle_normalized_return': False, 'response_signature_accuracy': False, 'belief_calibration': False, 'partner_response_prediction_loss': False}"
active_null,mlp_ppo,2007,factorized-identity-memory--active_null--identity,greedy,exact_neural_policy_tree,80.0,0.0,20.0,20.0,0.0,20.0,0.0,0.0,2.0,0.2780719051126377,0.0,0.0,,,,,,{'2': 1.0},"{'policy_dri': True, 'active_frontier_distance': True, 'oracle_normalized_return': False, 'response_signature_accuracy': False, 'belief_calibration': False, 'partner_response_prediction_loss': False}"
active_null,mlp_ppo,2007,factorized-identity-memory--active_null--identity,stochastic,exact_neural_policy_tree,79.71839750001453,0.2816033940551632,19.99999910593031,19.999999105930314,-3.552713678800501e-15,20.281602499985475,4.47034842920857e-08,0.05632067881103264,1.9999999105930313,0.26241069422763386,0.0,0.007040084851414563,,,,,,{'2': 0.9999999552965155},"{'policy_dri': True, 'active_frontier_distance': True, 'oracle_normalized_return': False, 'response_signature_accuracy': False, 'belief_calibration': False, 'partner_response_prediction_loss': False}"
active_null,mlp_ppo,2008,factorized-identity-memory--active_null--identity,greedy,exact_neural_policy_tree,80.0,0.0,20.0,20.0,0.0,20.0,0.0,0.0,2.0,0.2780719051126377,0.0,0.0,,,,,,{'2': 1.0},"{'policy_dri': True, 'active_frontier_distance': True, 'oracle_normalized_return': False, 'response_signature_accuracy': False, 'belief_calibration': False, 'partner_response_prediction_loss': False}"
active_null,mlp_ppo,2008,factorized-identity-memory--active_null--identity,stochastic,exact_neural_policy_tree,79.76215444505215,0.2378452569246292,20.000000298023224,20.000000298023224,0.0,20.237845554947853,-1.4901161193847656e-08,0.04756905138492584,2.0000000298023224,0.2648442925132247,0.0,0.005946131423120398,,,,,,{'2': 1.0000000149011612},"{'policy_dri': True, 'active_frontier_distance': True, 'oracle_normalized_return': False, 'response_signature_accuracy': False, 'belief_calibration': False, 'partner_response_prediction_loss': False}"
active_null,mlp_ppo,2009,factorized-identity-memory--active_null--identity,greedy,exact_neural_policy_tree,80.0,0.0,20.0,20.0,0.0,20.0,0.0,0.0,2.0,0.2780719051126377,0.0,0.0,,,,,,{'2': 1.0},"{'policy_dri': True, 'active_frontier_distance': True, 'oracle_normalized_return': False, 'response_signature_accuracy': False, 'belief_calibration': False, 'partner_response_prediction_loss': False}"
active_null,mlp_ppo,2009,factorized-identity-memory--active_null--identity,stochastic,exact_neural_policy_tree,79.70741376280785,0.2925856411457062,20.000000596046448,20.00000059604645,-3.552713678800501e-15,20.292586237192154,-2.9802322565331e-08,0.058517128229141235,2.0000000596046448,0.2617999440714285,0.0,0.007314641028657832,,,,,,{'2': 1.0000000298023224},"{'policy_dri': True, 'active_frontier_distance': True, 'oracle_normalized_return': False, 'response_signature_accuracy': False, 'belief_calibration': False, 'partner_response_prediction_loss': False}"
active_null,mlp_ppo,2010,factorized-identity-memory--active_null--identity,greedy,exact_neural_policy_tree,80.0,0.0,20.0,20.0,0.0,20.0,0.0,0.0,2.0,0.2780719051126377,0.0,0.0,,,,,,{'2': 1.0},"{'policy_dri': True, 'active_frontier_distance': True, 'oracle_normalized_return': False, 'response_signature_accuracy': False, 'belief_calibration': False, 'partner_response_prediction_loss': False}"
active_null,mlp_ppo,2010,factorized-identity-memory--active_null--identity,stochastic,exact_neural_policy_tree,79.7820382937789,0.21796096116304398,20.000000745058063,20.00000074505806,3.552713678800501e-15,20.217961706221107,-3.725290298461914e-08,0.043592192232608795,2.000000074505806,0.26595015152946555,0.0,0.005449024029107935,,,,,,{'2': 1.000000037252903},"{'policy_dri': True, 'active_frontier_distance': True, 'oracle_normalized_return': False, 'response_signature_accuracy': False, 'belief_calibration': False, 'partner_response_prediction_loss': False}"
active_null,gru_ppo_passive,2001,factorized-identity-memory--active_null--identity,greedy,exact_neural_policy_tree,80.0,0.0,20.0,20.0,0.0,20.0,0.0,0.0,2.0,0.2780719051126377,0.0,0.0,,,,,,{'2': 1.0},"{'policy_dri': True, 'active_frontier_distance': True, 'oracle_normalized_return': False, 'response_signature_accuracy': False, 'belief_calibration': False, 'partner_response_prediction_loss': False}"
active_null,gru_ppo_passive,2001,factorized-identity-memory--active_null--identity,stochastic,exact_neural_policy_tree,79.99999970197678,0.0,20.000000298023224,20.000000298023224,0.0,20.000000298023224,-1.4901161193847656e-08,0.0,2.0000000298023224,0.278071909256232,0.0,7.450580596923828e-09,,,,,,{'2': 1.0000000149011612},"{'policy_dri': True, 'active_frontier_distance': True, 'oracle_normalized_return': False, 'response_signature_accuracy': False, 'belief_calibration': False, 'partner_response_prediction_loss': False}"
active_null,gru_ppo_passive,2002,factorized-identity-memory--active_null--identity,greedy,exact_neural_policy_tree,80.0,0.0,20.0,20.0,0.0,20.0,0.0,0.0,2.0,0.2780719051126377,0.0,0.0,,,,,,{'2': 1.0},"{'policy_dri': True, 'active_frontier_distance': True, 'oracle_normalized_return': False, 'response_signature_accuracy': False, 'belief_calibration': False, 'partner_response_prediction_loss': False}"
active_null,gru_ppo_passive,2002,factorized-identity-memory--active_null--identity,stochastic,exact_neural_policy_tree,80.0,0.0,20.0,20.0,0.0,20.0,0.0,0.0,2.0,0.2780719051126376,0.0,0.0,,,,,,{'2': 1.0},"{'policy_dri': True, 'active_frontier_distance': True, 'oracle_normalized_return': False, 'response_signature_accuracy': False, 'belief_calibration': False, 'partner_response_prediction_loss': False}"
active_null,gru_ppo_passive,2003,factorized-identity-memory--active_null--identity,greedy,exact_neural_policy_tree,80.0,0.0,20.0,20.0,0.0,20.0,0.0,0.0,2.0,0.2780719051126377,0.0,0.0,,,,,,{'2': 1.0},"{'policy_dri': True, 'active_frontier_distance': True, 'oracle_normalized_return': False, 'response_signature_accuracy': False, 'belief_calibration': False, 'partner_response_prediction_loss': False}"
active_null,gru_ppo_passive,2003,factorized-identity-memory--active_null--identity,stochastic,exact_neural_policy_tree,79.99999850988388,0.0,20.00000149011612,20.00000149011612,0.0,20.00000149011612,-7.450580596923828e-08,0.0,2.000000149011612,0.27807192583060913,0.0,3.725290298461914e-08,,,,,,{'2': 1.000000074505806},"{'policy_dri': True, 'active_frontier_distance': True, 'oracle_normalized_return': False, 'response_signature_accuracy': False, 'belief_calibration': False, 'partner_response_prediction_loss': False}"
active_null,gru_ppo_passive,2004,factorized-identity-memory--active_null--identity,greedy,exact_neural_policy_tree,80.0,0.0,20.0,20.0,0.0,20.0,0.0,0.0,2.0,0.2780719051126377,0.0,0.0,,,,,,{'2': 1.0},"{'policy_dri': True, 'active_frontier_distance': True, 'oracle_normalized_return': False, 'response_signature_accuracy': False, 'belief_calibration': False, 'partner_response_prediction_loss': False}"
active_null,gru_ppo_passive,2004,factorized-identity-memory--active_null--identity,stochastic,exact_neural_policy_tree,80.00000029802322,0.0,19.999999701976776,19.999999701976776,0.0,19.999999701976776,1.4901161193847656e-08,0.0,1.9999999701976776,0.2780719009690434,0.0,7.450580596923828e-09,,,,,,{'2': 0.9999999850988388},"{'policy_dri': True, 'active_frontier_distance': True, 'oracle_normalized_return': False, 'response_signature_accuracy': False, 'belief_calibration': False, 'partner_response_prediction_loss': False}"
active_null,gru_ppo_passive,2005,factorized-identity-memory--active_null--identity,greedy,exact_neural_policy_tree,80.0,0.0,20.0,20.0,0.0,20.0,0.0,0.0,2.0,0.2780719051126377,0.0,0.0,,,,,,{'2': 1.0},"{'policy_dri': True, 'active_frontier_distance': True, 'oracle_normalized_return': False, 'response_signature_accuracy': False, 'belief_calibration': False, 'partner_response_prediction_loss': False}"
active_null,gru_ppo_passive,2005,factorized-identity-memory--active_null--identity,stochastic,exact_neural_policy_tree,80.0,0.0,20.0,20.0,0.0,20.0,0.0,0.0,2.0,0.27807190511263774,0.0,0.0,,,,,,{'2': 1.0},"{'policy_dri': True, 'active_frontier_distance': True, 'oracle_normalized_return': False, 'response_signature_accuracy': False, 'belief_calibration': False, 'partner_response_prediction_loss': False}"
active_null,gru_ppo_passive,2006,factorized-identity-memory--active_null--identity,greedy,exact_neural_policy_tree,80.0,0.0,20.0,20.0,0.0,20.0,0.0,0.0,2.0,0.2780719051126377,0.0,0.0,,,,,,{'2': 1.0},"{'policy_dri': True, 'active_frontier_distance': True, 'oracle_normalized_return': False, 'response_signature_accuracy': False, 'belief_calibration': False, 'partner_response_prediction_loss': False}"
active_null,gru_ppo_passive,2006,factorized-identity-memory--active_null--identity,stochastic,exact_neural_policy_tree,79.99999970197678,0.0,20.000000298023224,20.000000298023224,0.0,20.000000298023224,-1.4901161193847656e-08,0.0,2.0000000298023224,0.278071909256232,0.0,7.450580596923828e-09,,,,,,{'2': 1.0000000149011612},"{'policy_dri': True, 'active_frontier_distance': True, 'oracle_normalized_return': False, 'response_signature_accuracy': False, 'belief_calibration': False, 'partner_response_prediction_loss': False}"
active_null,gru_ppo_passive,2007,factorized-identity-memory--active_null--identity,greedy,exact_neural_policy_tree,80.0,0.0,20.0,20.0,0.0,20.0,0.0,0.0,2.0,0.2780719051126377,0.0,0.0,,,,,,{'2': 1.0},"{'policy_dri': True, 'active_frontier_distance': True, 'oracle_normalized_return': False, 'response_signature_accuracy': False, 'belief_calibration': False, 'partner_response_prediction_loss': False}"
active_null,gru_ppo_passive,2007,factorized-identity-memory--active_null--identity,stochastic,exact_neural_policy_tree,79.99999970197678,0.0,20.000000298023224,20.000000298023224,0.0,20.000000298023224,-1.4901161193847656e-08,0.0,2.0000000298023224,0.278071909256232,0.0,7.450580596923828e-09,,,,,,{'2': 1.0000000149011612},"{'policy_dri': True, 'active_frontier_distance': True, 'oracle_normalized_return': False, 'response_signature_accuracy': False, 'belief_calibration': False, 'partner_response_prediction_loss': False}"
active_null,gru_ppo_passive,2008,factorized-identity-memory--active_null--identity,greedy,exact_neural_policy_tree,80.0,0.0,20.0,20.0,0.0,20.0,0.0,0.0,2.0,0.2780719051126377,0.0,0.0,,,,,,{'2': 1.0},"{'policy_dri': True, 'active_frontier_distance': True, 'oracle_normalized_return': False, 'response_signature_accuracy': False, 'belief_calibration': False, 'partner_response_prediction_loss': False}"
active_null,gru_ppo_passive,2008,factorized-identity-memory--active_null--identity,stochastic,exact_neural_policy_tree,80.00000029802322,0.0,19.999999701976776,19.999999701976776,0.0,19.999999701976776,1.4901161193847656e-08,0.0,1.9999999701976778,0.27807190096904333,0.0,7.450580596923828e-09,,,,,,{'2': 0.9999999850988389},"{'policy_dri': True, 'active_frontier_distance': True, 'oracle_normalized_return': False, 'response_signature_accuracy': False, 'belief_calibration': False, 'partner_response_prediction_loss': False}"
active_null,gru_ppo_passive,2009,factorized-identity-memory--active_null--identity,greedy,exact_neural_policy_tree,80.0,0.0,20.0,20.0,0.0,20.0,0.0,0.0,2.0,0.2780719051126377,0.0,0.0,,,,,,{'2': 1.0},"{'policy_dri': True, 'active_frontier_distance': True, 'oracle_normalized_return': False, 'response_signature_accuracy': False, 'belief_calibration': False, 'partner_response_prediction_loss': False}"
active_null,gru_ppo_passive,2009,factorized-identity-memory--active_null--identity,stochastic,exact_neural_policy_tree,80.00000029802322,0.0,19.999999701976776,19.999999701976776,0.0,19.999999701976776,1.4901161193847656e-08,0.0,1.9999999701976776,0.27807190096904344,0.0,7.450580596923828e-09,,,,,,{'2': 0.9999999850988388},"{'policy_dri': True, 'active_frontier_distance': True, 'oracle_normalized_return': False, 'response_signature_accuracy': False, 'belief_calibration': False, 'partner_response_prediction_loss': False}"
active_null,gru_ppo_passive,2010,factorized-identity-memory--active_null--identity,greedy,exact_neural_policy_tree,80.0,0.0,20.0,20.0,0.0,20.0,0.0,0.0,2.0,0.2780719051126377,0.0,0.0,,,,,,{'2': 1.0},"{'policy_dri': True, 'active_frontier_distance': True, 'oracle_normalized_return': False, 'response_signature_accuracy': False, 'belief_calibration': False, 'partner_response_prediction_loss': False}"
active_null,gru_ppo_passive,2010,factorized-identity-memory--active_null--identity,stochastic,exact_neural_policy_tree,80.00000029802322,0.0,19.999999701976776,19.999999701976776,0.0,19.999999701976776,1.4901161193847656e-08,0.0,1.9999999701976776,0.27807190096904344,0.0,7.450580596923828e-09,,,,,,{'2': 0.9999999850988388},"{'policy_dri': True, 'active_frontier_distance': True, 'oracle_normalized_return': False, 'response_signature_accuracy': False, 'belief_calibration': False, 'partner_response_prediction_loss': False}"
active_null,gru_ppo_active,2001,factorized-identity-memory--active_null--identity,greedy,exact_neural_policy_tree,80.0,0.0,20.0,20.0,0.0,20.0,0.0,0.0,2.0,0.2780719051126377,0.0,0.0,,,,,,{'2': 1.0},"{'policy_dri': True, 'active_frontier_distance': True, 'oracle_normalized_return': False, 'response_signature_accuracy': False, 'belief_calibration': False, 'partner_response_prediction_loss': False}"
active_null,gru_ppo_active,2001,factorized-identity-memory--active_null--identity,stochastic,exact_neural_policy_tree,79.80388607537577,0.19611407363584743,19.99999985098838,19.99999985098838,0.0,20.19611392462423,7.450580952195196e-09,0.039222814727169486,1.9999999850988384,0.2671651402257764,0.0,0.004902851840897601,,,,,,{'2': 0.9999999925494188},"{'policy_dri': True, 'active_frontier_distance': True, 'oracle_normalized_return': False, 'response_signature_accuracy': False, 'belief_calibration': False, 'partner_response_prediction_loss': False}"
active_null,gru_ppo_active,2002,factorized-identity-memory--active_null--identity,greedy,exact_neural_policy_tree,80.0,0.0,20.0,20.0,0.0,20.0,0.0,0.0,2.0,0.2780719051126377,0.0,0.0,,,,,,{'2': 1.0},"{'policy_dri': True, 'active_frontier_distance': True, 'oracle_normalized_return': False, 'response_signature_accuracy': False, 'belief_calibration': False, 'partner_response_prediction_loss': False}"
active_null,gru_ppo_active,2002,factorized-identity-memory--active_null--identity,stochastic,exact_neural_policy_tree,79.67560924589634,0.32438986003398895,20.00000089406967,20.00000089406967,0.0,20.32439075410366,-4.470348358154297e-08,0.06487797200679779,2.000000089406967,0.26003117626764594,0.0,0.008109746500880526,,,,,,{'2': 1.0000000447034836},"{'policy_dri': True, 'active_frontier_distance': True, 'oracle_normalized_return': False, 'response_signature_accuracy': False, 'belief_calibration': False, 'partner_response_prediction_loss': False}"
active_null,gru_ppo_active,2003,factorized-identity-memory--active_null--identity,greedy,exact_neural_policy_tree,80.0,0.0,20.0,20.0,0.0,20.0,0.0,0.0,2.0,0.2780719051126377,0.0,0.0,,,,,,{'2': 1.0},"{'policy_dri': True, 'active_frontier_distance': True, 'oracle_normalized_return': False, 'response_signature_accuracy': False, 'belief_calibration': False, 'partner_response_prediction_loss': False}"
active_null,gru_ppo_active,2003,factorized-identity-memory--active_null--identity,stochastic,exact_neural_policy_tree,79.70718413138572,0.2928163418289345,19.999999526785345,19.999999526785345,0.0,20.29281586861428,2.3660732750840908e-08,0.0585632683657869,1.9999999526785346,0.26178709892915564,0.0,0.007320408545732922,,,,,,{'2': 0.9999999763392672},"{'policy_dri': True, 'active_frontier_distance': True, 'oracle_normalized_return': False, 'response_signature_accuracy': False, 'belief_calibration': False, 'partner_response_prediction_loss': False}"
active_null,gru_ppo_active,2004,factorized-identity-memory--active_null--identity,greedy,exact_neural_policy_tree,80.0,0.0,20.0,20.0,0.0,20.0,0.0,0.0,2.0,0.2780719051126377,0.0,0.0,,,,,,{'2': 1.0},"{'policy_dri': True, 'active_frontier_distance': True, 'oracle_normalized_return': False, 'response_signature_accuracy': False, 'belief_calibration': False, 'partner_response_prediction_loss': False}"
active_null,gru_ppo_active,2004,factorized-identity-memory--active_null--identity,stochastic,exact_neural_policy_tree,79.77294065724382,0.22705840794480958,20.00000093481136,20.00000093481136,0.0,20.22705934275617,-4.6740568038217137e-08,0.045411681588961916,2.000000093481136,0.26544420529606544,0.0,0.005676460198668348,,,,,,{'2': 1.0000000467405679},"{'policy_dri': True, 'active_frontier_distance': True, 'oracle_normalized_return': False, 'response_signature_accuracy': False, 'belief_calibration': False, 'partner_response_prediction_loss': False}"
active_null,gru_ppo_active,2005,factorized-identity-memory--active_null--identity,greedy,exact_neural_policy_tree,80.0,0.0,20.0,20.0,0.0,20.0,0.0,0.0,2.0,0.2780719051126377,0.0,0.0,,,,,,{'2': 1.0},"{'policy_dri': True, 'active_frontier_distance': True, 'oracle_normalized_return': False, 'response_signature_accuracy': False, 'belief_calibration': False, 'partner_response_prediction_loss': False}"
active_null,gru_ppo_active,2005,factorized-identity-memory--active_null--identity,stochastic,exact_neural_policy_tree,79.72983659875949,0.2701626984823552,20.000000702758157,20.000000702758154,3.552713678800501e-15,20.270163401240513,-3.5137907694604564e-08,0.05403253969647104,2.000000070275816,0.26304698363203083,0.0,0.00675406746208173,,,,,,{'2': 1.000000035137908},"{'policy_dri': True, 'active_frontier_distance': True, 'oracle_normalized_return': False, 'response_signature_accuracy': False, 'belief_calibration': False, 'partner_response_prediction_loss': False}"
active_null,gru_ppo_active,2006,factorized-identity-memory--active_null--identity,greedy,exact_neural_policy_tree,80.0,0.0,20.0,20.0,0.0,20.0,0.0,0.0,2.0,0.2780719051126377,0.0,0.0,,,,,,{'2': 1.0},"{'policy_dri': True, 'active_frontier_distance': True, 'oracle_normalized_return': False, 'response_signature_accuracy': False, 'belief_calibration': False, 'partner_response_prediction_loss': False}"
active_null,gru_ppo_active,2006,factorized-identity-memory--active_null--identity,stochastic,exact_neural_policy_tree,79.79682157026681,0.2031771994653761,20.00000123026781,20.00000123026781,0.0,20.203178429733185,-6.151339047022474e-08,0.04063543989307522,2.0000001230267808,0.26677234803162586,0.0,0.005079429986727521,,,,,,{'2': 1.0000000615133904},"{'policy_dri': True, 'active_frontier_distance': True, 'oracle_normalized_return': False, 'response_signature_accuracy': False, 'belief_calibration': False, 'partner_response_prediction_loss': False}"
active_null,gru_ppo_active,2007,factorized-identity-memory--active_null--identity,greedy,exact_neural_policy_tree,80.0,0.0,20.0,20.0,0.0,20.0,0.0,0.0,2.0,0.2780719051126377,0.0,0.0,,,,,,{'2': 1.0},"{'policy_dri': True, 'active_frontier_distance': True, 'oracle_normalized_return': False, 'response_signature_accuracy': False, 'belief_calibration': False, 'partner_response_prediction_loss': False}"
active_null,gru_ppo_active,2007,factorized-identity-memory--active_null--identity,stochastic,exact_neural_policy_tree,79.76408970875485,0.23591027718381286,20.00000001406133,20.000000014061335,-3.552713678800501e-15,20.235910291245144,-7.030667603658003e-10,0.04718205543676257,2.000000001406133,0.26495190126571,0.0,0.005897756929595332,,,,,,{'2': 1.0000000007030665},"{'policy_dri': True, 'active_frontier_distance': True, 'oracle_normalized_return': False, 'response_signature_accuracy': False, 'belief_calibration': False, 'partner_response_prediction_loss': False}"
active_null,gru_ppo_active,2008,factorized-identity-memory--active_null--identity,greedy,exact_neural_policy_tree,80.0,0.0,20.0,20.0,0.0,20.0,0.0,0.0,2.0,0.2780719051126377,0.0,0.0,,,,,,{'2': 1.0},"{'policy_dri': True, 'active_frontier_distance': True, 'oracle_normalized_return': False, 'response_signature_accuracy': False, 'belief_calibration': False, 'partner_response_prediction_loss': False}"
active_null,gru_ppo_active,2008,factorized-identity-memory--active_null--identity,stochastic,exact_neural_policy_tree,79.72239674577168,0.2776010769187917,20.000002177309533,20.000002177309533,0.0,20.277603254228325,-1.0886547663346846e-07,0.05552021538375834,2.0000002177309533,0.2626333233210426,0.0,0.006940026923183259,,,,,,{'2': 1.0000001088654769},"{'policy_dri': True, 'active_frontier_distance': True, 'oracle_normalized_return': False, 'response_signature_accuracy': False, 'belief_calibration': False, 'partner_response_prediction_loss': False}"
active_null,gru_ppo_active,2009,factorized-identity-memory--active_null--identity,greedy,exact_neural_policy_tree,80.0,0.0,20.0,20.0,0.0,20.0,0.0,0.0,2.0,0.2780719051126377,0.0,0.0,,,,,,{'2': 1.0},"{'policy_dri': True, 'active_frontier_distance': True, 'oracle_normalized_return': False, 'response_signature_accuracy': False, 'belief_calibration': False, 'partner_response_prediction_loss': False}"
active_null,gru_ppo_active,2009,factorized-identity-memory--active_null--identity,stochastic,exact_neural_policy_tree,79.79331729625639,0.20668262923781017,20.000000074505806,20.000000074505802,3.552713678800501e-15,20.206682703743617,-3.72529012082623e-09,0.04133652584756203,2.0000000074505806,0.26657737965536676,0.0,0.00516706573094559,,,,,,{'2': 1.0000000037252903},"{'policy_dri': True, 'active_frontier_distance': True, 'oracle_normalized_return': False, 'response_signature_accuracy': False, 'belief_calibration': False, 'partner_response_prediction_loss': False}"
active_null,gru_ppo_active,2010,factorized-identity-memory--active_null--identity,greedy,exact_neural_policy_tree,80.0,0.0,20.0,20.0,0.0,20.0,0.0,0.0,2.0,0.2780719051126377,0.0,0.0,,,,,,{'2': 1.0},"{'policy_dri': True, 'active_frontier_distance': True, 'oracle_normalized_return': False, 'response_signature_accuracy': False, 'belief_calibration': False, 'partner_response_prediction_loss': False}"
active_null,gru_ppo_active,2010,factorized-identity-memory--active_null--identity,stochastic,exact_neural_policy_tree,79.82952900399872,0.1704711145302984,19.999999881470995,19.999999881471,-3.552713678800501e-15,20.170470996001292,5.92645008623549e-09,0.03409422290605968,1.9999999881470996,0.2685912579478355,0.0,0.00426177786325849,,,,,,{'2': 0.9999999940735497},"{'policy_dri': True, 'active_frontier_distance': True, 'oracle_normalized_return': False, 'response_signature_accuracy': False, 'belief_calibration': False, 'partner_response_prediction_loss': False}"
active_null,odits_style,2001,factorized-identity-memory--active_null--identity,greedy,exact_neural_policy_tree,80.0,0.0,20.0,20.0,0.0,20.0,0.0,0.0,2.0,0.2780719051126377,0.0,0.0,,,,,0.002181339426897466,{'2': 1.0},"{'policy_dri': True, 'active_frontier_distance': True, 'oracle_normalized_return': False, 'response_signature_accuracy': False, 'belief_calibration': False, 'partner_response_prediction_loss': True}"
active_null,odits_style,2001,factorized-identity-memory--active_null--identity,stochastic,exact_neural_policy_tree,79.8032132996672,0.19678596700409,20.000000733328708,20.00000073332871,-3.552713678800501e-15,20.196786700332797,-3.6666435576648836e-08,0.039357193400818,2.000000073332871,0.2671277855596911,0.0,0.00491964917513641,,,,,0.002174844281769973,{'2': 1.0000000366664354},"{'policy_dri': True, 'active_frontier_distance': True, 'oracle_normalized_return': False, 'response_signature_accuracy': False, 'belief_calibration': False, 'partner_response_prediction_loss': True}"
active_null,odits_style,2002,factorized-identity-memory--active_null--identity,greedy,exact_neural_policy_tree,80.0,0.0,20.0,20.0,0.0,20.0,0.0,0.0,2.0,0.2780719051126377,0.0,0.0,,,,,0.0026382512878626585,{'2': 1.0},"{'policy_dri': True, 'active_frontier_distance': True, 'oracle_normalized_return': False, 'response_signature_accuracy': False, 'belief_calibration': False, 'partner_response_prediction_loss': True}"
active_null,odits_style,2002,factorized-identity-memory--active_null--identity,stochastic,exact_neural_policy_tree,79.76592155459352,0.23407707165239058,20.000001373754092,20.000001373754092,0.0,20.23407844540648,-6.868770459078633e-08,0.04681541433047812,2.0000001373754093,0.26505387276124515,0.0,0.005851926791410543,,,,,0.0026375493899773285,{'2': 1.0000000686877046},"{'policy_dri': True, 'active_frontier_distance': True, 'oracle_normalized_return': False, 'response_signature_accuracy': False, 'belief_calibration': False, 'partner_response_prediction_loss': True}"
active_null,odits_style,2003,factorized-identity-memory--active_null--identity,greedy,exact_neural_policy_tree,80.0,0.0,20.0,20.0,0.0,20.0,0.0,0.0,2.0,0.2780719051126377,0.0,0.0,,,,,0.002566274139098823,{'2': 1.0},"{'policy_dri': True, 'active_frontier_distance': True, 'oracle_normalized_return': False, 'response_signature_accuracy': False, 'belief_calibration': False, 'partner_response_prediction_loss': True}"
active_null,odits_style,2003,factorized-identity-memory--active_null--identity,stochastic,exact_neural_policy_tree,79.78044934407208,0.21954887433159598,20.000001781596318,20.00000178159632,-3.552713678800501e-15,20.219550655927915,-8.907981605688064e-08,0.043909774866319196,2.000000178159632,0.26586185513308735,0.0,0.005488721858470615,,,,,0.002560583440153135,{'2': 1.000000089079816},"{'policy_dri': True, 'active_frontier_distance': True, 'oracle_normalized_return': False, 'response_signature_accuracy': False, 'belief_calibration': False, 'partner_response_prediction_loss': True}"
active_null,odits_style,2004,factorized-identity-memory--active_null--identity,greedy,exact_neural_policy_tree,80.0,0.0,20.0,20.0,0.0,20.0,0.0,0.0,2.0,0.2780719051126377,0.0,0.0,,,,,0.0021359622478485107,{'2': 1.0},"{'policy_dri': True, 'active_frontier_distance': True, 'oracle_normalized_return': False, 'response_signature_accuracy': False, 'belief_calibration': False, 'partner_response_prediction_loss': True}"
active_null,odits_style,2004,factorized-identity-memory--active_null--identity,stochastic,exact_neural_policy_tree,79.78458160340173,0.21541716851915665,20.000001228079114,20.000001228079114,0.0,20.21541839659827,-6.14039556978696e-08,0.04308343370383133,2.0000001228079114,0.26609162969853417,0.0,0.005385429213066431,,,,,0.002136644254677199,{'2': 1.0000000614039561},"{'policy_dri': True, 'active_frontier_distance': True, 'oracle_normalized_return': False, 'response_signature_accuracy': False, 'belief_calibration': False, 'partner_response_prediction_loss': True}"
active_null,odits_style,2005,factorized-identity-memory--active_null--identity,greedy,exact_neural_policy_tree,80.0,0.0,20.0,20.0,0.0,20.0,0.0,0.0,2.0,0.2780719051126377,0.0,0.0,,,,,0.002688421751372516,{'2': 1.0},"{'policy_dri': True, 'active_frontier_distance': True, 'oracle_normalized_return': False, 'response_signature_accuracy': False, 'belief_calibration': False, 'partner_response_prediction_loss': True}"
active_null,odits_style,2005,factorized-identity-memory--active_null--identity,stochastic,exact_neural_policy_tree,79.75169694076415,0.24830429623437789,19.99999876300148,19.999998763001475,3.552713678800501e-15,20.248303059235855,6.184992624724828e-08,0.04966085924687558,1.9999998763001479,0.2642625981736016,0.0,0.0062076074059364775,,,,,0.0026837929249323026,{'2': 0.9999999381500742},"{'policy_dri': True, 'active_frontier_distance': True, 'oracle_normalized_return': False, 'response_signature_accuracy': False, 'belief_calibration': False, 'partner_response_prediction_loss': True}"
active_null,odits_style,2006,factorized-identity-memory--active_null--identity,greedy,exact_neural_policy_tree,80.0,0.0,20.0,20.0,0.0,20.0,0.0,0.0,2.0,0.2780719051126377,0.0,0.0,,,,,0.002133031201083213,{'2': 1.0},"{'policy_dri': True, 'active_frontier_distance': True, 'oracle_normalized_return': False, 'response_signature_accuracy': False, 'belief_calibration': False, 'partner_response_prediction_loss': True}"
active_null,odits_style,2006,factorized-identity-memory--active_null--identity,stochastic,exact_neural_policy_tree,79.72051528774452,0.2794832633281724,20.000001448927314,20.000001448927314,0.0,20.279484712255485,-7.24463657064689e-08,0.05589665266563448,2.0000001448927316,0.2625286365617842,0.0,0.006987081583298207,,,,,0.0021314621300350333,{'2': 1.000000072446366},"{'policy_dri': True, 'active_frontier_distance': True, 'oracle_normalized_return': False, 'response_signature_accuracy': False, 'belief_calibration': False, 'partner_response_prediction_loss': True}"
active_null,odits_style,2007,factorized-identity-memory--active_null--identity,greedy,exact_neural_policy_tree,80.0,0.0,20.0,20.0,0.0,20.0,0.0,0.0,2.0,0.2780719051126377,0.0,0.0,,,,,0.0026319919852539897,{'2': 1.0},"{'policy_dri': True, 'active_frontier_distance': True, 'oracle_normalized_return': False, 'response_signature_accuracy': False, 'belief_calibration': False, 'partner_response_prediction_loss': True}"
active_null,odits_style,2007,factorized-identity-memory--active_null--identity,stochastic,exact_neural_policy_tree,79.72630243924988,0.2736976515695802,19.999999909180545,19.99999990918054,3.552713678800501e-15,20.273697560750126,4.540972931010856e-09,0.05473953031391604,1.9999999909180546,0.26285037837055913,0.0,0.0068424412892398815,,,,,0.0026326034535285505,{'2': 0.9999999954590271},"{'policy_dri': True, 'active_frontier_distance': True, 'oracle_normalized_return': False, 'response_signature_accuracy': False, 'belief_calibration': False, 'partner_response_prediction_loss': True}"
active_null,odits_style,2008,factorized-identity-memory--active_null--identity,greedy,exact_neural_policy_tree,80.0,0.0,20.0,20.0,0.0,20.0,0.0,0.0,2.0,0.2780719051126377,0.0,0.0,,,,,0.002089875750243664,{'2': 1.0},"{'policy_dri': True, 'active_frontier_distance': True, 'oracle_normalized_return': False, 'response_signature_accuracy': False, 'belief_calibration': False, 'partner_response_prediction_loss': True}"
active_null,odits_style,2008,factorized-identity-memory--active_null--identity,stochastic,exact_neural_policy_tree,79.74207652998987,0.2579241098154203,19.9999993601947,19.9999993601947,0.0,20.25792347001012,3.1990265014769646e-08,0.05158482196308406,1.9999999360194702,0.2637276064988728,0.0,0.006448102745405346,,,,,0.0020868105384703895,{'2': 0.9999999680097353},"{'policy_dri': True, 'active_frontier_distance': True, 'oracle_normalized_return': False, 'response_signature_accuracy': False, 'belief_calibration': False, 'partner_response_prediction_loss': True}"
active_null,odits_style,2009,factorized-identity-memory--active_null--identity,greedy,exact_neural_policy_tree,80.0,0.0,20.0,20.0,0.0,20.0,0.0,0.0,2.0,0.2780719051126377,0.0,0.0,,,,,0.0020867843413725495,{'2': 1.0},"{'policy_dri': True, 'active_frontier_distance': True, 'oracle_normalized_return': False, 'response_signature_accuracy': False, 'belief_calibration': False, 'partner_response_prediction_loss': True}"
active_null,odits_style,2009,factorized-identity-memory--active_null--identity,stochastic,exact_neural_policy_tree,79.76572264801214,0.2342778595644554,19.999999492423406,19.999999492423406,0.0,20.23427735198786,2.5378829704436612e-08,0.04685557191289108,1.9999999492423406,0.26504267990853847,0.0,0.005856946489125131,,,,,0.0020924165005399183,{'2': 0.9999999746211703},"{'policy_dri': True, 'active_frontier_distance': True, 'oracle_normalized_return': False, 'response_signature_accuracy': False, 'belief_calibration': False, 'partner_response_prediction_loss': True}"
active_null,odits_style,2010,factorized-identity-memory--active_null--identity,greedy,exact_neural_policy_tree,80.0,0.0,20.0,20.0,0.0,20.0,0.0,0.0,2.0,0.2780719051126377,0.0,0.0,,,,,0.002256722073070705,{'2': 1.0},"{'policy_dri': True, 'active_frontier_distance': True, 'oracle_normalized_return': False, 'response_signature_accuracy': False, 'belief_calibration': False, 'partner_response_prediction_loss': True}"
active_null,odits_style,2010,factorized-identity-memory--active_null--identity,stochastic,exact_neural_policy_tree,79.78643020231269,0.21357094073403818,19.999998856953276,19.999998856953276,0.0,20.213569797687313,5.7152336196963915e-08,0.042714188146807636,1.9999998856953276,0.2661942735468563,0.0,0.005339273518427425,,,,,0.002250544695899824,{'2': 0.9999999428476638},"{'policy_dri': True, 'active_frontier_distance': True, 'oracle_normalized_return': False, 'response_signature_accuracy': False, 'belief_calibration': False, 'partner_response_prediction_loss': True}"
active_null,pace_aux,2001,factorized-identity-memory--active_null--identity,greedy,exact_neural_policy_tree,80.0,0.0,20.0,20.0,0.0,20.0,0.0,0.0,2.0,0.2780719051126377,0.0,0.0,,0.5,0.5000400085108708,0.004454208072274923,,{'2': 1.0},"{'policy_dri': True, 'active_frontier_distance': True, 'oracle_normalized_return': False, 'response_signature_accuracy': True, 'belief_calibration': True, 'partner_response_prediction_loss': False}"
active_null,pace_aux,2001,factorized-identity-memory--active_null--identity,stochastic,exact_neural_policy_tree,79.81086049461912,0.1891386407228693,20.000000864658013,20.000000864658016,-3.552713678800501e-15,20.189139505380883,-4.32329008148713e-08,0.03782772814457386,2.000000086465801,0.2675530887032482,0.0,0.004728466018121142,,0.5000000216164503,0.5000386247442866,0.004325147880574032,,{'2': 1.0000000432329008},"{'policy_dri': True, 'active_frontier_distance': True, 'oracle_normalized_return': False, 'response_signature_accuracy': True, 'belief_calibration': True, 'partner_response_prediction_loss': False}"
active_null,pace_aux,2002,factorized-identity-memory--active_null--identity,greedy,exact_neural_policy_tree,80.0,0.0,20.0,20.0,0.0,20.0,0.0,0.0,2.0,0.2780719051126377,0.0,0.0,,0.5,0.5000354222954508,0.0034205177798867226,,{'2': 1.0},"{'policy_dri': True, 'active_frontier_distance': True, 'oracle_normalized_return': False, 'response_signature_accuracy': True, 'belief_calibration': True, 'partner_response_prediction_loss': False}"
active_null,pace_aux,2002,factorized-identity-memory--active_null--identity,stochastic,exact_neural_policy_tree,79.7206316472042,0.27936772344612226,20.000000629349675,20.000000629349678,-3.552713678800501e-15,20.279368352795796,-3.146748390747689e-08,0.05587354468922445,2.0000000629349675,0.2625350508457321,0.0,0.006984193086170779,,0.5000000157337419,0.5000406916663543,0.003587233039503479,,{'2': 1.0000000314674837},"{'policy_dri': True, 'active_frontier_distance': True, 'oracle_normalized_return': False, 'response_signature_accuracy': True, 'belief_calibration': True, 'partner_response_prediction_loss': False}"
active_null,pace_aux,2003,factorized-identity-memory--active_null--identity,greedy,exact_neural_policy_tree,80.0,0.0,20.0,20.0,0.0,20.0,0.0,0.0,2.0,0.2780719051126377,0.0,0.0,,0.5,0.5000251450425002,0.0028542401269078255,,{'2': 1.0},"{'policy_dri': True, 'active_frontier_distance': True, 'oracle_normalized_return': False, 'response_signature_accuracy': True, 'belief_calibration': True, 'partner_response_prediction_loss': False}"
active_null,pace_aux,2003,factorized-identity-memory--active_null--identity,stochastic,exact_neural_policy_tree,79.74607579468554,0.25392424315214157,19.999999962162313,19.999999962162313,0.0,20.253924205314455,1.891884338078853e-09,0.050784848630428314,1.9999999962162314,0.2639500649770377,0.0,0.0063481060788036095,,0.4999999990540578,0.500025291287512,0.0028976878810926254,,{'2': 0.9999999981081156},"{'policy_dri': True, 'active_frontier_distance': True, 'oracle_normalized_return': False, 'response_signature_accuracy': True, 'belief_calibration': True, 'partner_response_prediction_loss': False}"
active_null,pace_aux,2004,factorized-identity-memory--active_null--identity,greedy,exact_neural_policy_tree,80.0,0.0,20.0,20.0,0.0,20.0,0.0,0.0,2.0,0.2780719051126377,0.0,0.0,,0.5,0.5000578042300248,0.005163189955055714,,{'2': 1.0},"{'policy_dri': True, 'active_frontier_distance': True, 'oracle_normalized_return': False, 'response_signature_accuracy': True, 'belief_calibration': True, 'partner_response_prediction_loss': False}"
active_null,pace_aux,2004,factorized-identity-memory--active_null--identity,stochastic,exact_neural_policy_tree,79.71950432249221,0.28049542055272186,20.00000025695507,20.00000025695507,0.0,20.28049567750779,-1.2847753438904875e-08,0.05609908411054437,2.000000025695507,0.26247232949154387,0.0,0.0070123855138209895,,0.5000000064238768,0.500057537838566,0.0051412658757278296,,{'2': 1.0000000128477533},"{'policy_dri': True, 'active_frontier_distance': True, 'oracle_normalized_return': False, 'response_signature_accuracy': True, 'belief_calibration': True, 'partner_response_prediction_loss': False}"
active_null,pace_aux,2005,factorized-identity-memory--active_null--identity,greedy,exact_neural_policy_tree,80.0,0.0,20.0,20.0,0.0,20.0,0.0,0.0,2.0,0.2780719051126377,0.0,0.0,,0.5,0.5000887493878209,0.0064777350053191185,,{'2': 1.0},"{'policy_dri': True, 'active_frontier_distance': True, 'oracle_normalized_return': False, 'response_signature_accuracy': True, 'belief_calibration': True, 'partner_response_prediction_loss': False}"
active_null,pace_aux,2005,factorized-identity-memory--active_null--identity,stochastic,exact_neural_policy_tree,79.75769431900522,0.24230635154703778,19.999999329447732,19.999999329447732,0.0,20.242305680994768,3.352761339669996e-08,0.048461270309407556,1.9999999329447733,0.2645961780304349,0.0,0.00605765878869914,,0.4999999832361932,0.5000910310431479,0.006555037140091757,,{'2': 0.9999999664723865},"{'policy_dri': True, 'active_frontier_distance': True, 'oracle_normalized_return': False, 'response_signature_accuracy': True, 'belief_calibration': True, 'partner_response_prediction_loss': False}"
active_null,pace_aux,2006,factorized-identity-memory--active_null--identity,greedy,exact_neural_policy_tree,80.0,0.0,20.0,20.0,0.0,20.0,0.0,0.0,2.0,0.2780719051126377,0.0,0.0,,0.5,0.5007077211381035,0.014591592829674482,,{'2': 1.0},"{'policy_dri': True, 'active_frontier_distance': True, 'oracle_normalized_return': False, 'response_signature_accuracy': True, 'belief_calibration': True, 'partner_response_prediction_loss': False}"
active_null,pace_aux,2006,factorized-identity-memory--active_null--identity,stochastic,exact_neural_policy_tree,79.80828806483785,0.19171234791613645,19.999999587246005,19.999999587246005,0.0,20.191711935162143,2.0637699726933078e-08,0.03834246958322729,1.9999999587246007,0.26740993581014183,0.0,0.0047928086979145195,,0.49999998968115017,0.5007058833834898,0.014563967639630804,,{'2': 0.9999999793622999},"{'policy_dri': True, 'active_frontier_distance': True, 'oracle_normalized_return': False, 'response_signature_accuracy': True, 'belief_calibration': True, 'partner_response_prediction_loss': False}"
active_null,pace_aux,2007,factorized-identity-memory--active_null--identity,greedy,exact_neural_policy_tree,80.0,0.0,20.0,20.0,0.0,20.0,0.0,0.0,2.0,0.2780719051126377,0.0,0.0,,0.5,0.5013303868718318,0.025716363452374935,,{'2': 1.0},"{'policy_dri': True, 'active_frontier_distance': True, 'oracle_normalized_return': False, 'response_signature_accuracy': True, 'belief_calibration': True, 'partner_response_prediction_loss': False}"
active_null,pace_aux,2007,factorized-identity-memory--active_null--identity,stochastic,exact_neural_policy_tree,79.79604120346713,0.2039576911025895,20.00000110543028,20.00000110543028,0.0,20.20395879653287,-5.527151394346674e-08,0.0407915382205179,2.000000110543028,0.2667289397366386,0.0,0.005098942277639629,,0.5000000276357569,0.5013054399309801,0.025424956099000418,,{'2': 1.000000055271514},"{'policy_dri': True, 'active_frontier_distance': True, 'oracle_normalized_return': False, 'response_signature_accuracy': True, 'belief_calibration': True, 'partner_response_prediction_loss': False}"
active_null,pace_aux,2008,factorized-identity-memory--active_null--identity,greedy,exact_neural_policy_tree,80.0,0.0,20.0,20.0,0.0,20.0,0.0,0.0,2.0,0.2780719051126377,0.0,0.0,,0.5,0.500468713077121,0.015244140289723873,,{'2': 1.0},"{'policy_dri': True, 'active_frontier_distance': True, 'oracle_normalized_return': False, 'response_signature_accuracy': True, 'belief_calibration': True, 'partner_response_prediction_loss': False}"
active_null,pace_aux,2008,factorized-identity-memory--active_null--identity,stochastic,exact_neural_policy_tree,79.79072811992371,0.20927094858605888,20.00000093149023,20.00000093149023,0.0,20.20927188007629,-4.657451153633474e-08,0.041854189717211776,2.000000093149023,0.26643344379209005,0.0,0.0052317737147032995,,0.5000000232872558,0.5004647160558855,0.015169265092408568,,{'2': 1.0000000465745116},"{'policy_dri': True, 'active_frontier_distance': True, 'oracle_normalized_return': False, 'response_signature_accuracy': True, 'belief_calibration': True, 'partner_response_prediction_loss': False}"
active_null,pace_aux,2009,factorized-identity-memory--active_null--identity,greedy,exact_neural_policy_tree,80.0,0.0,20.0,20.0,0.0,20.0,0.0,0.0,2.0,0.2780719051126377,0.0,0.0,,0.5,0.5004928372831359,0.011578976642340422,,{'2': 1.0},"{'policy_dri': True, 'active_frontier_distance': True, 'oracle_normalized_return': False, 'response_signature_accuracy': True, 'belief_calibration': True, 'partner_response_prediction_loss': False}"
active_null,pace_aux,2009,factorized-identity-memory--active_null--identity,stochastic,exact_neural_policy_tree,79.7813434866271,0.21865681139613402,19.99999970197677,19.99999970197677,0.0,20.218656513372903,1.4901161549119023e-08,0.043731362279226804,1.9999999701976767,0.26591143774688775,0.0,0.005466420284908428,,0.4999999925494192,0.5004918404290857,0.011579056648205688,,{'2': 0.9999999850988384},"{'policy_dri': True, 'active_frontier_distance': True, 'oracle_normalized_return': False, 'response_signature_accuracy': True, 'belief_calibration': True, 'partner_response_prediction_loss': False}"
active_null,pace_aux,2010,factorized-identity-memory--active_null--identity,greedy,exact_neural_policy_tree,80.0,0.0,20.0,20.0,0.0,20.0,0.0,0.0,2.0,0.2780719051126377,0.0,0.0,,0.5,0.5003222949551961,0.009457727428525686,,{'2': 1.0},"{'policy_dri': True, 'active_frontier_distance': True, 'oracle_normalized_return': False, 'response_signature_accuracy': True, 'belief_calibration': True, 'partner_response_prediction_loss': False}"
active_null,pace_aux,2010,factorized-identity-memory--active_null--identity,stochastic,exact_neural_policy_tree,79.78884434981995,0.21115463227033615,20.000001017909707,20.000001017909703,3.552713678800501e-15,20.211155650180043,-5.089548515968545e-08,0.04223092645406723,2.0000001017909703,0.2663286850914881,0.0,0.005278865806819742,,0.5000000254477426,0.5003248477401702,0.009513559734843136,,{'2': 1.0000000508954852},"{'policy_dri': True, 'active_frontier_distance': True, 'oracle_normalized_return': False, 'response_signature_accuracy': True, 'belief_calibration': True, 'partner_response_prediction_loss': False}"
active_null,pace_style,2001,factorized-identity-memory--active_null--identity,greedy,exact_neural_policy_tree,80.0,0.0,20.0,20.0,0.0,20.0,0.0,0.0,2.0,0.2780719051126377,0.0,0.0,,0.5,0.5000002817268435,0.0003544539213180542,,{'2': 1.0},"{'policy_dri': True, 'active_frontier_distance': True, 'oracle_normalized_return': False, 'response_signature_accuracy': True, 'belief_calibration': True, 'partner_response_prediction_loss': False}"
active_null,pace_style,2001,factorized-identity-memory--active_null--identity,stochastic,exact_neural_policy_tree,79.78706985753145,0.21292948460789052,20.000000657860657,20.000000657860653,3.552713678800501e-15,20.212930142468547,-3.2893032653191766e-08,0.042585896921578104,2.0000000657860655,0.2662299727713523,0.0,0.00532323711522267,,0.5000000164465164,0.5000008999904187,0.0004531814704177295,,{'2': 1.0000000328930325},"{'policy_dri': True, 'active_frontier_distance': True, 'oracle_normalized_return': False, 'response_signature_accuracy': True, 'belief_calibration': True, 'partner_response_prediction_loss': False}"
active_null,pace_style,2002,factorized-identity-memory--active_null--identity,greedy,exact_neural_policy_tree,80.0,0.0,20.0,20.0,0.0,20.0,0.0,0.0,2.0,0.2780719051126377,0.0,0.0,,0.5,0.5000149260397669,0.0020758621394634247,,{'2': 1.0},"{'policy_dri': True, 'active_frontier_distance': True, 'oracle_normalized_return': False, 'response_signature_accuracy': True, 'belief_calibration': True, 'partner_response_prediction_loss': False}"
active_null,pace_style,2002,factorized-identity-memory--active_null--identity,stochastic,exact_neural_policy_tree,79.72358513175004,0.2764138910708741,20.00000097717908,20.00000097717908,0.0,20.276414868249955,-4.8858954038166755e-08,0.05528277821417482,2.0000000977179084,0.26269933124100514,0.0,0.006910347276815034,,0.5000000244294771,0.5000151969128189,0.0020841140477939613,,{'2': 1.0000000488589542},"{'policy_dri': True, 'active_frontier_distance': True, 'oracle_normalized_return': False, 'response_signature_accuracy': True, 'belief_calibration': True, 'partner_response_prediction_loss': False}"
active_null,pace_style,2003,factorized-identity-memory--active_null--identity,greedy,exact_neural_policy_tree,80.0,0.0,20.0,20.0,0.0,20.0,0.0,0.0,2.0,0.2780719051126377,0.0,0.0,,0.5,0.5000717300634099,0.005960777401924133,,{'2': 1.0},"{'policy_dri': True, 'active_frontier_distance': True, 'oracle_normalized_return': False, 'response_signature_accuracy': True, 'belief_calibration': True, 'partner_response_prediction_loss': False}"
active_null,pace_style,2003,factorized-identity-memory--active_null--identity,stochastic,exact_neural_policy_tree,79.68774329633945,0.3122569737078924,19.99999972995266,19.999999729952656,3.552713678800501e-15,20.31225670366055,1.350236722430509e-08,0.062451394741578486,1.9999999729952658,0.2607059230452766,0.0,0.0078064243427002295,,0.4999999932488164,0.5000683991433348,0.005775151120616273,,{'2': 0.9999999864976329},"{'policy_dri': True, 'active_frontier_distance': True, 'oracle_normalized_return': False, 'response_signature_accuracy': True, 'belief_calibration': True, 'partner_response_prediction_loss': False}"
active_null,pace_style,2004,factorized-identity-memory--active_null--identity,greedy,exact_neural_policy_tree,80.0,0.0,20.0,20.0,0.0,20.0,0.0,0.0,2.0,0.2780719051126377,0.0,0.0,,0.5,0.5000701744624463,0.005912676453590393,,{'2': 1.0},"{'policy_dri': True, 'active_frontier_distance': True, 'oracle_normalized_return': False, 'response_signature_accuracy': True, 'belief_calibration': True, 'partner_response_prediction_loss': False}"
active_null,pace_style,2004,factorized-identity-memory--active_null--identity,stochastic,exact_neural_policy_tree,79.68106091344197,0.3189405196431505,19.999998566914886,19.99999856691489,-3.552713678800501e-15,20.318939086558036,7.165425550681447e-08,0.0637881039286301,1.9999998566914887,0.26033420560464526,0.0,0.007973512991159254,,0.4999999641728722,0.5000727527117259,0.006010920240095197,,{'2': 0.9999999283457445},"{'policy_dri': True, 'active_frontier_distance': True, 'oracle_normalized_return': False, 'response_signature_accuracy': True, 'belief_calibration': True, 'partner_response_prediction_loss': False}"
active_null,pace_style,2005,factorized-identity-memory--active_null--identity,greedy,exact_neural_policy_tree,80.0,0.0,20.0,20.0,0.0,20.0,0.0,0.0,2.0,0.2780719051126377,0.0,0.0,,0.5,0.5000111949904547,0.002157794311642647,,{'2': 1.0},"{'policy_dri': True, 'active_frontier_distance': True, 'oracle_normalized_return': False, 'response_signature_accuracy': True, 'belief_calibration': True, 'partner_response_prediction_loss': False}"
active_null,pace_style,2005,factorized-identity-memory--active_null--identity,stochastic,exact_neural_policy_tree,79.77896993548141,0.2210310594430248,19.999999005075566,19.999999005075566,0.0,20.22103006451859,4.974622171971532e-08,0.04420621188860496,1.9999999005075566,0.2657793857219336,0.0,0.005525776486131602,,0.49999997512688915,0.5000128459512705,0.00227283632267955,,{'2': 0.9999999502537784},"{'policy_dri': True, 'active_frontier_distance': True, 'oracle_normalized_return': False, 'response_signature_accuracy': True, 'belief_calibration': True, 'partner_response_prediction_loss': False}"
active_null,pace_style,2006,factorized-identity-memory--active_null--identity,greedy,exact_neural_policy_tree,80.0,0.0,20.0,20.0,0.0,20.0,0.0,0.0,2.0,0.2780719051126377,0.0,0.0,,0.5,0.5009112410132714,0.021172836422920227,,{'2': 1.0},"{'policy_dri': True, 'active_frontier_distance': True, 'oracle_normalized_return': False, 'response_signature_accuracy': True, 'belief_calibration': True, 'partner_response_prediction_loss': False}"
active_null,pace_style,2006,factorized-identity-memory--active_null--identity,stochastic,exact_neural_policy_tree,79.80148871593332,0.1985102019760071,20.000001082090673,20.00000108209067,3.552713678800501e-15,20.19851128406668,-5.410453347565181e-08,0.03970204039520142,2.0000001082090675,0.26703189814803596,0.0,0.0049627550494739095,,0.5000000270522668,0.5009118656812911,0.021180413720098268,,{'2': 1.0000000541045335},"{'policy_dri': True, 'active_frontier_distance': True, 'oracle_normalized_return': False, 'response_signature_accuracy': True, 'belief_calibration': True, 'partner_response_prediction_loss': False}"
active_null,pace_style,2007,factorized-identity-memory--active_null--identity,greedy,exact_neural_policy_tree,80.0,0.0,20.0,20.0,0.0,20.0,0.0,0.0,2.0,0.2780719051126377,0.0,0.0,,0.5,0.5001554578717178,0.0063357967883348465,,{'2': 1.0},"{'policy_dri': True, 'active_frontier_distance': True, 'oracle_normalized_return': False, 'response_signature_accuracy': True, 'belief_calibration': True, 'partner_response_prediction_loss': False}"
active_null,pace_style,2007,factorized-identity-memory--active_null--identity,stochastic,exact_neural_policy_tree,79.78396881487134,0.21603269824434362,19.999998486884312,19.999998486884312,0.0,20.216031185128656,7.565578439283626e-08,0.043206539648868725,1.9999998486884314,0.26605735928140395,0.0,0.005400817456241066,,0.49999996217210785,0.5001546939894586,0.0063305427666583425,,{'2': 0.9999999243442157},"{'policy_dri': True, 'active_frontier_distance': True, 'oracle_normalized_return': False, 'response_signature_accuracy': True, 'belief_calibration': True, 'partner_response_prediction_loss': False}"
active_null,pace_style,2008,factorized-identity-memory--active_null--identity,greedy,exact_neural_policy_tree,80.0,0.0,20.0,20.0,0.0,20.0,0.0,0.0,2.0,0.2780719051126377,0.0,0.0,,0.5,0.5000120017933253,0.002392016351222992,,{'2': 1.0},"{'policy_dri': True, 'active_frontier_distance': True, 'oracle_normalized_return': False, 'response_signature_accuracy': True, 'belief_calibration': True, 'partner_response_prediction_loss': False}"
active_null,pace_style,2008,factorized-identity-memory--active_null--identity,stochastic,exact_neural_policy_tree,79.77350258511993,0.22649587725854098,20.000001537621532,20.000001537621532,0.0,20.226497414880072,-7.688107661607546e-08,0.045299175451708196,2.0000001537621532,0.26547549847321694,0.0,0.005662396931594005,,0.5000000384405383,0.5000118994753665,0.0023755586253036975,,{'2': 1.0000000768810768},"{'policy_dri': True, 'active_frontier_distance': True, 'oracle_normalized_return': False, 'response_signature_accuracy': True, 'belief_calibration': True, 'partner_response_prediction_loss': False}"
active_null,pace_style,2009,factorized-identity-memory--active_null--identity,greedy,exact_neural_policy_tree,80.0,0.0,20.0,20.0,0.0,20.0,0.0,0.0,2.0,0.2780719051126377,0.0,0.0,,0.5,0.5000583455868125,0.005048669874668121,,{'2': 1.0},"{'policy_dri': True, 'active_frontier_distance': True, 'oracle_normalized_return': False, 'response_signature_accuracy': True, 'belief_calibration': True, 'partner_response_prediction_loss': False}"
active_null,pace_style,2009,factorized-identity-memory--active_null--identity,stochastic,exact_neural_policy_tree,79.79366647043804,0.20633229985833168,20.000001229703628,20.000001229703628,0.0,20.20633352956196,-6.148518139070802e-08,0.041266459971666336,2.000000122970363,0.26659687906836355,0.0,0.005158307496549902,,0.5000000307425907,0.5000587366564899,0.005068464735920375,,{'2': 1.0000000614851814},"{'policy_dri': True, 'active_frontier_distance': True, 'oracle_normalized_return': False, 'response_signature_accuracy': True, 'belief_calibration': True, 'partner_response_prediction_loss': False}"
active_null,pace_style,2010,factorized-identity-memory--active_null--identity,greedy,exact_neural_policy_tree,80.0,0.0,20.0,20.0,0.0,20.0,0.0,0.0,2.0,0.2780719051126377,0.0,0.0,,0.5,0.5000078299067466,0.0014101043343544006,,{'2': 1.0},"{'policy_dri': True, 'active_frontier_distance': True, 'oracle_normalized_return': False, 'response_signature_accuracy': True, 'belief_calibration': True, 'partner_response_prediction_loss': False}"
active_null,pace_style,2010,factorized-identity-memory--active_null--identity,stochastic,exact_neural_policy_tree,79.7653902543278,0.23461011820122418,19.99999962747097,19.99999962747097,0.0,20.234609745672195,1.862645149230957e-08,0.046922023640244837,1.999999962747097,0.2650242034277618,0.0,0.005865252955037999,,0.49999999068677425,0.5000076554557686,0.0014099171666518417,,{'2': 0.9999999813735485},"{'policy_dri': True, 'active_frontier_distance': True, 'oracle_normalized_return': False, 'response_signature_accuracy': True, 'belief_calibration': True, 'partner_response_prediction_loss': False}"
